opportunity_id,account_id,brand,potential_revenue,first_event_date,last_event_date,created_at,event_count,unique_stage_count,stage_count,current_stage,outcome,duration_days,reversal_count,advance_count,same_stage_count,unmapped_transition_count,days_since_previous_event_last,Perfil da Escola,Porte Censo,Cluster,Score,Prioridade,EFAF_Censo__c,EFAI_Censo__c,EI_Censo__c,EM_Censo__c,BillingCity,BillingStateCode,Origem_do_cliente__c,Religiao_da_Escola__c,Rede__c,ID Consultor Comercial,Mensalidade_media__c,Vencimento de Contrato,Sistema de Ensino,Soma de Visitas Concluídas,specialist_record_count,specialist_actions,campaign_record_count,campaign_names,loss_record_count,loss_date_aux,loss_reasons_aux,target_won
006N400000AZoSRIA1,001N400000C8XpZIAV,Polígono,161441.0,2026-03-11,2026-04-27,2026-03-11 02:09:23,3,3,3,Validação pedagógica,open,47,0,2,0,0,0.0,,,,,,,,,,,,,,,,,,,,1.0,1 - Sim,,,1.0,2026-04-27,,
006N400000C3EFeIAN,001N400000DxyByIAJ,Poliedro,949049.12,2026-03-17,2026-06-15,2026-03-17 18:32:40,4,4,4,Oportunidade perdida,lost,90,0,3,0,0,31.0,Prospecção,750-1.000,C - Estruturação,575.0,Alta,277.0,309.0,62.0,127.0,São Paulo,SP,Censo Escolar 2021,Católica,,0056g0000034OkkAAE,R$ 2.000 a R$ 2.500,2027,FTD,3.0,1.0,3 - Não,,,1.0,2026-06-15,Satisfação com serviço do atual parceiro,0.0
006N400000KkLAnIAN,0014v00002uO7OMAA0,Poliedro,595118.69,2026-03-04,2026-03-18,2026-03-04 15:31:14,12,12,12,Contrato assinado,won,14,1,10,0,0,14.0,Prospecção,Acima de 1.000,A - Referência,825.0,Alta,562.0,737.0,112.0,288.0,Campinas,SP,Censo Escolar 2021,Evangélica,,0054v00000EkXMDAA3,R$ 500 a R$ 1.000,2026,Positivo,19.0,1.0,1 - Sim,,,1.0,2026-03-18,,1.0
006N400000Lv4yrIAB,001N400000NlDJqIAN,Poliedro,0.0,2026-08-14,2026-08-14,2026-08-14 15:24:45,1,1,1,Solicitação de material,open,0,0,0,0,0,,,,,,,,,,,,,,,,,,,,,1.0,3 - Não,,,1.0,2026-08-14,,
006N400000MWOfOIAX,001N400000AbqbNIAR,Polígono,90706.92,2026-04-28,2026-06-25,2026-04-28 23:26:56,4,4,4,Oportunidade perdida,lost,58,0,3,0,0,28.0,Prospecção,0-250,C - Estruturação,500.0,Não prioritária,0.0,96.0,36.0,0.0,Balsas,MA,Censo Escolar 2021,Não segue orientação religiosa específica,,0054v00000DjxE1AAJ,R$ 100 a R$ 500,2027,Somos,6.0,1.0,3 - Não,,,1.0,2026-06-25,Existe um contrato de longo prazo,0.0
006N400000Mgk9uIAB,001N400000NlF3TIAV,Polígono,0.0,2026-06-18,2026-07-06,2026-06-18 20:40:07,2,2,2,Oportunidade perdida,lost,18,0,1,0,0,18.0,,,,,,,,,,,,,,,,,,,,1.0,3 - Não,1.0,Inbound Polígono 2026,1.0,2026-07-06,Preço de venda abaixo do perfil do sistema de ensino,0.0
006N400000MmTXjIAN,0014v00002NCIHnAAP,Poliedro,1715674.8,2026-03-04,2026-03-12,2026-03-04 15:11:29,2,2,2,Oportunidade perdida,lost,8,0,1,0,0,8.0,Prospecção,750-1.000,A - Referência,850.0,Alta,382.0,548.0,62.0,0.0,Rio de Janeiro,RJ,Censo Escolar 2019,Não segue orientação religiosa específica,Colegio Instituto Marcos Freitas - Imf S/S Ltda,0054v00000DvfXIAAZ,R$ 1.500 a R$ 2.000,2026,SAE Digital,2.0,1.0,3 - Não,,,1.0,2026-03-12,Satisfação com serviço do atual parceiro,0.0
006N400000RmlDBIAZ,001N400000MzohkIAB,Poliedro,219109.24,2026-03-04,2026-05-13,2026-03-04 15:11:29,4,4,4,Oportunidade perdida,lost,70,0,3,0,0,14.0,,,,,,,,,,,,,,,,,,,,1.0,2 - Agendado,,,1.0,2026-05-13,Satisfação com serviço do atual parceiro,0.0
006N400000SnRLYIA3,001N400000ZQiuMIAT,Poliedro,119087.82,2026-03-04,2026-04-23,2026-03-04 15:11:29,12,12,12,Contrato assinado,won,50,1,10,0,0,0.0,Prospecção,0-250,C - Estruturação,625.0,Alta,47.0,54.0,25.0,0.0,Paraúna,GO,Censo Escolar/Fale conosco,,,0056g0000034OkWAAU,Sem informação,2026,SAE Digital,1.0,1.0,1 - Sim,1.0,Inbound Poliedro 2025,1.0,2026-04-23,,1.0
006N400000SnZEIIA3,001N400000C0qu9IAB,Poliedro,428643.21,2026-03-04,2026-04-10,2026-03-04 15:11:29,2,2,2,Oportunidade perdida,lost,37,0,1,0,0,37.0,Prospecção,250-500,B - Aceleração,700.0,Média,106.0,136.0,17.0,29.0,Palmeiras de Goiás,GO,Censo Escolar 2021,Não segue orientação religiosa específica,,005N400000PA8nVIAT,R$ 1.000 a R$ 1.500,2028,Bernoulli,1.0,1.0,3 - Não,,,1.0,2026-04-10,Satisfação com serviço do atual parceiro,0.0
006N400000SncDhIAJ,0014v00002dsxoDAAQ,Poliedro,191490.12,2026-03-04,2026-05-14,2026-03-04 15:11:29,3,3,3,Oportunidade perdida,lost,71,0,2,0,0,36.0,Prospecção,0-250,B - Aceleração,675.0,Baixa,32.0,90.0,31.0,0.0,Goianésia,GO,Censo Escolar 2019,Não segue orientação religiosa específica,,005N400000PA8nVIAT,R$ 1.000 a R$ 1.500,2026,Bernoulli,5.0,1.0,3 - Não,,,1.0,2026-05-14,Satisfação com serviço do atual parceiro,0.0
006N400000SqJPpIAN,0014v00002qjwSUAAY,Polígono,1184003.9,2026-03-04,2026-05-25,2026-03-04 15:45:47,11,11,11,Enviado para a assinatura,open,82,1,9,0,0,0.0,Prospecção,750-1.000,B - Aceleração,650.0,Alta,486.0,225.0,0.0,233.0,Jacareí,SP,Censo Escolar 2021,Não segue orientação religiosa específica,,005N40000035sinIAA,R$ 1.000 a R$ 1.500,2026,Livros Didáticos,13.0,1.0,3 - Não,2.0,Estudo de Geomarketing | Imersão 2026-02-26,1.0,2026-05-25,,
006N400000Sr6wtIAB,0014v00002RjEdlAAF,Poliedro,1481014.0,2026-03-04,2026-06-26,2026-03-04 15:11:29,4,4,4,Oportunidade perdida,lost,114,0,3,0,0,43.0,Prospecção,Acima de 1.000,A - Referência,900.0,Alta,554.0,651.0,117.0,400.0,Itajaí,SC,Censo Escolar 2019,Não segue orientação religiosa específica,Fundacao Universidade Do Vale Do Itajai,005N400000PJiOjIAL,R$ 1.000 a R$ 1.500,2027,Geekie One,5.0,1.0,1 - Sim,1.0,Inbound Poliedro 2025,1.0,2026-06-26,,0.0
006N400000SrEmIIAV,0014v00002SKwkZAAT,Poliedro,1291289.0,2026-03-06,2026-05-22,2026-03-06 21:34:11,7,7,7,Oportunidade perdida,lost,77,0,6,0,0,7.0,Prospecção,750-1.000,B - Aceleração,750.0,Alta,319.0,396.0,70.0,111.0,Florianópolis,SC,Censo Escolar 2019,Não segue orientação religiosa específica,,005N400000PJiOjIAL,R$ 1.000 a R$ 1.500,Sem Dados,SAS,4.0,1.0,3 - Não,2.0,Conexões 13/04 a 15/04 | Estudo de Geomarketing,2.0,2026-05-05,Pacote agressivo de benefícios do concorrente | Perda automática por higienização,0.0
006N400000SwHYGIA3,001N400000BTMtFIAX,Poliedro,403300.1,2026-03-04,2026-05-12,2026-03-04 15:11:29,4,4,4,Oportunidade perdida,lost,69,0,3,0,0,34.0,Prospecção,0-250,B - Aceleração,750.0,Média,0.0,0.0,0.0,53.0,Jaciara,MT,Censo Escolar 2021,Não segue orientação religiosa específica,,005N400000PA8nVIAT,R$ 1.000 a R$ 1.500,2026,Amplia,4.0,1.0,3 - Não,,,1.0,2026-05-12,Satisfação com serviço do atual parceiro,0.0
006N400000T2v9eIAB,0014v00002OycZzAAJ,Poliedro,0.0,2026-03-04,2026-05-06,2026-03-04 15:11:29,3,3,3,Oportunidade perdida,lost,63,0,2,0,0,48.0,Prospecção,500-750,A - Referência,875.0,Alta,213.0,260.0,84.0,106.0,Barbalha,CE,Censo Escolar 2019,Não segue orientação religiosa específica,Centro De Melhoramento,005N400000P9zIoIAJ,R$ 1.000 a R$ 1.500,2027,Anglo,3.0,1.0,3 - Não,1.0,Diálogos Juazeiro do Norte 2026-05-27,1.0,2026-05-06,Satisfação com serviço do atual parceiro,0.0
006N400000T7VrGIAV,0014v00002mxJujAAE,Conviver,186220.12,2026-03-04,2026-03-04,2026-03-04 15:11:29,1,1,1,Solicitação de material,open,0,0,0,0,0,,Prospecção,500-750,A - Referência,825.0,Alta,162.0,220.0,43.0,83.0,Itapema,SC,Censo Escolar 2021,Não segue orientação religiosa específica,,005N400000PJiOjIAL,R$ 100 a R$ 500,2026,COC,2.0,1.0,3 - Não,,,2.0,2026-08-03,Satisfação com serviço do atual parceiro,
006N400000TH6ebIAD,0016g00000PKDorAAH,Poliedro,1428765.06,2026-03-26,2026-05-12,2026-03-26 05:19:08,3,3,3,Validação pedagógica,open,47,0,2,0,0,47.0,Prospecção,Acima de 1.000,A - Referência,875.0,Alta,392.0,582.0,169.0,275.0,Curitiba,PR,Censo Escolar 2019,Católica,,005N400000Q8sVmIAJ,R$ 1.000 a R$ 1.500,2027,Bernoulli,1.0,1.0,3 - Não,2.0,Diálogos Curitiba 2026-04-23 | Estudo de Geomarketing,1.0,2026-05-12,,
006N400000TXKHAIA5,0014v00002Nso0WAAR,Poliedro,2148178.1,2025-09-19,2026-05-18,2025-09-19 13:17:12,2,2,2,Oportunidade perdida,lost,241,0,1,0,0,241.0,Prospecção,Acima de 1.000,A - Referência,850.0,Alta,643.0,663.0,91.0,407.0,Canoas,RS,Censo Escolar 2019,Católica,Rede La Salle,005N40000035kTVIAY,R$ 1.500 a R$ 2.000,2026,Positivo,2.0,1.0,3 - Não,,,1.0,2026-05-18,Satisfação com serviço do atual parceiro,0.0
006N400000TXiZSIA1,0014v00002hv7iVAAQ,Poliedro,1281646.71,2026-03-04,2026-07-29,2026-03-04 15:11:29,6,6,6,Oportunidade perdida,lost,147,0,5,0,0,75.0,Prospecção,Acima de 1.000,A - Referência,875.0,Alta,386.0,472.0,154.0,204.0,Balsas,MA,Censo Escolar 2021,Não segue orientação religiosa específica,,0054v00000DjxE1AAJ,R$ 500 a R$ 1.000,2026,COC,9.0,1.0,3 - Não,1.0,Relatório Enem,1.0,2026-07-29,Satisfação com serviço do atual parceiro,0.0
006N400000TYrE5IAL,0014v00002oKAlgAAG,Poliedro,1710403.22,2026-03-04,2026-06-23,2026-03-04 15:11:29,12,12,12,Contrato assinado,won,111,1,10,0,0,35.0,Prospecção,0-250,A - Referência,875.0,Alta,0.0,0.0,0.0,231.0,Indaiatuba,SP,Censo Escolar 2021,,Parque Ecologico Educacao Ltda,0054v00000EkXMDAA3,R$ 1.000 a R$ 1.500,2026,Geekie One,21.0,1.0,1 - Sim,1.0,Relatório Enem,2.0,2026-06-23,Satisfação com serviço do atual parceiro,1.0
006N400000TYrKYIA1,0014v00002lqVO3AAM,Polígono,278286.1,2026-03-04,2026-06-23,2026-03-04 15:11:29,12,12,12,Contrato assinado,won,111,1,10,0,0,35.0,Prospecção,250-500,B - Aceleração,650.0,Alta,136.0,136.0,38.0,0.0,Indaiatuba,SP,Censo Escolar 2021,,,0054v00000EkXMDAA3,R$ 500 a R$ 1.000,2026,Geekie One,15.0,1.0,1 - Sim,,,2.0,2026-06-23,Satisfação com serviço do atual parceiro,1.0
006N400000TnjGDIAZ,0016g00000Nu1jPAAR,Poliedro,2395401.95,2026-03-16,2026-06-08,2026-03-16 18:23:05,4,4,4,Oportunidade perdida,lost,84,0,3,0,0,26.0,Prospecção,Acima de 1.000,A - Referência,900.0,Alta,709.0,803.0,162.0,443.0,São José,SC,Censo Escolar 2019,Católica,Servas De Maria Reparadoras,005N40000035kTVIAY,R$ 1.500 a R$ 2.000,2026,Livros Didáticos,5.0,1.0,1 - Sim,2.0,Conexões 13/04 a 15/04 | Estudo de Geomarketing,1.0,2026-06-08,Pacote agressivo de benefícios do concorrente,0.0
006N400000U7lNYIAZ,001N400000agGreIAE,Polígono,137183.04,2026-06-18,2026-08-14,2026-06-18 20:31:40,5,5,5,Oportunidade perdida,lost,57,0,4,0,0,0.0,,,,,,,,,,,,,,,,,,,,1.0,3 - Não,,,1.0,2026-08-14,Satisfação com serviço do atual parceiro,0.0
006N400000UM1cEIAT,0014v00002pSbzVAAS,Poliedro,670579.13,2026-03-04,2026-04-06,2026-03-04 15:41:22,6,6,6,Oportunidade perdida,lost,33,0,5,0,0,0.0,Prospecção,500-750,B - Aceleração,775.0,Alta,152.0,289.0,95.0,0.0,Timóteo,MG,Censo Escolar 2021,,Primeira Igreja Batista De Acesita,0054v00000EkfjPAAR,R$ 1.000 a R$ 1.500,2030,Farias Brito,6.0,1.0,3 - Não,,,1.0,2026-04-06,Pacote agressivo de benefícios do concorrente,0.0
006N400000UMTwXIAX,001N400000B3EmVIAV,Poliedro,430293.9,2026-03-04,2026-04-06,2026-03-04 15:41:52,6,6,6,Oportunidade perdida,lost,33,0,5,0,0,0.0,Prospecção,0-250,B - Aceleração,675.0,Alta,171.0,0.0,0.0,22.0,Timóteo,MG,Censo Escolar 2021,,Primeira Igreja Batista De Acesita,0054v00000EkfjPAAR,R$ 1.000 a R$ 1.500,2030,Farias Brito,4.0,1.0,3 - Não,,,1.0,2026-04-06,Pacote agressivo de benefícios do concorrente,0.0
006N400000UhX4HIAV,001N400000MHgeFIAT,Poliedro,1584859.5,2026-03-04,2026-08-04,2026-03-04 15:42:34,6,6,6,Oportunidade perdida,lost,153,0,5,0,0,74.0,Prospecção,Acima de 1.000,C - Estruturação,500.0,Alta,372.0,408.0,0.0,275.0,São Paulo,SP,Censo Escolar/Fale conosco,Não segue orientação religiosa específica,,005N400000Dj7E2IAJ,Sem informação,2031,Bernoulli,29.0,1.0,1 - Sim,3.0,Diálogos GEduc 2026-03-26 | Estudo de Geomarketing | Inbound Poliedro 2025,2.0,2026-08-04,Pacote agressivo de benefícios do concorrente,0.0
006N400000UlpdqIAB,001N400000CKbXkIAL,Poliedro,804767.61,2026-03-04,2026-03-10,2026-03-04 15:47:35,5,5,5,Oportunidade perdida,lost,6,0,4,0,0,6.0,Prospecção,500-750,B - Aceleração,750.0,Alta,213.0,310.0,80.0,71.0,Campinas,SP,Censo Escolar/Fale conosco,,,0054v00000EkXMDAA3,R$ 500 a R$ 1.000,2027,SAS,2.0,1.0,2 - Agendado,,,1.0,2026-03-10,Escola parou de responder,0.0
006N400000UmELxIAN,001N400000KZ0g1IAD,Polígono,120824.08,2026-03-04,2026-04-06,2026-03-04 15:11:29,12,12,12,Contrato assinado,won,33,1,10,0,0,0.0,Prospecção,0-250,C - Estruturação,525.0,Alta,69.0,95.0,28.0,40.0,Guarapuava,PR,Censo Escolar 2021,Católica,,005N400000OeNBQIA3,Sem informação,2026,Aude,4.0,1.0,3 - Não,2.0,Estudo de Geomarketing | Imersão 2026-04-09,1.0,2026-04-06,,1.0
006N400000UmmSVIAZ,0014v00002Zi6YjAAJ,Polígono,740569.29,2026-03-04,2026-08-09,2026-03-04 15:48:09,5,5,5,Oportunidade perdida,lost,158,1,3,0,0,81.0,Prospecção,250-500,B - Aceleração,725.0,Alta,169.0,185.0,34.0,0.0,Araras,SP,Censo Escolar 2019,Não segue orientação religiosa específica,,0054v00000EkXMDAA3,R$ 1.000 a R$ 1.500,2026,COC,5.0,1.0,1 - Sim,,,2.0,2026-08-09,,0.0
006N400000UsiPYIAZ,0016g00000CxYEIAA3,Poliedro,1190265.28,2025-10-23,2026-04-28,2025-10-23 12:56:36,3,3,3,Oportunidade perdida,lost,187,0,2,0,0,0.0,Prospecção,Acima de 1.000,C - Estruturação,625.0,Alta,631.0,472.0,0.0,509.0,Curitiba,PR,Censo Escolar 2019,Católica,Rede OSJ - Oblatos de São José,005N40000035kTVIAY,R$ 1.000 a R$ 1.500,2028,Positivo,1.0,1.0,3 - Não,1.0,Encontro de Lideranças Católicas,2.0,2026-04-28,,0.0
006N400000UwlQHIAZ,001N400000DPx3uIAD,Polígono,350282.4,2026-03-04,2026-08-14,2026-03-04 15:11:29,4,4,4,Oportunidade perdida,lost,163,0,3,0,0,128.0,Prospecção,750-1.000,B - Aceleração,775.0,Alta,410.0,395.0,93.0,0.0,Duque de Caxias,RJ,Censo Escolar 2021,Não segue orientação religiosa específica,,005N400000DAfNPIA1,R$ 500 a R$ 1.000,2027,FTD,12.0,1.0,3 - Não,,,2.0,2026-08-14,Satisfação com serviço do atual parceiro,0.0
006N400000V7VzhIAF,0014v00002oLVvmAAG,Polígono,163951.95,2026-03-04,2026-04-10,2026-03-04 15:46:15,5,5,5,Oportunidade perdida,lost,37,0,4,0,0,37.0,Prospecção,250-500,C - Estruturação,500.0,Alta,140.0,157.0,41.0,0.0,São Paulo,SP,Censo Escolar 2021,Não segue orientação religiosa específica,,005N40000035sinIAA,R$ 1.000 a R$ 1.500,2026,SAE Digital,8.0,1.0,3 - Não,,,1.0,2026-03-04,,0.0
006N400000V7sZkIAJ,001N400000MdaGgIAJ,Conviver,256539.53,2026-03-04,2026-08-04,2026-03-04 15:11:29,6,6,6,Oportunidade perdida,lost,153,0,5,0,0,32.0,Prospecção,750-1.000,B - Aceleração,725.0,Alta,363.0,444.0,0.0,28.0,Sete Lagoas,MG,Censo Escolar 2021,Não segue orientação religiosa específica,,005N400000Dj7E2IAJ,R$ 1.000 a R$ 1.500,2031,Bernoulli,18.0,1.0,1 - Sim,2.0,Diálogos GEduc 2026-03-26 | Estudo de Geomarketing,2.0,2026-08-04,Pacote agressivo de benefícios do concorrente,0.0
006N400000V7ytfIAB,001N400000MdaGgIAJ,Poliedro,588402.54,2026-03-04,2026-08-04,2026-03-04 15:11:29,6,6,6,Oportunidade perdida,lost,153,0,5,0,0,74.0,Prospecção,750-1.000,B - Aceleração,725.0,Alta,363.0,444.0,0.0,28.0,Sete Lagoas,MG,Censo Escolar 2021,Não segue orientação religiosa específica,,005N400000Dj7E2IAJ,R$ 1.000 a R$ 1.500,2031,Bernoulli,18.0,1.0,1 - Sim,2.0,Diálogos GEduc 2026-03-26 | Estudo de Geomarketing,2.0,2026-08-04,Pacote agressivo de benefícios do concorrente,0.0
006N400000VDpUZIA1,001N400000JTa0OIAT,Polígono,145229.1,2026-03-04,2026-06-01,2026-03-04 15:11:29,6,6,6,Negociação e ajuste financeiro,open,89,0,5,0,0,48.0,Prospecção,250-500,B - Aceleração,650.0,Alta,83.0,63.0,10.0,105.0,Rio de Janeiro,RJ,Censo Escolar 2021,Não segue orientação religiosa específica,,005N400000DAfNPIA1,R$ 500 a R$ 1.000,2026,Anglo,16.0,1.0,3 - Não,1.0,Relatório Enem,1.0,2026-06-01,,
006N400000VKf2gIAD,001N400000d97YcIAI,Poliedro,27496.6,2026-03-04,2026-06-16,2026-03-04 15:11:29,4,4,4,Oportunidade perdida,lost,104,0,3,0,0,32.0,Prospecção,Sem Dados,D - Capilaridade,475.0,Não prioritária,0.0,0.0,0.0,0.0,Bragança Paulista,SP,Fale Conosco,Católica,,0056g0000034OkkAAE,Sem informação,Sem Dados,Livros Didáticos,,1.0,3 - Não,1.0,Inbound Poliedro 2025,1.0,2026-06-16,Renovou com atual parceiro,0.0
006N400000VROxIIAX,0014v00002drJsRAAU,Poliedro,351851.0,2026-03-04,2026-05-15,2026-03-04 15:11:29,4,4,4,Oportunidade perdida,lost,72,0,3,0,0,9.0,Prospecção,750-1.000,C - Estruturação,625.0,Não prioritária,330.0,510.0,141.0,0.0,Caucaia,CE,Censo Escolar 2019,,,005N400000P9zIoIAJ,R$ 0 a R$ 500,2027,FTD,3.0,1.0,3 - Não,,,1.0,2026-05-15,Existe um contrato de longo prazo,0.0
006N400000VRRGsIAP,0014v00002NrgUHAAZ,Poliedro,833720.7,2026-03-04,2026-05-06,2026-03-04 15:11:29,4,4,4,Oportunidade perdida,lost,63,0,3,0,0,14.0,Prospecção,750-1.000,A - Referência,900.0,Alta,292.0,416.0,156.0,116.0,Caucaia,CE,Censo Escolar 2019,Não segue orientação religiosa específica,,005N400000P9zIoIAJ,R$ 1.500 a R$ 2.000,2029,Farias Brito,5.0,1.0,1 - Sim,2.0,Diálogos Bett Brasil 2026-05-07 | Diálogos Fortaleza 2026-04-16,1.0,2026-05-06,Satisfação com serviço do atual parceiro,0.0
006N400000VRpSoIAL,0014v00002gjPWzAAM,Poliedro,422307.56,2026-03-04,2026-06-08,2026-03-04 15:11:29,4,4,4,Oportunidade perdida,lost,96,0,3,0,0,33.0,Prospecção,250-500,B - Aceleração,700.0,Alta,101.0,249.0,102.0,0.0,Caucaia,CE,Censo Escolar 2021,Não segue orientação religiosa específica,,005N400000P9zIoIAJ,R$ 100 a R$ 500,2027,SAS,4.0,1.0,3 - Não,,,1.0,2026-06-08,Existe um contrato de longo prazo,0.0
006N400000VXCYPIA5,001N400000B1ptPIAR,Poliedro,358000.0,2026-03-04,2026-07-30,2026-03-04 15:11:29,6,6,6,Negociação e ajuste financeiro,open,148,0,5,0,0,44.0,Prospecção,Acima de 1.000,B - Aceleração,725.0,Alta,394.0,551.0,169.0,0.0,Juazeiro do Norte,CE,Censo Escolar 2021,Não segue orientação religiosa específica,Colegio Paraiso S/Simples Ltda,005N400000P9zIoIAJ,R$ 1.000 a R$ 1.500,2026,FTD,5.0,1.0,1 - Sim,,,1.0,2026-07-30,,
006N400000VXhCPIA1,001N400000JZr9pIAD,Poliedro,741425.12,2026-03-04,2026-05-06,2026-03-04 15:11:29,4,4,4,Oportunidade perdida,lost,63,0,3,0,0,0.0,Prospecção,500-750,B - Aceleração,750.0,Alta,166.0,353.0,110.0,0.0,Maracanaú,CE,Censo Escolar 2021,Não segue orientação religiosa específica,,005N400000P9zIoIAJ,R$ 100 a R$ 500,2029,Santillana,2.0,1.0,3 - Não,,,1.0,2026-05-06,Pacote agressivo de benefícios do concorrente,0.0
006N400000VdD6tIAF,001N400000BK5erIAD,Poliedro,1171949.88,2026-03-04,2026-05-14,2026-03-04 15:11:29,7,7,7,Oportunidade perdida,lost,71,0,6,0,0,1.0,Prospecção,Acima de 1.000,A - Referência,925.0,Alta,1021.0,1113.0,226.0,329.0,Goiânia,GO,Censo Escolar 2021,Católica,SAEA - Sociedade Agostiniana de Educação e Assistência,005N40000035kTVIAY,R$ 1.500 a R$ 2.000,2026,Anglo,6.0,1.0,3 - Não,2.0,Imersão 2026-03-10 | Relatório Enem,1.0,2026-05-14,Existe um contrato de longo prazo,0.0
006N400000VdZXBIA3,001N4000009EeICIA0,Poliedro,1972079.56,2026-03-04,2026-06-29,2026-03-04 15:11:29,12,12,12,Contrato assinado,won,117,1,10,0,0,17.0,Prospecção,Acima de 1.000,A - Referência,800.0,Alta,595.0,564.0,232.0,343.0,Cuiabá,MT,Censo Escolar 2021,Católica,Rede Azul,005N40000035kTVIAY,R$ 1.500 a R$ 2.000,2027,SAS,15.0,1.0,1 - Sim,3.0,Imersão 2026-03-31 | Imersão 2026-06-26 | Relatório Enem,2.0,2026-06-30,,1.0
006N400000VgZpBIAV,001N400000NlFhTIAV,Polígono,194517.6,2026-03-04,2026-05-26,2026-03-04 15:11:29,5,5,5,Oportunidade perdida,lost,83,0,4,0,0,4.0,Prospecção,0-250,C - Estruturação,525.0,Não prioritária,42.0,121.0,43.0,0.0,Juiz de Fora,MG,Censo Escolar 2023,Não segue orientação religiosa específica,,005N400000DAfNPIA1,R$ 0 a R$ 500,2029,PH,5.0,1.0,3 - Não,2.0,Estudo de Geomarketing | Inbound Polígono 2025,1.0,2026-05-26,Pacote agressivo de benefícios do concorrente,0.0
006N400000VlNAeIAN,001N400000NlAVUIA3,Polígono,111195.46,2026-03-04,2026-08-10,2026-03-04 15:11:29,4,4,4,Oportunidade perdida,lost,159,0,3,0,0,55.0,Prospecção,0-250,C - Estruturação,625.0,Alta,60.0,95.0,37.0,0.0,Crato,CE,Censo Escolar 2023,Não segue orientação religiosa específica,,005N400000P9zIoIAJ,R$ 100 a R$ 500,2027,SAE Digital,5.0,1.0,3 - Não,2.0,Diálogos Juazeiro do Norte 2026-05-27 | Estudo de Geomarketing,2.0,2026-08-09,Pacote agressivo de benefícios do concorrente,0.0
006N400000VmZZXIA3,001N400000KKD5hIAH,Polígono,56863.8,2026-03-04,2026-03-23,2026-03-04 15:11:29,3,3,3,Oportunidade perdida,lost,19,0,2,0,0,10.0,Prospecção,0-250,C - Estruturação,625.0,Alta,77.0,102.0,30.0,0.0,Juiz de Fora,MG,Censo Escolar/Fale conosco,,,005N400000DAfNPIA1,R$ 500 a R$ 1.000,2026,Maxi,1.0,1.0,3 - Não,1.0,Inbound Polígono 2025,1.0,2026-03-23,Escola encerrou suas atividades,0.0
006N400000Vmd3dIAB,001N400000aW20RIAS,Polígono,46225.4,2026-03-04,2026-04-08,2026-03-04 15:11:29,3,3,3,Oportunidade perdida,lost,35,0,2,0,0,26.0,Prospecção,0-250,B - Aceleração,650.0,Alta,0.0,64.0,32.0,0.0,Ouro Preto,MG,Censo Escolar/Fale conosco,,,005N400000DAfNPIA1,R$ 500 a R$ 1.000,2026,Livros Didáticos,2.0,1.0,3 - Não,2.0,Inbound Poliedro 2025 | Inbound Polígono 2025,1.0,2026-04-08,Escola parou de responder,0.0
006N400000VyqpzIAB,001N400000AcFl6IAF,Polígono,0.0,2026-03-04,2026-03-04,2026-03-04 15:11:29,1,1,1,Solicitação de material,open,0,0,0,0,0,,Prospecção,500-750,C - Estruturação,625.0,Alta,133.0,247.0,93.0,36.0,Toritama,PE,Censo Escolar 2021,Não segue orientação religiosa específica,,005N400000DAk0TIAT,R$ 100 a R$ 500,2026,Conquista,,1.0,3 - Não,,,1.0,2026-03-04,,
006N400000W1fI5IAJ,001N400000EY4qkIAD,Polígono,0.0,2026-03-04,2026-03-04,2026-03-04 15:11:29,1,1,1,Solicitação de material,open,0,0,0,0,0,,Prospecção,500-750,B - Aceleração,650.0,Não prioritária,201.0,253.0,120.0,0.0,Lagoa de Itaenga,PE,Censo Escolar 2021,Não segue orientação religiosa específica,,0056g0000034OkZAAU,R$ 100 a R$ 500,2026,Conquista,,1.0,3 - Não,,,1.0,2026-03-04,,
006N400000WC1XOIA1,001N400000BD38FIAT,Polígono,0.0,2026-03-04,2026-03-04,2026-03-04 15:11:29,1,1,1,Solicitação de material,open,0,0,0,0,0,,Prospecção,250-500,B - Aceleração,725.0,Alta,141.0,118.0,31.0,116.0,Maceió,AL,Censo Escolar 2021,Não segue orientação religiosa específica,,0056g0000034OkZAAU,R$ 0 a R$ 500,2026,Pitágoras,,1.0,3 - Não,,,1.0,2026-03-04,,
006N400000WEB4QIAX,0014v00002lpzkvAAA,Polígono,155489.86,2026-03-04,2026-05-15,2026-03-04 15:11:29,12,12,12,Contrato assinado,won,72,1,10,0,0,0.0,Prospecção,250-500,B - Aceleração,725.0,Alta,214.0,0.0,0.0,46.0,São José,SC,Censo Escolar 2021,Não segue orientação religiosa específica,,0054v00000EkfjPAAR,R$ 2.500 a R$ 3.000,2026,SAS,12.0,1.0,1 - Sim,1.0,Imersão 2026-03-18,2.0,2026-05-15,,1.0
006N400000WGvZQIA1,001N400000E619gIAB,Polígono,183893.12,2026-03-04,2026-06-29,2026-03-04 15:11:29,4,4,4,Oportunidade perdida,lost,117,0,3,0,0,31.0,Prospecção,0-250,C - Estruturação,600.0,Média,64.0,103.0,16.0,0.0,São Paulo,SP,Censo Escolar 2021,Não segue orientação religiosa específica,,005N40000035sinIAA,R$ 500 a R$ 1.000,2026,Positivo,8.0,1.0,3 - Não,,,1.0,2026-06-29,Satisfação com serviço do atual parceiro,0.0
006N400000WHHOkIAP,001N400000C3tIsIAJ,Poliedro,800979.1,2026-03-04,2026-06-22,2026-03-04 15:11:29,3,3,3,Validação pedagógica,open,110,0,2,0,0,0.0,Prospecção,Acima de 1.000,A - Referência,825.0,Alta,537.0,560.0,152.0,383.0,Mossoró,RN,Censo Escolar 2021,Não segue orientação religiosa específica,,0056g00000468kkAAA,R$ 1.000 a R$ 1.500,2027,SAS,3.0,1.0,3 - Não,2.0,Encontro de Lideranças Católicas | Relatório Enem,1.0,2026-06-22,,
006N400000WKfJ9IAL,0014v00002NsU6xAAF,Poliedro,507000.0,2026-03-04,2026-06-18,2026-03-04 15:11:29,6,6,6,Negociação e ajuste financeiro,open,106,0,5,0,0,7.0,Prospecção,500-750,B - Aceleração,650.0,Alta,0.0,368.0,173.0,0.0,Tianguá,CE,Censo Escolar 2019,Católica,,005N400000P9zIoIAJ,R$ 500 a R$ 1.000,2026,Pitágoras,12.0,1.0,1 - Sim,1.0,Diálogos Bett Brasil 2026-05-07,1.0,2026-06-18,,
006N400000WKfmBIAT,0016g00000eT4GyAAK,Poliedro,784116.0,2026-03-04,2026-04-08,2026-03-04 15:11:29,2,2,2,Oportunidade perdida,lost,35,0,1,0,0,35.0,Prospecção,Acima de 1.000,A - Referência,975.0,Alta,335.0,358.0,90.0,246.0,Crato,CE,Censo Escolar 2019,Não segue orientação religiosa específica,Fundacao Padre Ibiapina,005N400000P9zIoIAJ,R$ 1.000 a R$ 1.500,2026,SAS,3.0,1.0,3 - Não,,,2.0,2026-07-14,Existe um contrato de longo prazo,0.0
006N400000WLZ3ZIAX,0014v00002Zi6YjAAJ,Poliedro,632446.48,2026-03-04,2026-05-19,2026-03-04 15:11:32,2,2,2,Oportunidade perdida,lost,76,0,1,0,0,76.0,Prospecção,250-500,B - Aceleração,725.0,Alta,169.0,185.0,34.0,0.0,Araras,SP,Censo Escolar 2019,Não segue orientação religiosa específica,,0054v00000EkXMDAA3,R$ 1.000 a R$ 1.500,2026,COC,5.0,1.0,1 - Sim,,,2.0,2026-08-09,,0.0
006N400000Wo6SpIAJ,0014v00002m6NHRAA2,Polígono,253637.4,2026-03-04,2026-03-10,2026-03-04 15:11:32,2,2,2,Oportunidade perdida,lost,6,0,1,0,0,6.0,Prospecção,250-500,C - Estruturação,625.0,Média,115.0,130.0,36.0,59.0,Espírito Santo do Pinhal,SP,Censo Escolar 2021,,,0054v00000EkXMDAA3,R$ 500 a R$ 1.000,2027,COC,11.0,1.0,1 - Sim,1.0,Estudo de Geomarketing,2.0,2026-06-03,,0.0
006N400000WozDxIAJ,001N400000NlEyWIAV,Polígono,546046.56,2026-03-04,2026-03-10,2026-03-04 15:11:32,2,2,2,Oportunidade perdida,lost,6,0,1,0,0,6.0,Prospecção,750-1.000,A - Referência,825.0,Alta,288.0,308.0,56.0,121.0,São João da Boa Vista,SP,Censo Escolar 2023,Não segue orientação religiosa específica,,0054v00000EkXMDAA3,R$ 500 a R$ 1.000,2027,COC,14.0,1.0,1 - Sim,2.0,Conexões 13/04 a 15/04 | Estudo de Geomarketing,2.0,2026-06-03,,0.0
006N400000WqgAPIAZ,0014v00002giNAeAAM,Poliedro,273606.5,2026-04-02,2026-05-13,2026-04-02 12:24:04,3,3,3,Validação pedagógica,open,41,0,2,0,0,0.0,Prospecção,500-750,B - Aceleração,725.0,Alta,168.0,182.0,83.0,111.0,Paranaguá,PR,Censo Escolar/Fale conosco,Católica,,005N40000035kTVIAY,R$ 1.000 a R$ 1.500,2027,Anglo,10.0,1.0,1 - Sim,,,2.0,2026-06-11,,
006N400000WrKKlIAN,001N400000NlEyWIAV,Poliedro,837856.9,2026-03-04,2026-06-03,2026-03-04 15:11:32,6,6,6,Negociação e ajuste financeiro,open,91,0,5,0,0,0.0,Prospecção,750-1.000,A - Referência,825.0,Alta,288.0,308.0,56.0,121.0,São João da Boa Vista,SP,Censo Escolar 2023,Não segue orientação religiosa específica,,0054v00000EkXMDAA3,R$ 500 a R$ 1.000,2027,COC,14.0,1.0,1 - Sim,2.0,Conexões 13/04 a 15/04 | Estudo de Geomarketing,2.0,2026-06-03,,
006N400000WrSqAIAV,0014v00002m6NHRAA2,Poliedro,430702.27,2026-03-04,2026-06-03,2026-03-04 15:11:32,6,6,6,Negociação e ajuste financeiro,open,91,0,5,0,0,0.0,Prospecção,250-500,C - Estruturação,625.0,Média,115.0,130.0,36.0,59.0,Espírito Santo do Pinhal,SP,Censo Escolar 2021,,,0054v00000EkXMDAA3,R$ 500 a R$ 1.000,2027,COC,11.0,1.0,1 - Sim,1.0,Estudo de Geomarketing,2.0,2026-06-03,,
006N400000Wt0HwIAJ,001N400000NlDG1IAN,Polígono,60174.39,2026-03-04,2026-06-26,2026-03-04 15:11:29,6,6,6,Oportunidade perdida,lost,114,0,5,0,0,44.0,Prospecção,0-250,C - Estruturação,575.0,Não prioritária,43.0,70.0,22.0,0.0,São José de Piranhas,PB,Censo Escolar 2023,Não segue orientação religiosa específica,,005N400000DevL3IAJ,R$ 0 a R$ 500,2027,Editora Brasil,6.0,1.0,3 - Não,,,1.0,2026-06-26,Preço de venda abaixo do perfil do sistema de ensino,0.0
006N400000Wt5vvIAB,0014v00002qiSXkAAM,Poliedro,837673.64,2026-03-04,2026-08-13,2026-03-04 15:11:29,6,6,6,Negociação e ajuste financeiro,open,162,0,5,0,0,64.0,Prospecção,750-1.000,A - Referência,825.0,Alta,243.0,324.0,100.0,175.0,Rio Largo,AL,Censo Escolar 2021,Não segue orientação religiosa específica,,0056g0000034OkZAAU,R$ 500 a R$ 1.000,2027,COC,19.0,1.0,1 - Sim,1.0,Relatório Enem,1.0,2026-08-13,,
006N400000Wt7D0IAJ,001N4000009Wh1RIAS,Poliedro,388509.06,2026-03-04,2026-08-03,2026-03-04 15:11:29,7,7,7,Oportunidade perdida,lost,152,0,6,0,0,55.0,Prospecção,250-500,B - Aceleração,725.0,Média,159.0,91.0,23.0,37.0,Parnamirim,RN,Censo Escolar 2021,Não segue orientação religiosa específica,,005N400000DevL3IAJ,R$ 500 a R$ 1.000,2026,Anglo,14.0,1.0,1 - Sim,3.0,Conexões 13/04 a 15/04 | Estudo de Geomarketing | Relatório Enem,2.0,2026-08-03,Existe um contrato de longo prazo | Pacote agressivo de benefícios do concorrente,0.0
006N400000Wt87PIAR,0014v00002oK9i1AAC,Poliedro,599587.0,2026-03-04,2026-05-15,2026-03-04 15:11:29,5,5,5,Oportunidade perdida,lost,72,0,4,0,0,38.0,Prospecção,500-750,B - Aceleração,775.0,Alta,209.0,200.0,60.0,112.0,Palmares,PE,Censo Escolar 2021,Não segue orientação religiosa específica,,0056g0000034OkZAAU,R$ 0 a R$ 500,2026,SAE Digital,9.0,1.0,3 - Não,,,3.0,2026-05-15,Análise de Impacto de Escola Associada | Preço de venda abaixo do perfil do sistema de ensino,0.0
006N400000Wt9bQIAR,0014v00002gjROTAA2,Poliedro,1294089.86,2026-03-26,2026-08-03,2026-03-26 12:46:02,4,4,4,Proposta tabela,open,130,0,3,0,0,130.0,Prospecção,500-750,B - Aceleração,750.0,Alta,284.0,0.0,0.0,332.0,Natal,RN,Censo Escolar 2021,Não segue orientação religiosa específica,,005N400000DevL3IAJ,R$ 1.000 a R$ 1.500,2026,Bernoulli,10.0,1.0,1 - Sim,2.0,Diálogos Poliedro - Expoeduc | Imersão 2026-06-25 - Poliedro (Colégio),1.0,2026-08-03,,
006N400000WtASaIAN,001N400000bkg74IAA,Poliedro,262372.27,2026-03-04,2026-03-06,2026-03-04 15:11:29,4,4,4,Proposta tabela,open,2,0,3,0,0,0.0,Prospecção,250-500,C - Estruturação,600.0,Alta,144.0,210.0,63.0,56.0,Recife,PE,Censo Escolar 2021,Não segue orientação religiosa específica,,0056g0000034OkZAAU,R$ 1.000 a R$ 1.500,2027,Bernoulli,16.0,1.0,1 - Sim,1.0,Estudo de Geomarketing,1.0,2026-03-06,,
006N400000WtC4gIAF,0014v00002fBEPAAA4,Poliedro,641070.5,2026-03-23,2026-06-19,2026-03-23 17:28:01,3,3,3,Oportunidade perdida,lost,88,0,2,0,0,1.0,Prospecção,0-250,B - Aceleração,725.0,Alta,81.0,0.0,0.0,79.0,Petrolina,PE,Censo Escolar 2019,Católica,Diocese De Petrolina,0056g0000034OkZAAU,R$ 1.000 a R$ 1.500,2026,SAS,5.0,1.0,1 - Sim,1.0,Relatório Enem,1.0,2026-06-19,Satisfação com serviço do atual parceiro,0.0
006N400000WtCxOIAV,001N400000C3xJIIAZ,Polígono,237220.4,2026-03-04,2026-06-01,2026-03-04 15:11:29,4,4,4,Oportunidade perdida,lost,89,0,3,0,0,50.0,Prospecção,Acima de 1.000,A - Referência,900.0,Alta,374.0,334.0,118.0,229.0,Mossoró,RN,Censo Escolar 2021,Não segue orientação religiosa específica,,005N400000DevL3IAJ,R$ 100 a R$ 500,2027,FTD,2.0,1.0,1 - Sim,,,1.0,2026-06-01,Escola parou de responder,0.0
006N400000WtExeIAF,0014v00002u1g6wAAA,Poliedro,258904.05,2026-03-04,2026-06-09,2026-03-04 15:38:02,5,5,5,Oportunidade perdida,lost,97,0,4,0,0,95.0,Prospecção,500-750,C - Estruturação,575.0,Alta,169.0,245.0,90.0,0.0,Petrolina,PE,Censo Escolar 2021,,,0056g0000034OkZAAU,R$ 500 a R$ 1.000,2027,Eleva,5.0,1.0,3 - Não,,,1.0,2026-06-09,Existe um contrato de longo prazo,0.0
006N400000WtIQGIA3,001N400000BRwCuIAL,Poliedro,594143.7,2026-03-04,2026-06-08,2026-03-04 15:11:29,4,4,4,Oportunidade perdida,lost,96,0,3,0,0,10.0,Prospecção,250-500,A - Referência,800.0,Alta,68.0,171.0,56.0,48.0,Camaragibe,PE,Censo Escolar 2021,Evangélica,,0056g0000034OkZAAU,R$ 1.000 a R$ 1.500,2028,Material Próprio,4.0,1.0,3 - Não,,,1.0,2026-06-08,Escola não adota sistema de ensino,0.0
006N400000WtP1oIAF,001N400000Cu0ePIAR,Poliedro,549632.62,2026-03-04,2026-03-27,2026-03-04 15:11:29,2,2,2,Oportunidade perdida,lost,23,0,1,0,0,23.0,Prospecção,250-500,B - Aceleração,675.0,Alta,138.0,187.0,92.0,42.0,Santa Cruz,RN,Censo Escolar 2021,Não segue orientação religiosa específica,,005N400000DevL3IAJ,R$ 100 a R$ 500,2026,SAE Digital,1.0,1.0,3 - Não,,,1.0,2026-03-27,Escola parou de responder,0.0
006N400000WtR5BIAV,0016g00000KMocZAAT,Poliedro,700725.33,2026-03-04,2026-04-24,2026-03-04 15:11:29,2,2,2,Oportunidade perdida,lost,51,0,1,0,0,51.0,Prospecção,500-750,A - Referência,800.0,Alta,243.0,242.0,89.0,105.0,Currais Novos,RN,Censo Escolar 2019,Não segue orientação religiosa específica,,005N400000DevL3IAJ,R$ 500 a R$ 1.000,2026,SAE Digital,2.0,1.0,3 - Não,2.0,Estudo de Geomarketing | Inbound Poliedro 2025,2.0,2026-04-24,Escola parou de responder,0.0
006N400000WtRLRIA3,0014v00002gfizkAAA,Poliedro,138799.2,2026-03-04,2026-05-29,2026-03-04 15:11:29,5,5,5,Oportunidade perdida,lost,86,0,4,0,0,84.0,Prospecção,250-500,B - Aceleração,725.0,Não prioritária,107.0,116.0,48.0,0.0,Caicó,RN,Censo Escolar 2021,Não segue orientação religiosa específica,,005N400000DevL3IAJ,R$ 500 a R$ 1.000,2026,Bernoulli,6.0,1.0,1 - Sim,,,2.0,2026-06-09,Preço de venda abaixo do perfil do sistema de ensino,0.0
006N400000WtRN1IAN,001N400000BDBpCIAX,Poliedro,1600720.86,2026-06-12,2026-06-12,2026-06-12 01:21:51,2,2,2,Oportunidade perdida,lost,0,0,1,0,0,0.0,Prospecção,750-1.000,A - Referência,825.0,Alta,327.0,337.0,108.0,148.0,Olinda,PE,Censo Escolar 2021,Não segue orientação religiosa específica,Centro Metropolitano De Educacao Ltda,0056g0000034OkZAAU,R$ 1.500 a R$ 2.000,2027,SAS,4.0,1.0,3 - Não,,,1.0,2026-06-12,Análise de Impacto de Escola Associada,0.0
006N400000WtZabIAF,001N400000FHxuIIAT,Poliedro,1189320.48,2026-07-20,2026-07-20,2026-07-20 14:29:50,2,2,2,Oportunidade perdida,lost,0,0,1,0,0,0.0,Prospecção,250-500,B - Aceleração,650.0,Alta,167.0,204.0,0.0,0.0,Natal,RN,Censo Escolar 2021,Não segue orientação religiosa específica,,005N400000DevL3IAJ,R$ 1.000 a R$ 1.500,2031,SAS,,1.0,3 - Não,,,1.0,2026-07-20,Pacote agressivo de benefícios do concorrente,0.0
006N400000WtZpCIAV,001N400000NlGKNIA3,Poliedro,1624874.44,2026-06-18,2026-06-18,2026-06-18 21:13:48,2,2,2,Oportunidade perdida,lost,0,0,1,0,0,0.0,Prospecção,750-1.000,A - Referência,900.0,Alta,490.0,0.0,0.0,274.0,Recife,PE,Censo Escolar 2023,Não segue orientação religiosa específica,,0056g0000034OkZAAU,R$ 2.000 a R$ 2.500,2027,Bernoulli,6.0,1.0,3 - Não,,,1.0,2026-06-18,Satisfação com serviço do atual parceiro,0.0
006N400000WtZtxIAF,0014v00002u13FBAAY,Polígono,349163.3,2026-03-24,2026-07-21,2026-03-24 16:46:57,5,5,5,Oportunidade perdida,lost,119,0,4,0,0,28.0,Prospecção,250-500,B - Aceleração,750.0,Alta,149.0,183.0,35.0,86.0,São José de Mipibu,RN,Censo Escolar 2021,Católica,,0056g00000468kkAAA,R$ 100 a R$ 500,2026,SAE Digital,10.0,1.0,3 - Não,,,1.0,2026-07-21,Pacote agressivo de benefícios do concorrente,0.0
006N400000Wtf07IAB,001N400000DO2Z5IAL,Poliedro,1508586.2,2025-12-11,2026-06-30,2025-12-11 18:18:18,2,2,2,Oportunidade perdida,lost,201,0,1,0,0,201.0,Prospecção,750-1.000,B - Aceleração,650.0,Alta,305.0,256.0,37.0,234.0,Recife,PE,Censo Escolar 2021,,,0056g0000034OkZAAU,R$ 1.000 a R$ 1.500,2027,Livros Didáticos,3.0,1.0,3 - Não,,,1.0,2026-06-30,Satisfação com serviço do atual parceiro,0.0
006N400000Wtj5KIAR,001N400000D3ae7IAB,,968416.93,2025-12-11,2026-05-29,2025-12-11 17:58:38,2,2,2,Oportunidade perdida,lost,169,0,1,0,0,169.0,Prospecção,500-750,A - Referência,825.0,Alta,306.0,319.0,79.0,0.0,Camaragibe,PE,Censo Escolar 2021,Não segue orientação religiosa específica,,0056g0000034OkZAAU,R$ 1.000 a R$ 1.500,2026,Bernoulli,2.0,1.0,3 - Não,,,1.0,2026-05-29,Satisfação com serviço do atual parceiro,0.0
006N400000WtjF0IAJ,001N400000AWbUvIAL,Poliedro,2312888.73,2026-03-04,2026-06-26,2026-03-04 15:11:29,4,4,4,Oportunidade perdida,lost,114,0,3,0,0,109.0,Prospecção,Acima de 1.000,A - Referência,925.0,Alta,655.0,707.0,259.0,215.0,Santa Cruz do Capibaribe,PE,Censo Escolar 2021,Não segue orientação religiosa específica,,0056g0000034OkZAAU,R$ 500 a R$ 1.000,2027,Farias Brito,8.0,1.0,1 - Sim,1.0,Relatório Enem,1.0,2026-06-26,Satisfação com serviço do atual parceiro,0.0
006N400000WtkRGIAZ,0014v00002m5RNFAA2,Polígono,101435.18,2026-03-04,2026-03-09,2026-03-04 15:11:29,2,2,2,Oportunidade perdida,lost,5,0,1,0,0,5.0,Prospecção,0-250,D - Capilaridade,475.0,Alta,64.0,69.0,31.0,0.0,Salvador,BA,Censo Escolar 2021,,,005N400000DAcxOIAT,R$ 100 a R$ 500,2026,Conquista,3.0,1.0,3 - Não,,,1.0,2026-03-09,Satisfação com serviço do atual parceiro,0.0
006N400000WtlgbIAB,0016g00000IfKdIAAV,Poliedro,371919.75,2026-03-26,2026-06-17,2026-03-26 17:13:55,6,6,6,Negociação e ajuste financeiro,open,83,0,5,0,0,44.0,Prospecção,250-500,B - Aceleração,700.0,Alta,119.0,135.0,59.0,0.0,Salgueiro,PE,Censo Escolar 2019,Não segue orientação religiosa específica,,0056g0000034OkZAAU,R$ 500 a R$ 1.000,2026,SAS,14.0,1.0,1 - Sim,1.0,Imersão 2026-05-13,1.0,2026-06-17,,
006N400000WuXA9IAN,0014v00002lpU5lAAE,Polígono,343828.86,2026-03-04,2026-04-30,2026-03-04 15:11:29,4,4,4,Oportunidade perdida,lost,57,0,3,0,0,21.0,Prospecção,0-250,C - Estruturação,525.0,Alta,180.0,0.0,0.0,59.0,Curitiba,PR,Censo Escolar 2021,Não segue orientação religiosa específica,,005N400000CUSPxIAP,R$ 1.000 a R$ 1.500,2026,FTD,11.0,1.0,1 - Sim,3.0,Conexões 13/04 a 15/04 | Estudo de Geomarketing | Relatório Enem,2.0,2026-05-24,Pacote agressivo de benefícios do concorrente,0.0
006N400000WvAoFIAV,001N400000AkJrcIAF,Polígono,278574.0,2026-03-20,2026-06-25,2026-03-20 10:52:15,3,3,3,Validação pedagógica,open,97,0,2,0,0,41.0,Prospecção,250-500,B - Aceleração,650.0,Alta,148.0,224.0,52.0,0.0,Olinda,PE,Censo Escolar 2021,Não segue orientação religiosa específica,,005N400000DAk0TIAT,R$ 100 a R$ 500,2026,Sucesso,2.0,1.0,3 - Não,,,1.0,2026-06-25,,
006N400000WvIgzIAF,001N400000AwifnIAB,Polígono,431884.06,2026-03-17,2026-06-25,2026-03-17 23:39:17,3,3,3,Validação pedagógica,open,100,0,2,0,0,41.0,Prospecção,500-750,B - Aceleração,750.0,Alta,338.0,292.0,89.0,0.0,Escada,PE,Censo Escolar 2021,Evangélica,,005N400000DAk0TIAT,R$ 100 a R$ 500,2026,Maxi,1.0,1.0,2 - Agendado,,,1.0,2026-06-25,,
006N400000WvKHLIA3,0016g00000FXjVoAAL,Polígono,318686.85,2026-03-04,2026-08-12,2026-03-04 15:11:29,9,9,9,Oportunidade perdida,lost,161,0,8,0,0,9.0,Prospecção,500-750,D - Capilaridade,475.0,Alta,178.0,207.0,66.0,104.0,Fortaleza,CE,Censo Escolar 2019,Não segue orientação religiosa específica,,005N400000DAk0TIAT,R$ 500 a R$ 1.000,2026,AZ - Conexia Educação,15.0,1.0,3 - Não,1.0,Imersão 2026-06-23,2.0,2026-08-12,,0.0
006N400000WvKHMIA3,0014v00002NsUBVAA3,Polígono,168222.0,2026-03-04,2026-05-14,2026-03-04 15:11:29,3,3,3,Validação pedagógica,open,71,0,2,0,0,66.0,Prospecção,250-500,B - Aceleração,675.0,Alta,85.0,144.0,35.0,0.0,Ibiapina,CE,Censo Escolar 2019,Não segue orientação religiosa específica,,005N400000DAk0TIAT,R$ 100 a R$ 500,2026,SAE Digital,,1.0,3 - Não,,,1.0,2026-05-14,,
006N400000WvLV9IAN,001N400000Z4lQxIAJ,Polígono,218743.29,2026-03-04,2026-06-03,2026-03-04 15:11:29,6,6,6,Negociação e ajuste financeiro,open,91,0,5,0,0,19.0,Prospecção,250-500,C - Estruturação,525.0,Média,109.0,221.0,139.0,0.0,Jaboatão dos Guararapes,PE,Censo Escolar 2021,Não segue orientação religiosa específica,,005N400000DAk0TIAT,R$ 1.000 a R$ 1.500,2026,Conquista,9.0,1.0,1 - Sim,1.0,Imersão 2026-05-19,1.0,2026-06-03,,
006N400000WvV36IAF,0014v00002qkGPJAA2,Polígono,210387.0,2026-03-04,2026-04-25,2026-03-04 15:11:29,3,3,3,Oportunidade perdida,lost,52,0,2,0,0,47.0,Prospecção,0-250,C - Estruturação,575.0,Alta,102.0,67.0,9.0,71.0,Fortaleza,CE,Censo Escolar 2021,Não segue orientação religiosa específica,,005N400000DAk0TIAT,R$ 1.000 a R$ 1.500,2028,Amplia,6.0,1.0,3 - Não,,,1.0,2026-04-25,,0.0
006N400000WvflZIAR,001N400000c6Wx0IAE,Polígono,159408.4,2026-03-04,2026-05-22,2026-03-04 15:11:29,3,3,3,Validação pedagógica,open,79,0,2,0,0,74.0,Prospecção,Sem Dados,D - Capilaridade,350.0,Alta,0.0,0.0,0.0,0.0,Juazeiro do Norte,CE,SDR,Não segue orientação religiosa específica,,005N400000DAk0TIAT,R$ 500 a R$ 1.000,2026,Maxi,5.0,1.0,1 - Sim,,,1.0,2026-05-22,,
006N400000WvfnEIAR,001N400000KgtMRIAZ,Polígono,186496.27,2026-03-04,2026-05-22,2026-03-04 15:11:29,5,5,5,Proposta personalizada,open,79,0,4,0,0,74.0,Prospecção,250-500,C - Estruturação,600.0,Não prioritária,0.0,200.0,152.0,0.0,Barbalha,CE,Censo Escolar 2021,,,005N400000DAk0TIAT,R$ 100 a R$ 500,2026,Editora Construir,6.0,1.0,1 - Sim,,,1.0,2026-05-22,,
006N400000WvgjFIAR,001N400000c3vAUIAY,Poliedro,75783.1,2026-03-04,2026-08-14,2026-03-04 15:11:29,11,11,11,Enviado para a assinatura,open,163,1,9,0,0,0.0,Prospecção,0-250,C - Estruturação,550.0,Alta,0.0,34.0,35.0,0.0,Fortaleza,CE,Censo Escolar 2021,Não segue orientação religiosa específica,,005N400000DAk0TIAT,R$ 1.000 a R$ 1.500,2026,Bernoulli,10.0,1.0,3 - Não,2.0,Conexões 13/04 a 15/04 | Estudo de Geomarketing,1.0,2026-08-14,,
006N400000WviRhIAJ,0014v00002NBHIbAAP,Polígono,465722.0,2026-03-04,2026-05-15,2026-03-04 15:11:29,3,3,3,Validação pedagógica,open,72,0,2,0,0,67.0,Prospecção,750-1.000,B - Aceleração,675.0,Alta,286.0,340.0,146.0,0.0,Limoeiro do Norte,CE,Censo Escolar 2019,Não segue orientação religiosa específica,,005N400000DAk0TIAT,R$ 100 a R$ 500,2026,Conquista,6.0,1.0,3 - Não,,,1.0,2026-05-15,,
006N400000Wwp1JIAR,001N400000NlM31IAF,Poliedro,615966.28,2026-03-04,2026-03-12,2026-03-04 15:11:29,2,2,2,Oportunidade perdida,lost,8,0,1,0,0,8.0,Prospecção,250-500,C - Estruturação,600.0,Alta,333.0,0.0,50.0,0.0,Duque de Caxias,RJ,Censo Escolar 2023,,,0054v00000DvfXIAAZ,R$ 1.000 a R$ 1.500,2027,SAE Digital,2.0,1.0,1 - Sim,,,1.0,2026-03-12,Satisfação com serviço do atual parceiro,0.0
006N400000WwpEEIAZ,001N400000BCkQbIAL,Poliedro,1073455.29,2026-03-04,2026-04-01,2026-03-04 15:11:29,3,3,3,Oportunidade perdida,lost,28,0,2,0,0,20.0,Prospecção,500-750,B - Aceleração,775.0,Alta,188.0,213.0,62.0,269.0,Linhares,ES,Censo Escolar 2021,Não segue orientação religiosa específica,,0054v00000DvfXIAAZ,R$ 1.000 a R$ 1.500,2028,SAS,3.0,1.0,1 - Sim,,,1.0,2026-04-01,Satisfação com serviço do atual parceiro,0.0
006N400000WzIorIAF,001N400000NlLobIAF,Polígono,643358.86,2026-03-04,2026-06-08,2026-03-04 15:11:29,6,6,6,Negociação e ajuste financeiro,open,96,0,5,0,0,49.0,Prospecção,750-1.000,B - Aceleração,725.0,Alta,379.0,0.0,0.0,401.0,Cruzeiro do Sul,AC,Censo Escolar 2023,Não segue orientação religiosa específica,,005N400000CUSPxIAP,R$ 0 a R$ 500,2026,Livros Didáticos,9.0,1.0,1 - Sim,1.0,Imersão 2026-05-12,1.0,2026-06-08,,
006N400000WzKvVIAV,001N400000Eii6xIAB,Poliedro,927396.41,2026-03-04,2026-07-01,2026-03-04 15:11:29,5,5,5,Oportunidade perdida,lost,119,0,4,0,0,15.0,Prospecção,500-750,A - Referência,800.0,Alta,193.0,286.0,74.0,127.0,Rio de Janeiro,RJ,Censo Escolar 2021,Católica,Companhia De Maria Nossa Senhora,005N400000CUSPxIAP,R$ 2.000 a R$ 2.500,2027,AZ - Conexia Educação,10.0,1.0,1 - Sim,,,1.0,2026-07-01,Renovou com atual parceiro,0.0
006N400000WzOKjIAN,0014v00002saxtHAAQ,Poliedro,159070.5,2026-03-07,2026-06-08,2026-03-07 17:39:30,3,3,3,Validação pedagógica,open,93,0,2,0,0,19.0,Prospecção,0-250,C - Estruturação,550.0,Baixa,0.0,51.0,38.0,0.0,Rio de Janeiro,RJ,Censo Escolar 2021,Evangélica,Vine International Christian School,005N400000CUSPxIAP,R$ 1.500 a R$ 2.000,2027,Livros Didáticos,7.0,1.0,1 - Sim,,,1.0,2026-06-08,,
006N400000WzaVjIAJ,001N400000DjPkbIAF,Poliedro,728253.18,2026-03-04,2026-04-09,2026-03-04 10:25:19,3,3,3,Validação pedagógica,open,36,0,2,0,0,0.0,Prospecção,500-750,B - Aceleração,650.0,Alta,267.0,283.0,67.0,0.0,Duque de Caxias,RJ,Censo Escolar 2021,Católica,Associação Franciscana de Dillingen,005N400000CUSPxIAP,R$ 1.000 a R$ 1.500,2026,FTD,7.0,1.0,1 - Sim,,,1.0,2026-04-09,,
006N400000WzbUrIAJ,0014v00002SMHCnAAP,Poliedro,4091761.5,2026-03-04,2026-07-29,2026-03-04 15:11:29,7,7,7,Oportunidade perdida,lost,147,0,6,0,0,66.0,Prospecção,Acima de 1.000,B - Aceleração,725.0,Alta,761.0,952.0,266.0,148.0,Brasília,DF,Prospeccao_ativa,Não segue orientação religiosa específica,,005N400000CUSPxIAP,R$ 1.000 a R$ 1.500,2026,Bernoulli,20.0,1.0,1 - Sim,,,2.0,2026-07-29,Perda automática por higienização | Satisfação com serviço do atual parceiro,0.0
006N400000WzbUsIAJ,0016g00000KNVbKAAX,Poliedro,237232.48,2026-03-04,2026-04-08,2026-03-04 15:11:29,2,2,2,Oportunidade perdida,lost,35,0,1,0,0,35.0,Prospecção,0-250,C - Estruturação,525.0,Alta,68.0,67.0,27.0,39.0,Rio de Janeiro,RJ,Censo Escolar 2019,Católica,INSSC - Rede Sagrado Coração,005N400000CUSPxIAP,R$ 1.000 a R$ 1.500,2028,FTD,3.0,1.0,3 - Não,,,1.0,2026-04-08,Escola vendida para grupo educacional,0.0
006N400000Wzbd1IAB,001N400000TjyXKIAZ,Poliedro,1155169.26,2026-03-04,2026-07-29,2026-03-04 15:11:29,4,4,4,Oportunidade perdida,lost,147,0,3,0,0,75.0,Prospecção,Sem Dados,D - Capilaridade,275.0,Baixa,0.0,0.0,0.0,0.0,Brasília,DF,Fale Conosco,Não segue orientação religiosa específica,,005N400000CUSPxIAP,R$ 100 a R$ 500,2026,Positivo,5.0,1.0,1 - Sim,,,1.0,2026-07-29,Satisfação com preço do atual parceiro,0.0
006N400000WzdI9IAJ,0014v00002mvtkzAAA,Poliedro,350387.05,2026-04-13,2026-06-24,2026-04-13 01:10:50,12,12,12,Contrato assinado,won,72,1,10,0,0,14.0,Prospecção,Sem Dados,D - Capilaridade,375.0,Alta,0.0,0.0,0.0,0.0,Caxias do Sul,RS,Prospeccao_ativa,Não segue orientação religiosa específica,,005N400000CUSPxIAP,R$ 100 a R$ 500,2028,COC,6.0,1.0,3 - Não,,,1.0,2026-06-24,,1.0
006N400000X11qIIAR,001N400000AqPHWIA3,Poliedro,295822.0,2026-03-04,2026-07-01,2026-03-04 15:11:29,6,6,6,Oportunidade perdida,lost,119,0,5,0,0,0.0,Prospecção,500-750,C - Estruturação,625.0,Alta,242.0,170.0,37.0,120.0,Fortaleza,CE,Censo Escolar 2021,Não segue orientação religiosa específica,,005N400000P9zIoIAJ,R$ 1.000 a R$ 1.500,2026,SAS,5.0,1.0,3 - Não,1.0,Diálogos Fortaleza 2026-04-16,2.0,2026-07-20,Existe um contrato de longo prazo | Pacote agressivo de benefícios do concorrente,0.0
006N400000X182HIAR,001N400000NmnKfIAJ,Poliedro,305426.79,2026-03-04,2026-06-03,2026-03-04 15:43:03,6,6,6,Negociação e ajuste financeiro,open,91,0,5,0,0,75.0,Prospecção,250-500,B - Aceleração,750.0,Alta,75.0,122.0,39.0,40.0,Mairinque,SP,Censo Escolar 2023,,,0054v00000EkXMDAA3,R$ 500 a R$ 1.000,2026,Bernoulli,9.0,1.0,3 - Não,1.0,Inbound Poliedro 2025,1.0,2026-06-03,,
006N400000X1PHVIA3,0014v00002OwM1qAAF,Poliedro,1228697.64,2026-03-04,2026-05-20,2026-03-04 15:11:32,3,3,3,Validação pedagógica,open,77,0,2,0,0,70.0,Prospecção,Acima de 1.000,A - Referência,875.0,Alta,956.0,937.0,242.0,627.0,São Paulo,SP,Censo Escolar 2019,Não segue orientação religiosa específica,Fundacao Visconde De Porto Seguro,0054v00000EkXMDAA3,R$ 3.000 ou mais,2026,Anglo,3.0,1.0,3 - Não,,,1.0,2026-05-20,,
006N400000X4WWLIA3,0014v00002cRai4AAC,Poliedro,153836.1,2026-03-09,2026-05-20,2026-03-09 14:01:37,3,3,3,Validação pedagógica,open,72,0,2,0,0,70.0,Prospecção,500-750,A - Referência,850.0,Alta,210.0,294.0,118.0,107.0,Serrana,SP,Censo Escolar 2019,Não segue orientação religiosa específica,,0054v00000EkXMDAA3,R$ 500 a R$ 1.000,2029,Positivo,1.0,1.0,3 - Não,,,1.0,2026-05-20,,
006N400000X4ahvIAB,001N400000J55x5IAB,Poliedro,1167835.48,2026-03-04,2026-05-20,2026-03-04 15:11:32,3,3,3,Validação pedagógica,open,77,0,2,0,0,70.0,Prospecção,Acima de 1.000,A - Referência,825.0,Alta,326.0,516.0,72.0,245.0,São Paulo,SP,Censo Escolar 2019,Não segue orientação religiosa específica,Fundacao Visconde De Porto Seguro,0054v00000EkXMDAA3,R$ 1.500 a R$ 2.000,2026,SAS,6.0,1.0,3 - Não,1.0,Diálogos GEduc 2026-03-26,1.0,2026-05-20,,
006N400000X4khDIAR,001N400000KJ3oIIAT,Poliedro,343629.35,2026-03-04,2026-05-27,2026-03-04 15:11:29,4,4,4,Oportunidade perdida,lost,84,0,3,0,0,7.0,Prospecção,250-500,B - Aceleração,675.0,Alta,95.0,126.0,27.0,73.0,São Paulo,SP,Censo Escolar 2021,Não segue orientação religiosa específica,,0054v00000EkXMDAA3,R$ 2.500 a R$ 3.000,2026,SAS,5.0,1.0,3 - Não,,,1.0,2026-05-27,Renovou com atual parceiro,0.0
006N400000X4mHhIAJ,0014v00002SN2ADAA1,Poliedro,626532.48,2026-05-22,2026-05-22,2026-05-22 17:08:40,3,3,3,Validação pedagógica,open,0,0,2,0,0,0.0,Prospecção,Acima de 1.000,A - Referência,925.0,Alta,705.0,785.0,170.0,473.0,Valinhos,SP,Censo Escolar 2019,Não segue orientação religiosa específica,,0054v00000EkXMDAA3,R$ 3.000 ou mais,2026,Anglo,1.0,1.0,3 - Não,,,1.0,2026-05-22,,
006N400000X4rAoIAJ,0014v00002uiXL5AAM,Polígono,102858.18,2026-03-09,2026-05-18,2026-03-09 11:36:59,3,3,3,Oportunidade perdida,lost,70,0,2,0,0,68.0,Prospecção,0-250,C - Estruturação,500.0,Alta,36.0,68.0,32.0,0.0,Mogi Guaçu,SP,Censo Escolar 2021,,,0054v00000EkXMDAA3,R$ 500 a R$ 1.000,2026,FTD,2.0,1.0,3 - Não,,,1.0,2026-05-18,Análise de Impacto de Escola Associada,0.0
006N400000X4sZtIAJ,0014v00002scVBzAAM,Poliedro,967938.88,2026-03-04,2026-03-25,2026-03-04 15:11:29,3,3,3,Oportunidade perdida,lost,21,0,2,0,0,14.0,Prospecção,500-750,A - Referência,925.0,Alta,418.0,0.0,0.0,203.0,Indaiatuba,SP,Censo Escolar 2021,Não segue orientação religiosa específica,,0054v00000EkXMDAA3,R$ 2.500 a R$ 3.000,2026,COC,2.0,1.0,3 - Não,,,1.0,2026-03-25,Escola parou de responder,0.0
006N400000X4tm5IAB,0014v00002oLBzKAAW,Poliedro,530363.14,2026-03-04,2026-03-25,2026-03-04 15:11:29,3,3,3,Oportunidade perdida,lost,21,0,2,0,0,14.0,Prospecção,250-500,B - Aceleração,725.0,Alta,0.0,357.0,0.0,0.0,Indaiatuba,SP,Censo Escolar 2021,,,0054v00000EkXMDAA3,R$ 2.000 a R$ 2.500,2026,COC,1.0,1.0,3 - Não,,,1.0,2026-03-25,Escola parou de responder,0.0
006N400000X68JNIAZ,001N400000HXVrJIAX,Polígono,185200.0,2026-03-04,2026-03-18,2026-03-04 15:11:29,3,3,3,Oportunidade perdida,lost,14,0,2,0,0,2.0,Prospecção,0-250,B - Aceleração,650.0,Alta,0.0,105.0,145.0,0.0,Fortaleza,CE,Censo Escolar 2021,Não segue orientação religiosa específica,,005N400000P9zIoIAJ,R$ 2.500 a R$ 3.000,2027,Livros Didáticos,4.0,1.0,3 - Não,,,2.0,2026-06-01,Escola não adota sistema de ensino,0.0
006N400000X9VXsIAN,0014v00002qgtptAAA,Poliedro,897378.84,2026-06-24,2026-06-24,2026-06-24 13:08:32,2,2,2,Oportunidade perdida,lost,0,0,1,0,0,0.0,Prospecção,500-750,B - Aceleração,725.0,Alta,219.0,208.0,45.0,76.0,São Paulo,SP,Censo Escolar 2021,Não segue orientação religiosa específica,,005N400000Dj7E2IAJ,R$ 1.000 a R$ 1.500,2029,Anglo,3.0,1.0,3 - Não,,,1.0,2026-06-24,Satisfação com serviço do atual parceiro,0.0
006N400000XA2DfIAL,0014v00002mtoFBAAY,Poliedro,438876.87,2026-05-18,2026-08-05,2026-05-18 20:51:16,4,4,4,Proposta tabela,open,79,0,3,0,0,65.0,Prospecção,250-500,C - Estruturação,600.0,Alta,125.0,217.0,0.0,0.0,São Paulo,SP,Censo Escolar 2021,Não segue orientação religiosa específica,,005N400000Dj7E2IAJ,R$ 2.500 a R$ 3.000,2026,Livros Didáticos,9.0,1.0,1 - Sim,1.0,Estudo de Geomarketing,2.0,2026-08-07,,
006N400000XAI0fIAH,001N400000Nl6DTIAZ,,1637526.93,2025-12-18,2026-06-24,2025-12-18 19:15:45,2,2,2,Oportunidade perdida,lost,188,0,1,0,0,188.0,Prospecção,Acima de 1.000,C - Estruturação,600.0,Alta,351.0,394.0,144.0,237.0,São Paulo,SP,Censo Escolar 2023,Não segue orientação religiosa específica,,005N400000Dj7E2IAJ,R$ 1.000 a R$ 1.500,2026,Uno Educação,1.0,1.0,3 - Não,,,1.0,2026-06-24,Renovou com atual parceiro,0.0
006N400000XBTBmIAP,0014v00002KvM9kAAF,Poliedro,73034.77,2026-03-04,2026-05-15,2026-03-04 15:11:29,5,5,5,Proposta personalizada,open,72,0,4,0,0,45.0,Prospecção,250-500,C - Estruturação,575.0,Média,0.0,464.0,0.0,0.0,Petrolina,PE,Censo Escolar 2019,Não segue orientação religiosa específica,,0056g0000034OkZAAU,R$ 1.000 a R$ 1.500,2033,SAS,12.0,1.0,1 - Sim,1.0,Relatório Enem,1.0,2026-05-15,,
006N400000XJdAsIAL,001N4000008sTLcIAM,Poliedro,45518.0,2026-03-04,2026-06-18,2026-03-04 15:11:29,4,4,4,Oportunidade perdida,lost,106,0,3,0,0,20.0,,,,,,,,,,,,,,,,,,,,1.0,3 - Não,,,1.0,2026-03-04,,0.0
006N400000XtDODIA3,001N400000E5KxMIAV,Conviver,205466.97,2026-06-21,2026-06-22,2026-06-21 21:49:48,5,5,5,Proposta personalizada,open,1,0,4,0,0,0.0,Prospecção,250-500,B - Aceleração,700.0,Alta,123.0,147.0,41.0,74.0,São Paulo,SP,Censo Escolar/Fale conosco,Não segue orientação religiosa específica,,0054v00000EkXMDAA3,R$ 1.000 a R$ 1.500,2026,Objetivo,9.0,1.0,3 - Não,1.0,Inbound Poliedro 2025,1.0,2026-06-22,,
006N400000Y0Eh3IAF,0014v00002drJ59AAE,Poliedro,856498.65,2026-03-04,2026-03-26,2026-03-04 15:11:29,2,2,2,Oportunidade perdida,lost,22,0,1,0,0,22.0,Prospecção,500-750,A - Referência,875.0,Alta,183.0,228.0,71.0,103.0,Serra Talhada,PE,Censo Escolar 2019,Não segue orientação religiosa específica,,0056g0000034OkZAAU,R$ 0 a R$ 500,2027,Farias Brito,4.0,1.0,3 - Não,1.0,Relatório Enem,1.0,2026-03-26,Satisfação com serviço do atual parceiro,0.0
006N400000Y4UDqIAN,001N400000hIByqIAG,Conviver,5579.81,2026-03-04,2026-06-15,2026-03-04 15:11:29,6,6,6,Oportunidade perdida,lost,103,0,5,0,0,3.0,Prospecção,Sem Dados,D - Capilaridade,300.0,Não prioritária,0.0,0.0,0.0,0.0,Cachoeiro De Itapemirim,ES,Fale Conosco,Não segue orientação religiosa específica,,0054v00000DvfXIAAZ,R$ 500 a R$ 1.000,2026,Material Próprio,7.0,1.0,3 - Não,,,1.0,2026-06-15,Preço de venda abaixo do perfil do sistema de ensino,0.0
006N400000Y80tjIAB,001N400000SXpwbIAD,Conviver,44155.57,2026-03-04,2026-04-10,2026-03-04 15:14:54,12,12,12,Contrato assinado,won,37,1,10,0,0,37.0,,,,,,,,,,,,,,,,,,,,1.0,3 - Não,1.0,Encontro de Lideranças Católicas,1.0,2026-04-10,,1.0
006N400000Y9dJWIAZ,001N400000SKU0GIAX,Polígono,137488.08,2026-03-04,2026-04-25,2026-03-04 15:11:29,5,5,5,Proposta personalizada,open,52,0,4,0,0,47.0,Prospecção,Sem Dados,Sem Clusterização Comercial em 2026,0.0,Não prioritária,0.0,0.0,0.0,0.0,Fortaleza,CE,SDR,Não segue orientação religiosa específica,,005N400000DAk0TIAT,R$ 1.000 a R$ 1.500,2026,SAE Digital,13.0,1.0,3 - Não,,,1.0,2026-04-25,,
006N400000Y9eqfIAB,001N400000Ah9ezIAB,Polígono,211544.65,2026-03-04,2026-05-15,2026-03-04 15:11:32,6,6,6,Oportunidade perdida,lost,72,0,5,0,0,20.0,Prospecção,250-500,C - Estruturação,500.0,Alta,0.0,214.0,73.0,0.0,Itapipoca,CE,Censo Escolar 2021,Não segue orientação religiosa específica,,005N400000DAk0TIAT,R$ 100 a R$ 500,2026,Uno Educação,4.0,1.0,3 - Não,1.0,Estudo de Geomarketing,1.0,2026-05-15,Satisfação com preço do atual parceiro,0.0
006N400000YATA6IAP,001N400000C5lkBIAR,Conviver,138446.16,2026-03-04,2026-04-10,2026-03-04 15:23:06,12,12,12,Contrato assinado,won,37,1,10,0,0,37.0,Prospecção,Acima de 1.000,C - Estruturação,525.0,Alta,407.0,361.0,0.0,341.0,Apucarana,PR,Censo Escolar 2021,Católica,Rede OSJ - Oblatos de São José,005N40000035kTVIAY,R$ 1.500 a R$ 2.000,2026,Positivo,,1.0,3 - Não,,,1.0,2026-04-10,,1.0
006N400000YAdNuIAL,001N400000Nl9TDIAZ,Conviver,22055.01,2026-03-04,2026-04-10,2026-03-04 15:24:21,12,12,12,Contrato assinado,won,37,1,10,0,0,37.0,Prospecção,0-250,C - Estruturação,525.0,Baixa,0.0,0.0,121.0,0.0,Apucarana,PR,Censo Escolar 2023,Católica,Rede OSJ - Oblatos de São José,005N40000035kTVIAY,R$ 500 a R$ 1.000,2028,Geekie One,,1.0,3 - Não,,,1.0,2026-04-10,,1.0
006N400000YAmqzIAD,0016g00000CxYEIAA3,Conviver,143471.54,2026-03-04,2026-04-10,2026-03-04 15:25:37,12,12,12,Contrato assinado,won,37,1,10,0,0,37.0,Prospecção,Acima de 1.000,C - Estruturação,625.0,Alta,631.0,472.0,0.0,509.0,Curitiba,PR,Censo Escolar 2019,Católica,Rede OSJ - Oblatos de São José,005N40000035kTVIAY,R$ 1.000 a R$ 1.500,2028,Positivo,1.0,1.0,3 - Não,1.0,Encontro de Lideranças Católicas,2.0,2026-04-28,,1.0
006N400000YB966IAD,001N400000NlLQNIA3,Polígono,888894.58,2026-03-04,2026-04-09,2026-03-04 15:11:32,3,3,3,Validação pedagógica,open,36,0,2,0,0,0.0,Prospecção,Acima de 1.000,B - Aceleração,725.0,Alta,601.0,0.0,0.0,430.0,Rio Branco,AC,Censo Escolar 2023,Não segue orientação religiosa específica,,005N400000CUSPxIAP,R$ 100 a R$ 500,2026,Livros Didáticos,9.0,1.0,1 - Sim,,,1.0,2026-04-09,,
006N400000YFHwFIAX,001N400000Nl9TFIAZ,Conviver,8719.96,2026-03-04,2026-04-10,2026-03-04 15:26:53,12,12,12,Contrato assinado,won,37,1,10,0,0,37.0,Prospecção,0-250,D - Capilaridade,425.0,Baixa,0.0,0.0,94.0,0.0,Curitiba,PR,Censo Escolar 2023,Católica,Rede OSJ - Oblatos de São José,005N40000035kTVIAY,R$ 1.000 a R$ 1.500,2026,Positivo,3.0,1.0,3 - Não,,,1.0,2026-04-10,,1.0
006N400000YFMBCIA5,001N400000SY0wmIAD,Conviver,31859.08,2026-03-04,2026-04-10,2026-03-04 15:28:03,12,12,12,Contrato assinado,won,37,1,10,0,0,37.0,,,,,,,,,,,,,,,,,,,,1.0,3 - Não,,,1.0,2026-04-10,,1.0
006N400000YL4JZIA1,0014v00002lpU5lAAE,Poliedro,556367.42,2026-03-04,2026-05-24,2026-03-04 15:11:29,4,4,4,Oportunidade perdida,lost,81,0,3,0,0,45.0,Prospecção,0-250,C - Estruturação,525.0,Alta,180.0,0.0,0.0,59.0,Curitiba,PR,Censo Escolar 2021,Não segue orientação religiosa específica,,005N400000CUSPxIAP,R$ 1.000 a R$ 1.500,2026,FTD,11.0,1.0,1 - Sim,3.0,Conexões 13/04 a 15/04 | Estudo de Geomarketing | Relatório Enem,2.0,2026-05-24,Pacote agressivo de benefícios do concorrente,0.0
006N400000YPt97IAD,001N400000LrA0SIAV,Poliedro,375260.75,2026-05-15,2026-07-12,2026-05-15 19:16:47,4,4,4,Proposta tabela,open,58,0,3,0,0,26.0,Prospecção,250-500,C - Estruturação,525.0,Média,104.0,134.0,32.0,61.0,Campinas,SP,Censo Escolar 2021,Católica,,0056g0000034OkkAAE,R$ 2.000 a R$ 2.500,2026,FTD,10.0,1.0,3 - Não,,,1.0,2026-07-12,,
006N400000YQ3YAIA1,0014v00002qgrjpAAA,Poliedro,2030867.03,2026-07-03,2026-07-08,2026-07-03 19:25:25,2,2,2,Material entregue,open,5,0,1,0,0,5.0,Prospecção,Acima de 1.000,B - Aceleração,775.0,Alta,817.0,877.0,333.0,720.0,São Paulo,SP,Censo Escolar 2021,Não segue orientação religiosa específica,,0056g0000034OkkAAE,R$ 500 a R$ 1.000,2026,Livros Didáticos,1.0,1.0,3 - Não,1.0,Estudo de Geomarketing,1.0,2026-07-08,,
006N400000YQ5JvIAL,001N400000FC3MVIA1,Poliedro,667690.99,2026-01-22,2026-05-15,2026-01-22 15:02:51,2,2,2,Oportunidade perdida,lost,113,0,1,0,0,113.0,Prospecção,500-750,B - Aceleração,725.0,Alta,177.0,194.0,57.0,170.0,São Paulo,SP,Censo Escolar 2021,Católica,,0056g0000034OkkAAE,R$ 1.500 a R$ 2.000,2028,Bernoulli,2.0,1.0,3 - Não,,,1.0,2026-05-15,Existe um contrato de longo prazo,0.0
006N400000YQ72JIAT,0014v00002pT4wyAAC,Poliedro,815025.39,2026-04-07,2026-08-07,2026-04-07 22:33:02,12,12,12,Contrato assinado,won,122,1,10,0,0,23.0,,,,,,,,,,,,,,,,,,,,1.0,1 - Sim,1.0,Estudo de Geomarketing,1.0,2026-08-07,,1.0
006N400000YQA3PIAX,0014v00002OwxadAAB,Poliedro,3820776.2,2026-07-03,2026-07-12,2026-07-03 19:27:19,4,4,4,Proposta tabela,open,9,0,3,0,0,0.0,Prospecção,Acima de 1.000,B - Aceleração,675.0,Alta,654.0,782.0,198.0,368.0,São José do Rio Preto,SP,Censo Escolar 2019,Católica,Irmãs De Santo André,0056g0000034OkkAAE,R$ 1.000 a R$ 1.500,2028,Bernoulli,3.0,1.0,3 - Não,1.0,Estudo de Geomarketing,1.0,2026-07-12,,
006N400000YQC6qIAH,001N400000M8fKfIAJ,Poliedro,364485.96,2026-03-04,2026-08-07,2026-03-04 15:11:29,12,12,12,Contrato assinado,won,156,1,10,0,0,23.0,Prospecção,500-750,D - Capilaridade,475.0,Alta,311.0,0.0,0.0,199.0,São Paulo,SP,Censo Escolar 2021,Não segue orientação religiosa específica,,0056g0000034OkkAAE,R$ 3.000 ou mais,2027,Livros Didáticos,37.0,1.0,1 - Sim,1.0,Estudo de Geomarketing,1.0,2026-08-07,,1.0
006N400000YQCA4IAP,001N4000009yqg9IAA,Poliedro,620245.06,2026-03-20,2026-07-07,2026-03-20 17:23:04,4,4,4,Proposta tabela,open,109,0,3,0,0,53.0,Prospecção,Acima de 1.000,C - Estruturação,625.0,Alta,613.0,685.0,133.0,260.0,São José do Rio Preto,SP,Censo Escolar 2021,Católica,,0056g0000034OkkAAE,R$ 1.500 a R$ 2.000,2027,Etapa,5.0,1.0,3 - Não,1.0,Estudo de Geomarketing,1.0,2026-07-07,,
006N400000YQGOvIAP,0014v00002Nso3uAAB,Poliedro,1145082.47,2026-04-07,2026-06-15,2026-04-07 18:32:33,4,4,4,Oportunidade perdida,lost,69,0,3,0,0,31.0,Prospecção,750-1.000,A - Referência,900.0,Alta,351.0,410.0,87.0,66.0,São Carlos,SP,Censo Escolar 2019,Católica,Rede La Salle,0056g0000034OkkAAE,R$ 1.500 a R$ 2.000,2028,COC,20.0,1.0,3 - Não,1.0,Estudo de Geomarketing,3.0,2026-08-04,Análise de Impacto de Escola Associada | Satisfação com serviço do atual parceiro,0.0
006N400000YQrd7IAD,001N400000HNdq6IAD,Poliedro,1727324.61,2026-07-03,2026-07-08,2026-07-03 19:28:58,2,2,2,Material entregue,open,5,0,1,0,0,5.0,Prospecção,Acima de 1.000,B - Aceleração,750.0,Alta,561.0,520.0,68.0,322.0,São Paulo,SP,Censo Escolar 2021,Não segue orientação religiosa específica,PBSCJ - Sagrado Rede de Educação,0056g0000034OkkAAE,R$ 2.000 a R$ 2.500,2027,SAS,1.0,1.0,3 - Não,1.0,Estudo de Geomarketing,1.0,2026-07-08,,
006N400000YSly8IAD,001N400000NlGKaIAN,Poliedro,1191091.5,2026-03-04,2026-03-27,2026-03-04 15:11:29,2,2,2,Oportunidade perdida,lost,23,0,1,0,0,23.0,Prospecção,500-750,B - Aceleração,650.0,Alta,224.0,86.0,7.0,192.0,Aracaju,SE,Censo Escolar 2023,,,005N400000Dew5pIAB,R$ 500 a R$ 1.000,2027,PH,6.0,1.0,1 - Sim,,,2.0,2026-05-08,Análise de Impacto de Escola Associada | Satisfação com serviço do atual parceiro,0.0
006N400000Yfo3hIAB,0014v00002htrk9AAA,Poliedro,522596.86,2026-03-04,2026-05-13,2026-03-04 15:11:29,4,4,4,Oportunidade perdida,lost,70,0,3,0,0,64.0,Prospecção,0-250,C - Estruturação,600.0,Alta,131.0,97.0,19.0,0.0,Guarujá,SP,Censo Escolar 2021,,,005N400000P4NcLIAV,R$ 1.000 a R$ 1.500,2027,Positivo,3.0,1.0,3 - Não,,,1.0,2026-05-13,Satisfação com serviço do atual parceiro,0.0
006N400000YrKeeIAF,001N400000NlDD1IAN,Poliedro,369205.56,2026-03-04,2026-04-13,2026-03-04 15:43:35,12,12,12,Oportunidade perdida,lost,40,1,10,0,0,21.0,Prospecção,250-500,A - Referência,800.0,Alta,121.0,140.0,0.0,61.0,Aracaju,SE,Censo Escolar/Fale conosco,Não segue orientação religiosa específica,,005N400000DAcxOIAT,R$ 1.000 a R$ 1.500,2026,Farias Brito,10.0,1.0,1 - Sim,1.0,Inbound Poliedro 2025,2.0,2026-04-13,Existe um contrato de longo prazo,0.0
006N400000YrTl4IAF,001N400000Dh06wIAB,Poliedro,683771.67,2026-03-04,2026-06-16,2026-03-04 15:11:32,6,6,6,Negociação e ajuste financeiro,open,104,0,5,0,0,0.0,,,,,,,,,,,,,,,,,,,,1.0,1 - Sim,,,1.0,2026-06-16,,
006N400000YrtScIAJ,0014v00002dsHCnAAM,Polígono,500577.8,2026-03-04,2026-05-15,2026-03-04 15:11:32,4,4,4,Oportunidade perdida,lost,72,0,3,0,0,2.0,Prospecção,500-750,C - Estruturação,525.0,Alta,322.0,100.0,0.0,140.0,Aparecida de Goiânia,GO,Censo Escolar 2019,Católica,,005N40000035kTVIAY,R$ 1.000 a R$ 1.500,2027,Amplia,6.0,1.0,1 - Sim,,,1.0,2026-05-15,Existe um contrato de longo prazo,0.0
006N400000YsSztIAF,001N400000MBbVrIAL,Poliedro,161306.28,2026-03-04,2026-03-04,2026-03-04 13:38:24,12,12,12,Contrato assinado,won,0,1,10,0,0,0.0,,,,,,,,,,,,,,,,,,,,1.0,3 - Não,,,1.0,2026-03-04,,1.0
006N400000Yt3BOIAZ,001N4000008vKn5IAE,Polígono,357836.53,2026-03-04,2026-04-29,2026-03-04 15:11:32,5,5,5,Proposta personalizada,open,56,0,4,0,0,1.0,Prospecção,0-250,C - Estruturação,500.0,Baixa,0.0,0.0,0.0,0.0,João Pessoa,PB,Censo Escolar 2021,Não segue orientação religiosa específica,,005N400000DevL3IAJ,R$ 1.000 a R$ 1.500,2026,SAE Digital,9.0,1.0,1 - Sim,1.0,Relatório Enem,1.0,2026-04-29,,
006N400000YvTUuIAN,001N40000092oa0IAA,Conviver,115592.96,2026-03-04,2026-07-07,2026-03-04 15:11:29,12,12,12,Oportunidade perdida,lost,125,1,10,0,0,27.0,,,,,,,,,,,,,,,,,,,,1.0,1 - Sim,,,1.0,2026-07-07,Renovou com atual parceiro,0.0
006N400000YvcHuIAJ,001N400000AdbnQIAR,Poliedro,400870.09,2026-03-04,2026-05-11,2026-03-04 15:11:29,4,4,4,Oportunidade perdida,lost,68,0,3,0,0,6.0,Prospecção,250-500,C - Estruturação,525.0,Alta,73.0,136.0,0.0,72.0,Lagoa da Prata,MG,Censo Escolar 2021,Não segue orientação religiosa específica,,0054v00000EkfjPAAR,R$ 1.000 a R$ 1.500,2026,Bernoulli,8.0,1.0,1 - Sim,2.0,Inbound Poliedro 2025 | Relatório Enem,1.0,2026-05-11,Satisfação com serviço do atual parceiro,0.0
006N400000YyjGQIAZ,001N4000009EeICIA0,Conviver,152925.0,2026-03-04,2026-06-30,2026-03-04 15:11:29,11,11,11,Enviado para a assinatura,open,118,1,9,0,0,0.0,Prospecção,Acima de 1.000,A - Referência,800.0,Alta,595.0,564.0,232.0,343.0,Cuiabá,MT,Censo Escolar 2021,Católica,Rede Azul,005N40000035kTVIAY,R$ 1.500 a R$ 2.000,2027,SAS,15.0,1.0,1 - Sim,3.0,Imersão 2026-03-31 | Imersão 2026-06-26 | Relatório Enem,2.0,2026-06-30,,
006N400000YzFwDIAV,001N400000OB1h3IAD,Conviver,47933.71,2026-03-04,2026-08-07,2026-03-04 15:11:29,6,6,6,Negociação e ajuste financeiro,open,156,0,5,0,0,35.0,Prospecção,0-250,C - Estruturação,625.0,Não prioritária,69.0,76.0,18.0,0.0,Santo André,SP,Censo Escolar 2023,Não segue orientação religiosa específica,,005N40000035sinIAA,R$ 500 a R$ 1.000,2026,OPEE,13.0,1.0,3 - Não,,,2.0,2026-08-07,Existe um contrato de longo prazo,
006N400000YzULtIAN,001N400000hevvQIAQ,Conviver,68986.24,2026-03-04,2026-06-12,2026-03-04 15:11:29,4,4,4,Oportunidade perdida,lost,100,0,3,0,0,63.0,Prospecção,250-500,D - Capilaridade,475.0,Alta,185.0,0.0,57.0,122.0,Silvânia,GO,Censo Escolar 2023,Católica,,0056g0000034OkWAAU,R$ 500 a R$ 1.000,2027,Editora Brasil,3.0,1.0,1 - Sim,,,1.0,2026-06-12,Existe um contrato de longo prazo,0.0
006N400000YzzxLIAR,0016g00000FWwkDAAT,Poliedro,1764905.82,2026-03-04,2026-04-10,2026-03-04 15:11:29,3,3,3,Validação pedagógica,open,37,0,2,0,0,10.0,Prospecção,Acima de 1.000,C - Estruturação,625.0,Alta,502.0,600.0,129.0,276.0,Goiânia,GO,Censo Escolar 2019,Católica,Rede Agostiniana,0056g0000034OkWAAU,R$ 1.000 a R$ 1.500,2026,Livros Didáticos,5.0,1.0,1 - Sim,,,1.0,2026-04-10,,
006N400000Z02iPIAR,0014v00002pSjXaAAK,Polígono,137649.96,2026-03-04,2026-04-28,2026-03-04 15:11:32,12,12,12,Contrato assinado,won,55,1,10,0,0,0.0,Prospecção,0-250,C - Estruturação,625.0,Baixa,45.0,0.0,0.0,56.0,Goiânia,GO,Censo Escolar 2021,Não segue orientação religiosa específica,,0056g0000034OkWAAU,R$ 1.500 a R$ 2.000,2026,Bernoulli,4.0,1.0,3 - Não,,,1.0,2026-04-28,,1.0
006N400000Z2oasIAB,001N400000AkrzeIAB,Poliedro,304981.86,2026-04-01,2026-08-10,2026-04-01 13:12:59,4,4,4,Proposta tabela,open,131,0,3,0,0,53.0,Prospecção,750-1.000,B - Aceleração,725.0,Alta,272.0,301.0,92.0,228.0,Fortaleza,CE,Censo Escolar 2021,Católica,Rede SMIC - Sororum Missionarium Immaculata e Conception,0056g00000468kkAAA,R$ 1.500 a R$ 2.000,2026,Livros Didáticos,11.0,1.0,3 - Não,,,1.0,2026-08-10,,
006N400000Z2uhuIAB,001N400000cJkvmIAC,Polígono,26253.72,2026-03-04,2026-04-07,2026-03-04 15:39:18,12,12,12,Contrato assinado,won,34,1,10,0,0,0.0,Prospecção,0-250,D - Capilaridade,375.0,Não prioritária,0.0,18.0,9.0,0.0,São Paulo,SP,Censo Escolar 2021,Não segue orientação religiosa específica,,005N40000035sinIAA,R$ 500 a R$ 1.000,2026,Livros Didáticos,11.0,1.0,3 - Não,,,1.0,2026-04-07,,1.0
006N400000Z3aAsIAJ,0014v00002ghUbEAAU,Polígono,462986.4,2026-03-23,2026-08-03,2026-03-23 21:42:15,4,4,4,Oportunidade perdida,lost,133,0,3,0,0,80.0,Prospecção,750-1.000,B - Aceleração,675.0,Alta,302.0,372.0,188.0,100.0,Feira de Santana,BA,Censo Escolar 2021,Não segue orientação religiosa específica,,005N400000Dew5pIAB,R$ 0 a R$ 500,2026,FTD,13.0,1.0,1 - Sim,1.0,Diálogos Feira de Santana 2026-04-22,1.0,2026-08-03,Satisfação com preço do atual parceiro,0.0
006N400000Z4j2QIAR,0014v00002KwiAYAAZ,Polígono,247000.0,2026-03-04,2026-07-31,2026-03-04 15:11:32,5,5,5,Oportunidade perdida,lost,149,0,4,0,0,133.0,Prospecção,0-250,D - Capilaridade,475.0,Média,110.0,38.0,0.0,57.0,Belo Horizonte,MG,Censo Escolar 2019,Não segue orientação religiosa específica,,005N400000OGlMvIAL,R$ 500 a R$ 1.000,2026,Uno Educação,5.0,1.0,3 - Não,,,1.0,2026-07-31,Escola parou de responder,0.0
006N400000Z5CysIAF,001N400000BpvfXIAR,Poliedro,129606.0,2026-02-06,2026-05-15,2026-02-06 14:56:31,2,2,2,Oportunidade perdida,lost,98,0,1,0,0,98.0,Prospecção,750-1.000,B - Aceleração,675.0,Alta,519.0,0.0,0.0,359.0,Olinda,PE,Censo Escolar 2021,Não segue orientação religiosa específica,Organizacao Educacional De Pernambuco,0056g0000034OkZAAU,R$ 1.000 a R$ 1.500,2027,FTD,10.0,1.0,1 - Sim,,,2.0,2026-06-12,Perda automática por higienização | Satisfação com serviço do atual parceiro,0.0
006N400000Z9m7hIAB,001N400000ILet2IAD,Conviver,52281.28,2026-03-04,2026-04-22,2026-03-04 15:11:29,4,4,4,Oportunidade perdida,lost,49,0,3,0,0,28.0,Prospecção,0-250,A - Referência,800.0,Alta,85.0,73.0,10.0,47.0,São José de Ribamar,MA,Censo Escolar 2021,Não segue orientação religiosa específica,,0054v00000DjxE1AAJ,R$ 500 a R$ 1.000,2027,Nenhum,4.0,1.0,3 - Não,,,1.0,2026-04-22,Preço de venda abaixo do perfil do sistema de ensino,0.0
006N400000ZAtv7IAD,001N400000NlDD1IAN,Conviver,111199.8,2026-03-04,2026-04-13,2026-03-04 15:40:23,7,7,7,Oportunidade perdida,lost,40,0,6,0,0,21.0,Prospecção,250-500,A - Referência,800.0,Alta,121.0,140.0,0.0,61.0,Aracaju,SE,Censo Escolar/Fale conosco,Não segue orientação religiosa específica,,005N400000DAcxOIAT,R$ 1.000 a R$ 1.500,2026,Farias Brito,10.0,1.0,1 - Sim,1.0,Inbound Poliedro 2025,2.0,2026-04-13,Existe um contrato de longo prazo,0.0
006N400000ZB4yeIAD,001N400000LGM71IAH,Polígono,484023.0,2026-03-04,2026-06-19,2026-03-04 15:11:32,5,5,5,Proposta personalizada,open,107,0,4,0,0,0.0,Prospecção,250-500,C - Estruturação,575.0,Média,148.0,57.0,0.0,51.0,Mariana,MG,Censo Escolar 2021,Não segue orientação religiosa específica,,005N400000OGlMvIAL,R$ 500 a R$ 1.000,2026,FTD,12.0,1.0,3 - Não,2.0,Conexões 13/04 a 15/04 | Estudo de Geomarketing,2.0,2026-06-19,Escola não adota sistema de ensino,
006N400000ZCvMgIAL,001N400000C8O4kIAF,Polígono,391488.0,2026-03-04,2026-04-23,2026-03-04 15:11:32,3,3,3,Validação pedagógica,open,50,0,2,0,0,0.0,Prospecção,500-750,C - Estruturação,600.0,Alta,184.0,378.0,152.0,0.0,Fortaleza,CE,Censo Escolar 2021,Não segue orientação religiosa específica,,005N400000P9zIoIAJ,R$ 100 a R$ 500,2026,SAE Digital,13.0,1.0,3 - Não,,,1.0,2026-04-23,,
006N400000ZCz1xIAD,0014v00002NCi35AAD,Poliedro,321000.0,2026-03-04,2026-06-23,2026-03-04 15:11:29,6,6,6,Oportunidade perdida,lost,111,0,5,0,0,26.0,Prospecção,0-250,B - Aceleração,650.0,Baixa,105.0,0.0,0.0,0.0,Congonhas,MG,Censo Escolar 2019,Não segue orientação religiosa específica,Fundacao Csn Para O Desenvolvimento Social E A Construcao Da Cidadania,005N400000OGlMvIAL,R$ 1.500 a R$ 2.000,2028,Farias Brito,9.0,1.0,3 - Não,1.0,Diálogos Belo Horizonte 2026-04-08,1.0,2026-06-23,Renovou com atual parceiro,0.0
006N400000ZD3dRIAT,001N400000NlAgTIAV,Polígono,148567.54,2026-03-04,2026-07-22,2026-03-04 15:11:32,4,4,4,Oportunidade perdida,lost,140,0,3,0,0,72.0,Prospecção,0-250,C - Estruturação,575.0,Alta,77.0,119.0,38.0,0.0,Bom Despacho,MG,Censo Escolar 2023,Não segue orientação religiosa específica,,0054v00000EkfjPAAR,R$ 500 a R$ 1.000,2027,FTD,4.0,1.0,3 - Não,,,1.0,2026-07-22,Satisfação com serviço do atual parceiro,0.0
006N400000ZDJWxIAP,001N400000Bg28qIAB,Poliedro,458547.6,2026-03-09,2026-07-21,2026-03-09 19:36:33,4,4,4,Oportunidade perdida,lost,134,0,3,0,0,36.0,Prospecção,250-500,B - Aceleração,750.0,Alta,231.0,0.0,0.0,34.0,Conceição do Jacuípe,BA,Censo Escolar 2021,Não segue orientação religiosa específica,,005N400000Dew5pIAB,R$ 500 a R$ 1.000,2026,SAS,7.0,1.0,3 - Não,,,1.0,2026-07-21,Existe um contrato de longo prazo,0.0
006N400000ZDe3WIAT,001N400000A0SOLIA3,Polígono,191365.61,2026-03-04,2026-05-15,2026-03-04 15:11:32,6,6,6,Negociação e ajuste financeiro,open,72,0,5,0,0,1.0,Prospecção,0-250,B - Aceleração,700.0,Alta,0.0,196.0,40.0,0.0,Feira de Santana,BA,Censo Escolar 2021,Não segue orientação religiosa específica,,005N400000Dew5pIAB,R$ 500 a R$ 1.000,2026,Farias Brito,36.0,1.0,1 - Sim,2.0,Estudo de Geomarketing | Imersão 2026-05-19,2.0,2026-07-17,Satisfação com preço do atual parceiro,
006N400000ZE7IQIA1,001N400000H2DnOIAV,Poliedro,280500.92,2026-02-10,2026-05-06,2026-02-10 16:30:10,2,2,2,Oportunidade perdida,lost,85,0,1,0,0,85.0,Prospecção,0-250,B - Aceleração,700.0,Não prioritária,73.0,0.0,0.0,48.0,Niterói,RJ,Censo Escolar 2021,Não segue orientação religiosa específica,ALFA CEM,005N400000Of55xIAB,R$ 1.500 a R$ 2.000,2026,Material Próprio,2.0,1.0,3 - Não,,,1.0,2026-05-06,Escola não adota sistema de ensino,0.0
006N400000ZE7rvIAD,0014v00002gjPfzAAE,Poliedro,21312.72,2026-03-04,2026-06-18,2026-03-04 15:11:29,3,3,3,Validação pedagógica,open,106,0,2,0,0,35.0,Prospecção,250-500,B - Aceleração,700.0,Média,173.0,221.0,44.0,0.0,Quixadá,CE,Censo Escolar 2021,Católica,Rede SMIC - Sororum Missionarium Immaculata e Conception,0056g00000468kkAAA,R$ 1.000 a R$ 1.500,2026,Editora Construir,12.0,1.0,1 - Sim,1.0,Encontro de Lideranças Católicas,1.0,2026-06-18,,
006N400000ZECTQIA5,0014v00002sbqqqAAA,Poliedro,765620.21,2026-03-04,2026-05-05,2026-03-04 15:11:29,4,4,4,Oportunidade perdida,lost,62,0,3,0,0,40.0,Prospecção,Acima de 1.000,A - Referência,950.0,Alta,365.0,447.0,123.0,216.0,São Luís,MA,Prospeccao_ativa,Não segue orientação religiosa específica,,0054v00000DjxE1AAJ,R$ 1.500 a R$ 2.000,2026,Livros Didáticos,5.0,1.0,3 - Não,,,1.0,2026-05-05,Satisfação com serviço do atual parceiro,0.0
006N400000ZEIHBIA5,0014v00002sbpQDAAY,Poliedro,1454084.57,2026-04-30,2026-07-14,2026-04-30 20:46:01,7,7,7,Oportunidade perdida,lost,75,0,6,0,0,41.0,Prospecção,500-750,B - Aceleração,650.0,Alta,245.0,348.0,0.0,134.0,Santo André,SP,Censo Escolar/Fale conosco,Não segue orientação religiosa específica,,005N400000P4NcLIAV,R$ 2.000 a R$ 2.500,2026,Plurall,15.0,1.0,1 - Sim,2.0,Inbound Poliedro 2026 | Relatório Enem,2.0,2026-07-14,Alteração de CNPJ na conta (uso de operações comerciais) | Escola não adota sistema de ensino,0.0
006N400000ZEJwKIAX,0014v00002Kwi9GAAR,Poliedro,160000.0,2026-03-04,2026-06-02,2026-03-04 15:11:29,6,6,6,Oportunidade perdida,lost,90,0,5,0,0,6.0,Prospecção,0-250,B - Aceleração,700.0,Baixa,48.0,53.0,14.0,24.0,Belo Horizonte,MG,Censo Escolar 2019,Não segue orientação religiosa específica,,005N400000OGlMvIAL,R$ 1.000 a R$ 1.500,2030,Multitude,5.0,1.0,3 - Não,2.0,Diálogos Belo Horizonte 2026-04-08 | Estudo de Geomarketing,1.0,2026-06-02,Pacote agressivo de benefícios do concorrente,0.0
006N400000ZEN2DIAX,001N400000B1pmwIAB,Poliedro,1080070.58,2026-05-11,2026-05-12,2026-05-11 16:08:36,3,3,3,Validação pedagógica,open,1,0,2,0,0,0.0,Prospecção,Acima de 1.000,B - Aceleração,725.0,Alta,357.0,398.0,131.0,156.0,São Luís,MA,Censo Escolar 2021,Não segue orientação religiosa específica,,0054v00000DjxE1AAJ,R$ 1.000 a R$ 1.500,2026,Bernoulli,11.0,1.0,1 - Sim,1.0,Relatório Enem,1.0,2026-05-12,,
006N400000ZETkQIAX,0016g00000EHmT4AAL,Poliedro,636743.59,2026-03-04,2026-05-18,2026-03-04 15:11:29,6,6,6,Negociação e ajuste financeiro,open,75,0,5,0,0,21.0,Prospecção,250-500,C - Estruturação,550.0,Média,165.0,123.0,27.0,68.0,Manaus,AM,Censo Escolar 2019,Não segue orientação religiosa específica,,005N400000NsHxxIAF,R$ 1.000 a R$ 1.500,2026,SAS,13.0,1.0,1 - Sim,3.0,Conexões 13/04 a 15/04 | Diálogos Bett Brasil 2026-05-07 | Estudo de Geomarketing,1.0,2026-05-18,,
006N400000ZElarIAD,001N400000LGM71IAH,Conviver,117419.55,2026-03-23,2026-06-19,2026-03-23 22:20:04,5,5,5,Oportunidade perdida,lost,88,0,4,0,0,0.0,Prospecção,250-500,C - Estruturação,575.0,Média,148.0,57.0,0.0,51.0,Mariana,MG,Censo Escolar 2021,Não segue orientação religiosa específica,,005N400000OGlMvIAL,R$ 500 a R$ 1.000,2026,FTD,12.0,1.0,3 - Não,2.0,Conexões 13/04 a 15/04 | Estudo de Geomarketing,2.0,2026-06-19,Escola não adota sistema de ensino,0.0
006N400000ZEppiIAD,001N400000NlBqBIAV,Polígono,164614.51,2026-03-04,2026-04-10,2026-03-04 15:11:32,5,5,5,Oportunidade perdida,lost,37,0,4,0,0,25.0,Prospecção,0-250,C - Estruturação,500.0,Não prioritária,74.0,112.0,26.0,0.0,Cuiabá,MT,Censo Escolar 2023,Não segue orientação religiosa específica,,005N400000PA8nVIAT,R$ 1.000 a R$ 1.500,2026,Geekie One,4.0,1.0,1 - Sim,,,1.0,2026-04-10,Pacote agressivo de benefícios do concorrente,0.0
006N400000ZEz2hIAD,001N400000NlAcPIAV,Poliedro,656924.17,2026-03-04,2026-05-22,2026-03-04 15:11:29,5,5,5,Oportunidade perdida,lost,79,0,4,0,0,43.0,Prospecção,250-500,C - Estruturação,625.0,Alta,126.0,298.0,76.0,0.0,Feira de Santana,BA,Censo Escolar 2023,Não segue orientação religiosa específica,,005N400000Dew5pIAB,R$ 500 a R$ 1.000,2026,Moderna Compartilha,15.0,1.0,3 - Não,,,1.0,2026-05-22,,0.0
006N400000ZFC38IAH,0014v00002NC7KFAA1,Polígono,125000.0,2026-03-04,2026-05-21,2026-03-04 15:11:32,5,5,5,Oportunidade perdida,lost,78,0,4,0,0,62.0,Prospecção,250-500,C - Estruturação,625.0,Alta,106.0,114.0,34.0,49.0,São Luís,MA,Censo Escolar 2019,Não segue orientação religiosa específica,,0054v00000DjxE1AAJ,R$ 500 a R$ 1.000,2027,Geekie One,6.0,1.0,3 - Não,,,1.0,2026-05-21,Satisfação com serviço do atual parceiro,0.0
006N400000ZHDuLIAX,001N400000E5O86IAF,Polígono,381143.07,2026-03-04,2026-06-01,2026-03-04 15:11:32,5,5,5,Oportunidade perdida,lost,89,0,4,0,0,33.0,Prospecção,250-500,D - Capilaridade,475.0,Alta,145.0,131.0,0.0,50.0,Rio de Janeiro,RJ,Censo Escolar 2021,Não segue orientação religiosa específica,Centro Educacional Amelia Bittencourt Ltda,005N400000DAfNPIA1,R$ 500 a R$ 1.000,2026,Moderna Compartilha,16.0,1.0,3 - Não,3.0,Imersão 2026-03-18 | Inbound Poliedro 2026 | Relatório Enem,1.0,2026-06-01,Satisfação com serviço do atual parceiro,0.0
006N400000ZHHxxIAH,0014v00002SMpnQAAT,Polígono,440093.99,2026-03-04,2026-05-13,2026-03-04 15:11:32,5,5,5,Oportunidade perdida,lost,70,0,4,0,0,68.0,Prospecção,500-750,B - Aceleração,775.0,Alta,231.0,292.0,62.0,133.0,Santo André,SP,Censo Escolar 2019,Não segue orientação religiosa específica,,005N400000P4NcLIAV,R$ 1.000 a R$ 1.500,2027,Positivo,5.0,1.0,3 - Não,,,2.0,2026-05-13,Escola não adota sistema de ensino | Satisfação com preço e serviço do atual parceiro,0.0
006N400000ZHiroIAD,001N400000NlAicIAF,Polígono,279678.38,2026-03-04,2026-07-23,2026-03-04 15:11:32,7,7,7,Oportunidade perdida,lost,141,0,6,0,0,63.0,Prospecção,250-500,C - Estruturação,575.0,Média,100.0,186.0,54.0,0.0,Cuiabá,MT,Censo Escolar 2023,Não segue orientação religiosa específica,,005N400000PA8nVIAT,R$ 1.000 a R$ 1.500,2026,Geekie One,11.0,1.0,3 - Não,2.0,Estudo de Geomarketing | Imersão 2026-05-19,1.0,2026-07-23,Alteração de CNPJ na conta (uso de operações comerciais),0.0
006N400000ZHjvqIAD,001N400000iq18YIAQ,Poliedro,28744.76,2026-03-04,2026-06-16,2026-03-04 15:11:29,4,4,4,Proposta tabela,open,104,0,3,0,0,22.0,,,,,,,,,,,,,,,,,,,,1.0,1 - Sim,1.0,Inbound Poliedro 2026,1.0,2026-06-16,,
006N400000ZHn9sIAD,0016g00000FXokxAAD,Poliedro,789888.4,2026-03-04,2026-04-30,2026-03-04 15:11:29,3,3,3,Validação pedagógica,open,57,0,2,0,0,0.0,Prospecção,250-500,B - Aceleração,675.0,Alta,0.0,331.0,113.0,0.0,Montes Claros,MG,Censo Escolar 2019,Não segue orientação religiosa específica,,005N400000OGlMvIAL,R$ 1.000 a R$ 1.500,2026,Amplia,4.0,1.0,3 - Não,1.0,Diálogos Belo Horizonte 2026-04-08,1.0,2026-04-30,,
006N400000ZIOpMIAX,001N400000LT1nrIAD,Polígono,200233.62,2026-03-04,2026-06-24,2026-03-04 15:11:32,5,5,5,Oportunidade perdida,lost,112,0,4,0,0,15.0,Prospecção,0-250,C - Estruturação,575.0,Baixa,68.0,94.0,27.0,34.0,Duque de Caxias,RJ,Censo Escolar 2021,Não segue orientação religiosa específica,,005N400000DAfNPIA1,R$ 100 a R$ 500,2028,SAE Digital,9.0,1.0,3 - Não,1.0,Estudo de Geomarketing,1.0,2026-06-24,Renovou com atual parceiro,0.0
006N400000ZIVlyIAH,001N400000NlDJlIAN,Polígono,475458.2,2026-03-04,2026-03-10,2026-03-04 15:46:47,6,6,6,Negociação e ajuste financeiro,open,6,0,5,0,0,0.0,Prospecção,500-750,B - Aceleração,650.0,Alta,183.0,243.0,43.0,94.0,Guarulhos,SP,Censo Escolar 2023,,,005N400000P4NcLIAV,R$ 1.500 a R$ 2.000,2026,Geekie One,10.0,1.0,1 - Sim,2.0,Diálogos Bett Brasil 2026-05-07 | Relatório Enem,2.0,2026-08-04,,
006N400000ZJlC1IAL,0016g00000CJg0BAAT,Conviver,99785.5,2026-03-09,2026-04-25,2026-03-09 15:23:22,3,3,3,Validação pedagógica,open,47,0,2,0,0,47.0,Prospecção,500-750,A - Referência,800.0,Alta,239.0,183.0,61.0,98.0,Aquiraz,CE,Censo Escolar/Fale conosco,Não segue orientação religiosa específica,,005N400000DAk0TIAT,R$ 500 a R$ 1.000,2027,SAS,,1.0,3 - Não,,,1.0,2026-04-25,,
006N400000ZJqBjIAL,001N400000B70wHIAR,Poliedro,670487.56,2026-03-04,2026-07-28,2026-03-04 15:44:09,13,13,13,Contrato assinado,won,146,2,10,0,0,0.0,Prospecção,Acima de 1.000,B - Aceleração,725.0,Alta,326.0,399.0,126.0,164.0,Taboão da Serra,SP,Censo Escolar/Fale conosco,Não segue orientação religiosa específica,,005N400000P4NcLIAV,R$ 1.000 a R$ 1.500,2026,PH,16.0,1.0,1 - Sim,4.0,Conexões 13/04 a 15/04 | Estudo de Geomarketing | Inbound Poliedro 2025 | Relatório Enem,2.0,2026-07-28,,1.0
006N400000ZJz3fIAD,0014v00002fF73FAAS,Polígono,177693.6,2026-03-04,2026-04-25,2026-03-04 15:11:32,3,3,3,Oportunidade perdida,lost,52,0,2,0,0,47.0,Prospecção,0-250,C - Estruturação,575.0,Baixa,69.0,69.0,31.0,0.0,Baturité,CE,Censo Escolar 2021,Não segue orientação religiosa específica,,005N400000DAk0TIAT,R$ 1.000 a R$ 1.500,2026,Farias Brito,1.0,1.0,3 - Não,,,1.0,2026-04-25,,0.0
006N400000ZKKGCIA5,0014v00002ggg44AAA,Polígono,99715.98,2026-03-20,2026-05-12,2026-03-20 16:47:12,4,4,4,Oportunidade perdida,lost,53,0,3,0,0,25.0,Prospecção,250-500,C - Estruturação,575.0,Média,100.0,155.0,51.0,0.0,São Luís,MA,Censo Escolar 2021,Não segue orientação religiosa específica,,0054v00000DjxE1AAJ,R$ 500 a R$ 1.000,2027,Positivo,7.0,1.0,3 - Não,,,1.0,2026-05-12,Satisfação com serviço do atual parceiro,0.0
006N400000ZL1JWIA1,001N400000Az7oQIAR,Poliedro,440513.28,2026-03-04,2026-05-11,2026-03-04 15:11:29,3,3,3,Validação pedagógica,open,68,0,2,0,0,6.0,Prospecção,250-500,C - Estruturação,600.0,Média,141.0,94.0,18.0,73.0,Contagem,MG,Censo Escolar 2021,Não segue orientação religiosa específica,,0054v00000EkfjPAAR,R$ 500 a R$ 1.000,2027,FTD,14.0,1.0,1 - Sim,2.0,Conexões 13/04 a 15/04 | Estudo de Geomarketing,2.0,2026-06-08,Satisfação com serviço do atual parceiro,
006N400000ZL44VIAT,0014v00002gjMVqAAM,Poliedro,762713.2,2026-03-04,2026-03-09,2026-03-04 15:11:29,2,2,2,Oportunidade perdida,lost,5,0,1,0,0,5.0,Prospecção,500-750,A - Referência,825.0,Alta,242.0,278.0,106.0,68.0,Araci,BA,Censo Escolar 2021,Não segue orientação religiosa específica,,005N400000DAcxOIAT,R$ 0 a R$ 500,2028,SAE Digital,4.0,1.0,1 - Sim,,,1.0,2026-03-09,Satisfação com serviço do atual parceiro,0.0
006N400000ZLQg5IAH,001N400000HWoSwIAL,Poliedro,81415.8,2026-05-22,2026-07-27,2026-05-22 15:07:14,5,5,5,Oportunidade perdida,lost,66,0,4,0,0,38.0,Prospecção,Acima de 1.000,B - Aceleração,750.0,Alta,384.0,466.0,115.0,131.0,Rio de Janeiro,RJ,Censo Escolar 2021,Católica,,0054v00000DvfXIAAZ,R$ 1.500 a R$ 2.000,2027,Anglo,5.0,1.0,3 - Não,,,1.0,2026-07-27,Satisfação com serviço do atual parceiro,0.0
006N400000ZLU6zIAH,001N400000B1mkDIAR,Poliedro,676243.51,2026-03-26,2026-07-29,2026-03-26 17:45:10,6,6,6,Oportunidade perdida,lost,125,0,5,0,0,34.0,Prospecção,500-750,B - Aceleração,675.0,Alta,194.0,203.0,58.0,117.0,São Luís,MA,Censo Escolar 2021,Não segue orientação religiosa específica,,0054v00000DjxE1AAJ,R$ 500 a R$ 1.000,2026,Farias Brito,15.0,1.0,3 - Não,3.0,Conexões 13/04 a 15/04 | Estudo de Geomarketing | Relatório Enem,1.0,2026-07-29,Satisfação com serviço do atual parceiro,0.0
006N400000ZLVeHIAX,001N400000NlDndIAF,Poliedro,872732.18,2026-03-17,2026-07-31,2026-03-17 20:23:23,12,12,12,Contrato assinado,won,136,1,10,0,0,0.0,Prospecção,Acima de 1.000,B - Aceleração,750.0,Alta,394.0,459.0,117.0,192.0,Petrolina,PE,Censo Escolar 2023,Evangélica,Rede Não Localizada,0056g00000468kkAAA,R$ 1.000 a R$ 1.500,2026,Mackenzie,22.0,1.0,1 - Sim,3.0,Estudo de Geomarketing | Inbound Conviver 2025 | Inbound Poliedro 2025,2.0,2026-07-31,,1.0
006N400000ZLWjxIAH,001N400000JX6JtIAL,Polígono,129651.68,2026-03-06,2026-03-25,2026-03-06 18:22:39,2,2,2,Oportunidade perdida,lost,19,0,1,0,0,19.0,Prospecção,0-250,C - Estruturação,575.0,Alta,80.0,96.0,50.0,0.0,São João de Meriti,RJ,Censo Escolar 2021,Não segue orientação religiosa específica,,005N400000DAfNPIA1,R$ 100 a R$ 500,2026,Amplia,4.0,1.0,3 - Não,,,1.0,2026-03-25,Análise de Impacto de Escola Associada,0.0
006N400000ZMBOtIAP,0014v00002SO5k2AAD,Polígono,302293.32,2026-03-04,2026-07-26,2026-03-04 15:11:32,4,4,4,Proposta tabela,open,144,0,3,0,0,81.0,Prospecção,250-500,B - Aceleração,675.0,Média,201.0,116.0,16.0,82.0,Caieiras,SP,Censo Escolar 2019,Não segue orientação religiosa específica,,005N400000OePRkIAN,R$ 500 a R$ 1.000,2026,SAE Digital,4.0,1.0,3 - Não,,,1.0,2026-07-26,,
006N400000ZMGEsIAP,001N400000AyzhFIAR,Poliedro,1242920.94,2026-03-26,2026-07-28,2026-03-26 20:12:32,5,5,5,Proposta personalizada,open,124,0,4,0,0,5.0,Prospecção,250-500,C - Estruturação,600.0,Média,224.0,248.0,0.0,0.0,Belo Horizonte,MG,Censo Escolar 2021,,Colegio S E S Ltda,0054v00000EkfjPAAR,R$ 500 a R$ 1.000,Sem Dados,FTD,12.0,1.0,1 - Sim,2.0,Diálogos Belo Horizonte 2026-04-08 | Diálogos Bett Brasil 2026-05-07,1.0,2026-07-28,,
006N400000ZMKf7IAH,001N400000AJOaQIAX,Poliedro,829962.29,2026-03-04,2026-04-10,2026-03-04 15:11:29,3,3,3,Validação pedagógica,open,37,0,2,0,0,10.0,Prospecção,750-1.000,B - Aceleração,775.0,Alta,266.0,258.0,76.0,184.0,Brasília,DF,Censo Escolar 2021,Católica,PBSCJ - Sagrado Rede de Educação,0056g0000034OkWAAU,R$ 2.000 a R$ 2.500,2026,Livros Didáticos,4.0,1.0,3 - Não,1.0,Estudo de Geomarketing,1.0,2026-04-10,,
006N400000ZMOIuIAP,0016g00000MAFeXAAX,Polígono,251043.6,2026-03-05,2026-05-26,2026-03-05 12:42:24,4,4,4,Oportunidade perdida,lost,82,0,3,0,0,14.0,Prospecção,250-500,C - Estruturação,575.0,Alta,86.0,186.0,67.0,0.0,Arapiraca,AL,Censo Escolar 2019,Não segue orientação religiosa específica,,0056g0000034OkZAAU,R$ 500 a R$ 1.000,2026,Geekie One,6.0,1.0,1 - Sim,,,1.0,2026-05-26,Satisfação com serviço do atual parceiro,0.0
006N400000ZMd4zIAD,001N400000AroXMIAZ,Poliedro,521813.02,2026-03-04,2026-04-16,2026-03-04 15:11:29,2,2,2,Oportunidade perdida,lost,43,0,1,0,0,43.0,Prospecção,250-500,B - Aceleração,650.0,Alta,161.0,144.0,53.0,66.0,Serrinha,BA,Censo Escolar 2021,Não segue orientação religiosa específica,,005N400000DAcxOIAT,R$ 500 a R$ 1.000,2026,COC,4.0,1.0,3 - Não,,,1.0,2026-04-16,Satisfação com serviço do atual parceiro,0.0
006N400000ZMkT8IAL,001N400000heb0MIAQ,Polígono,9377.4,2026-03-04,2026-03-31,2026-03-04 15:39:45,4,4,4,Oportunidade perdida,lost,27,0,3,0,0,27.0,Prospecção,Sem Dados,D - Capilaridade,200.0,Não prioritária,0.0,0.0,0.0,0.0,Manaus,AM,Censo Escolar 2023,,,005N400000NsHxxIAF,Sem informação,2027,Editora Brasil,3.0,1.0,3 - Não,,,1.0,2026-03-31,Existe um contrato de longo prazo,0.0
006N400000ZMuU4IAL,0014v00002m5tXaAAI,Polígono,181914.99,2026-03-04,2026-07-17,2026-03-04 15:11:32,6,6,6,Oportunidade perdida,lost,135,0,5,0,0,63.0,Prospecção,250-500,C - Estruturação,575.0,Alta,214.0,194.0,34.0,45.0,Lauro de Freitas,BA,Censo Escolar 2021,Não segue orientação religiosa específica,,005N400000Dew5pIAB,R$ 500 a R$ 1.000,2026,Irium Educação,15.0,1.0,1 - Sim,1.0,Imersão 2026-04-09,2.0,2026-07-17,Existe um contrato de longo prazo | Satisfação com serviço do atual parceiro,0.0
006N400000ZMyPcIAL,001N400000EM6wLIAT,Polígono,73481.14,2026-03-04,2026-08-06,2026-03-04 15:11:32,9,9,9,Oportunidade perdida,lost,155,0,8,0,0,45.0,Prospecção,0-250,C - Estruturação,550.0,Baixa,69.0,79.0,0.0,14.0,Anápolis,GO,Censo Escolar 2021,Católica,Rede Não Localizada,0056g0000034OkWAAU,R$ 500 a R$ 1.000,2026,FTD,7.0,1.0,1 - Sim,,,,,,0.0
006N400000ZN0WGIA1,001N400000NlM1yIAF,Poliedro,1151029.88,2026-07-03,2026-07-14,2026-07-03 19:31:43,4,4,4,Proposta tabela,open,11,0,3,0,0,1.0,Prospecção,Acima de 1.000,B - Aceleração,775.0,Alta,333.0,354.0,161.0,192.0,São Paulo,SP,Censo Escolar 2023,Católica,Franciscanas Da Providência De Deus,0056g0000034OkkAAE,R$ 100 a R$ 500,2028,SAS,9.0,1.0,3 - Não,1.0,Estudo de Geomarketing,1.0,2026-07-14,,
006N400000ZN2Q0IAL,001N400000NlLzgIAF,Conviver,90971.48,2026-05-15,2026-08-04,2026-05-15 22:32:13,4,4,4,Oportunidade perdida,lost,81,0,3,0,0,43.0,Prospecção,500-750,B - Aceleração,650.0,Alta,154.0,157.0,40.0,226.0,São Paulo,SP,Censo Escolar 2023,Não segue orientação religiosa específica,,005N400000Dj7E2IAJ,R$ 500 a R$ 1.000,2026,Objetivo,6.0,1.0,3 - Não,,,1.0,2026-08-04,Escola não adota sistema de ensino,0.0
006N400000ZN567IAD,0014v00002dt0L0AAI,Polígono,363417.08,2026-03-04,2026-07-13,2026-03-04 15:11:32,4,4,4,Oportunidade perdida,lost,131,0,3,0,0,56.0,Prospecção,250-500,B - Aceleração,700.0,Alta,215.0,126.0,32.0,97.0,Itapaci,GO,Censo Escolar 2019,Católica,Religiosas Da Assunção De Nossa Senhora,0056g0000034OkWAAU,R$ 1.000 a R$ 1.500,2026,Positivo,3.0,1.0,3 - Não,,,1.0,2026-07-13,Satisfação com preço do atual parceiro,0.0
006N400000ZN7SrIAL,0014v00002m5tXaAAI,Conviver,123031.34,2026-03-04,2026-05-14,2026-03-04 15:11:29,4,4,4,Oportunidade perdida,lost,71,0,3,0,0,20.0,Prospecção,250-500,C - Estruturação,575.0,Alta,214.0,194.0,34.0,45.0,Lauro de Freitas,BA,Censo Escolar 2021,Não segue orientação religiosa específica,,005N400000Dew5pIAB,R$ 500 a R$ 1.000,2026,Irium Educação,15.0,1.0,1 - Sim,1.0,Imersão 2026-04-09,2.0,2026-07-17,Existe um contrato de longo prazo | Satisfação com serviço do atual parceiro,0.0
006N400000ZN93FIAT,0014v00002KvPNYAA3,Poliedro,872743.3,2026-03-04,2026-08-07,2026-03-04 15:11:29,4,4,4,Oportunidade perdida,lost,156,0,3,0,0,81.0,Prospecção,750-1.000,B - Aceleração,700.0,Não prioritária,260.0,284.0,98.0,110.0,Barra do Garças,MT,Censo Escolar 2019,Católica,Rede Salesiana,0056g0000034OkWAAU,R$ 1.000 a R$ 1.500,2026,Editora Própria Salesiana,1.0,1.0,3 - Não,1.0,Relatório Enem,1.0,2026-08-07,Satisfação com serviço do atual parceiro,0.0
006N400000ZNBbMIAX,001N400000Nl9XSIAZ,Polígono,358043.6,2026-03-04,2026-05-22,2026-03-04 15:11:32,3,3,3,Validação pedagógica,open,79,0,2,0,0,7.0,Prospecção,500-750,C - Estruturação,625.0,Alta,0.0,435.0,139.0,0.0,Alagoinhas,BA,Censo Escolar 2023,Não segue orientação religiosa específica,,005N400000Dew5pIAB,R$ 500 a R$ 1.000,2026,Editora IBEP,14.0,1.0,3 - Não,,,1.0,2026-05-22,,
006N400000ZNW4iIAH,001N4000009Wh1RIAS,Conviver,51973.77,2026-03-04,2026-07-28,2026-03-04 15:11:29,5,5,5,Oportunidade perdida,lost,146,0,4,0,0,137.0,Prospecção,250-500,B - Aceleração,725.0,Média,159.0,91.0,23.0,37.0,Parnamirim,RN,Censo Escolar 2021,Não segue orientação religiosa específica,,005N400000DevL3IAJ,R$ 500 a R$ 1.000,2026,Anglo,14.0,1.0,1 - Sim,3.0,Conexões 13/04 a 15/04 | Estudo de Geomarketing | Relatório Enem,2.0,2026-08-03,Existe um contrato de longo prazo | Pacote agressivo de benefícios do concorrente,0.0
006N400000ZNWuOIAX,001N4000008qCTpIAM,Conviver,40297.46,2026-03-04,2026-07-31,2026-03-04 15:11:29,4,4,4,Oportunidade perdida,lost,149,0,3,0,0,100.0,Prospecção,0-250,B - Aceleração,650.0,Média,134.0,0.0,0.0,58.0,Maracanaú,CE,Censo Escolar 2021,,,005N400000P9zIoIAJ,R$ 100 a R$ 500,2027,SAE Digital,3.0,1.0,1 - Sim,,,1.0,2026-07-31,Perda automática por higienização,0.0
006N400000ZNZ7SIAX,0014v00002f9aaxAAA,Conviver,591482.37,2026-03-04,2026-05-14,2026-03-04 15:11:29,4,4,4,Oportunidade perdida,lost,71,0,3,0,0,8.0,Prospecção,Acima de 1.000,B - Aceleração,750.0,Alta,765.0,917.0,259.0,0.0,Caucaia,CE,Censo Escolar 2019,Não segue orientação religiosa específica,,005N400000P9zIoIAJ,R$ 1.000 a R$ 1.500,2028,SAS,4.0,1.0,3 - Não,,,1.0,2026-05-14,Existe um contrato de longo prazo,0.0
006N400000ZNmj1IAD,0016g00000MC4aIAAT,Conviver,56584.6,2026-03-04,2026-05-06,2026-03-04 15:11:29,3,3,3,Validação pedagógica,open,63,0,2,0,0,28.0,Prospecção,250-500,C - Estruturação,575.0,Média,0.0,198.0,56.0,0.0,Maracanaú,CE,Censo Escolar 2019,,,005N400000P9zIoIAJ,R$ 100 a R$ 500,2027,SAE Digital,5.0,1.0,3 - Não,,,1.0,2026-05-06,,
006N400000ZNooCIAT,001N400000953zZIAQ,Polígono,144626.24,2026-03-04,2026-05-06,2026-03-04 15:11:32,4,4,4,Oportunidade perdida,lost,63,0,3,0,0,6.0,Prospecção,500-750,B - Aceleração,675.0,Alta,0.0,389.0,159.0,0.0,Maracanaú,CE,Censo Escolar 2021,Não segue orientação religiosa específica,,005N400000P9zIoIAJ,R$ 100 a R$ 500,2029,Farias Brito,2.0,1.0,3 - Não,,,1.0,2026-05-06,Pacote agressivo de benefícios do concorrente,0.0
006N400000ZNyIfIAL,0016g00000EHsaTAAT,Poliedro,440988.52,2026-03-04,2026-06-08,2026-03-04 15:11:29,4,4,4,Oportunidade perdida,lost,96,0,3,0,0,47.0,Prospecção,250-500,B - Aceleração,725.0,Não prioritária,105.0,104.0,36.0,141.0,Caucaia,CE,Censo Escolar 2019,,,005N400000P9zIoIAJ,R$ 100 a R$ 500,2027,Farias Brito,8.0,1.0,1 - Sim,,,1.0,2026-06-08,Preço de venda abaixo do perfil do sistema de ensino,0.0
006N400000ZO4uLIAT,0014v00002drJrYAAU,Polígono,286854.98,2026-03-04,2026-05-06,2026-03-04 15:11:32,4,4,4,Oportunidade perdida,lost,63,0,3,0,0,0.0,Prospecção,250-500,C - Estruturação,600.0,Média,235.0,115.0,0.0,0.0,Maracanaú,CE,Censo Escolar 2019,Não segue orientação religiosa específica,,005N400000P9zIoIAJ,R$ 500 a R$ 1.000,2029,Santillana,3.0,1.0,3 - Não,,,1.0,2026-05-06,Pacote agressivo de benefícios do concorrente,0.0
006N400000ZOEAXIA5,001N400000F5e4EIAR,Poliedro,417632.86,2026-03-04,2026-05-06,2026-03-04 15:11:29,4,4,4,Oportunidade perdida,lost,63,0,3,0,0,0.0,Prospecção,250-500,C - Estruturação,575.0,Alta,0.0,310.0,163.0,0.0,Maracanaú,CE,Censo Escolar 2021,Não segue orientação religiosa específica,,005N400000P9zIoIAJ,R$ 100 a R$ 500,2029,Farias Brito,3.0,1.0,3 - Não,,,1.0,2026-05-06,Pacote agressivo de benefícios do concorrente,0.0
006N400000ZON5pIAH,0014v00002m7AmKAAU,Poliedro,332000.0,2026-03-04,2026-07-20,2026-03-04 15:11:29,6,6,6,Oportunidade perdida,lost,138,0,5,0,0,82.0,Prospecção,500-750,C - Estruturação,550.0,Alta,153.0,211.0,67.0,73.0,Fortaleza,CE,Censo Escolar 2021,Não segue orientação religiosa específica,,005N400000P9zIoIAJ,R$ 100 a R$ 500,2026,Editora Construir,11.0,1.0,1 - Sim,3.0,Diálogos Fortaleza 2026-04-16 | Estudo de Geomarketing | Relatório Enem,2.0,2026-07-20,Pacote agressivo de benefícios do concorrente | Satisfação com preço e serviço do atual parceiro,0.0
006N400000ZWYC6IAP,0014v00002lr6HAAAY,Poliedro,127085.0,2026-03-24,2026-06-11,2026-03-24 19:18:29,4,4,4,Oportunidade perdida,lost,79,0,3,0,0,24.0,Prospecção,0-250,C - Estruturação,500.0,Não prioritária,0.0,86.0,22.0,0.0,Manaus,AM,Censo Escolar 2021,Não segue orientação religiosa específica,,005N400000NsHxxIAF,R$ 500 a R$ 1.000,2027,Bernoulli,5.0,1.0,3 - Não,,,1.0,2026-06-11,Renovou com atual parceiro,0.0
006N400000ZWdtKIAT,001N400000heRTMIA2,Polígono,63998.2,2026-07-13,2026-07-13,2026-07-13 15:44:05,1,1,1,Solicitação de material,open,0,0,0,0,0,,Prospecção,0-250,D - Capilaridade,425.0,Não prioritária,0.0,23.0,60.0,0.0,Manaus,AM,Censo Escolar 2023,Não segue orientação religiosa específica,,005N400000NsHxxIAF,R$ 500 a R$ 1.000,2026,Editora IBEP,1.0,1.0,3 - Não,,,1.0,2026-07-13,,
006N400000ZXHnXIAX,0016g00000EE7RrAAL,Poliedro,654031.53,2026-03-04,2026-05-14,2026-03-04 15:38:36,12,12,12,Contrato assinado,won,71,1,10,0,0,0.0,Prospecção,Acima de 1.000,B - Aceleração,750.0,Alta,326.0,463.0,116.0,196.0,São Paulo,SP,Censo Escolar 2019,Católica,,0054v00000EkXMDAA3,R$ 1.000 a R$ 1.500,2026,COC,24.0,1.0,1 - Sim,1.0,Imersão 2026-03-31,2.0,2026-05-15,,1.0
006N400000ZXyFoIAL,0014v00002oLThwAAG,Poliedro,46727.18,2026-03-04,2026-07-03,2026-03-04 15:11:29,6,6,6,Negociação e ajuste financeiro,open,121,0,5,0,0,0.0,Prospecção,0-250,C - Estruturação,525.0,Alta,101.0,0.0,0.0,120.0,Petrópolis,RJ,Censo Escolar 2021,Não segue orientação religiosa específica,,005N400000Of55xIAB,R$ 500 a R$ 1.000,2026,Bernoulli,8.0,1.0,3 - Não,,,1.0,2026-07-03,,
006N400000ZYJgrIAH,001N400000NlDKHIA3,Poliedro,54973.1,2026-03-04,2026-07-03,2026-03-04 15:11:29,6,6,6,Negociação e ajuste financeiro,open,121,0,5,0,0,0.0,Prospecção,0-250,B - Aceleração,725.0,Alta,104.0,0.0,0.0,131.0,Petrópolis,RJ,Censo Escolar 2023,Não segue orientação religiosa específica,,005N400000Of55xIAB,R$ 1.000 a R$ 1.500,2026,Livros Didáticos,7.0,1.0,3 - Não,,,1.0,2026-07-03,,
006N400000ZZKirIAH,001N400000GPiSsIAL,Poliedro,681542.38,2026-03-24,2026-05-18,2026-03-24 20:02:21,2,2,2,Oportunidade perdida,lost,55,0,1,0,0,55.0,Prospecção,500-750,C - Estruturação,600.0,Alta,217.0,212.0,0.0,138.0,Manaus,AM,Censo Escolar 2021,Não segue orientação religiosa específica,,005N400000NsHxxIAF,R$ 500 a R$ 1.000,2027,COC,6.0,1.0,1 - Sim,,,1.0,2026-05-18,Perda automática por higienização,0.0
006N400000ZZVcgIAH,0014v00002UiaVgAAJ,Poliedro,1663664.29,2026-04-24,2026-07-22,2026-04-24 03:08:52,6,6,6,Proposta personalizada,open,89,1,4,0,0,19.0,Prospecção,0-250,C - Estruturação,525.0,Alta,0.0,0.0,0.0,21.0,Manaus,AM,Fale Conosco,Não segue orientação religiosa específica,,005N400000NsHxxIAF,R$ 1.500 a R$ 2.000,2026,Farias Brito,7.0,1.0,3 - Não,1.0,Relatório Enem,1.0,2026-07-22,,
006N400000ZZX1oIAH,001N400000FEGtvIAH,Polígono,63138.2,2026-07-13,2026-07-13,2026-07-13 14:14:12,1,1,1,Solicitação de material,open,0,0,0,0,0,,Prospecção,0-250,C - Estruturação,550.0,Média,89.0,118.0,39.0,0.0,Manaus,AM,Censo Escolar 2021,Não segue orientação religiosa específica,,005N400000NsHxxIAF,R$ 100 a R$ 500,2027,Conquista,2.0,1.0,3 - Não,,,1.0,2026-07-13,,
006N400000ZZaUIIA1,0016g00000FXKGDAA5,Polígono,537607.97,2026-03-04,2026-05-15,2026-03-04 15:11:32,5,5,5,Oportunidade perdida,lost,72,0,4,0,0,53.0,Prospecção,500-750,C - Estruturação,575.0,Alta,328.0,0.0,0.0,220.0,Feira de Santana,BA,Censo Escolar 2019,Não segue orientação religiosa específica,,005N400000Dew5pIAB,R$ 1.000 a R$ 1.500,2026,Aude,7.0,1.0,3 - Não,2.0,Diálogos Feira de Santana 2026-04-22 | Inbound Poliedro 2025,1.0,2026-05-15,Satisfação com serviço do atual parceiro,0.0
006N400000ZZcPhIAL,001N4000009MdwpIAC,Polígono,106233.2,2026-03-27,2026-05-18,2026-03-27 17:57:23,3,3,3,Validação pedagógica,open,52,0,2,0,0,0.0,Prospecção,0-250,B - Aceleração,650.0,Alta,0.0,150.0,61.0,0.0,Manaus,AM,Censo Escolar 2021,Não segue orientação religiosa específica,,005N400000NsHxxIAF,R$ 100 a R$ 500,2026,Conquista,4.0,1.0,1 - Sim,,,1.0,2026-05-18,,
006N400000ZZdVOIA1,001N400000JP3vsIAD,,0.0,2026-02-20,2026-05-20,2026-02-20 01:26:00,2,2,2,Oportunidade perdida,lost,89,0,1,0,0,89.0,Prospecção,250-500,C - Estruturação,575.0,Média,79.0,144.0,37.0,0.0,Manaus,AM,Censo Escolar 2021,Não segue orientação religiosa específica,,005N400000NsHxxIAF,R$ 1.000 a R$ 1.500,2027,FTD,2.0,1.0,3 - Não,,,1.0,2026-05-20,Satisfação com serviço do atual parceiro,0.0
006N400000ZZspSIAT,001N400000jieccIAA,Polígono,45383.2,2026-03-04,2026-07-27,2026-03-04 15:11:32,7,7,7,Oportunidade perdida,lost,145,0,6,0,0,91.0,,,,,,,,,,,,,,,,,,,,1.0,1 - Sim,,,1.0,2026-07-27,Satisfação com serviço do atual parceiro,0.0
006N400000Za1JJIAZ,001N400000jiLdbIAE,Polígono,61107.2,2026-03-24,2026-05-18,2026-03-24 19:59:46,4,4,4,Oportunidade perdida,lost,55,0,3,0,0,24.0,,,,,,,,,,,,,,,,,,,,1.0,3 - Não,,,2.0,2026-05-18,Satisfação com serviço do atual parceiro,0.0
006N400000ZaJ83IAF,001N400000jiLdbIAE,Polígono,55090.4,2026-03-24,2026-05-18,2026-03-24 20:01:59,3,3,3,Oportunidade perdida,lost,55,0,2,0,0,21.0,,,,,,,,,,,,,,,,,,,,1.0,3 - Não,,,2.0,2026-05-18,Satisfação com serviço do atual parceiro,0.0
006N400000ZaQPfIAN,001N400000HZtzBIAT,Polígono,235141.26,2026-03-04,2026-05-18,2026-03-04 15:11:32,4,4,4,Oportunidade perdida,lost,75,0,3,0,0,38.0,Prospecção,250-500,C - Estruturação,625.0,Média,110.0,77.0,22.0,74.0,Cuiabá,MT,Censo Escolar 2021,Católica,Irmãs Missionárias Do Bom Jesus,0056g0000034OkWAAU,R$ 1.000 a R$ 1.500,2026,SAS,3.0,1.0,3 - Não,,,1.0,2026-05-18,Existe um contrato de longo prazo,0.0
006N400000ZaULDIA3,0014v00002lYPqmAAG,Poliedro,310160.72,2026-03-04,2026-08-10,2026-03-04 15:11:29,12,12,12,Contrato assinado,won,159,1,10,0,0,41.0,Prospecção,500-750,A - Referência,800.0,Alta,226.0,266.0,72.0,123.0,São Luís,MA,Censo Escolar 2021,Católica,AEVSLM - Associação de Educação Vicentina Santa Luíza de Marillac,0056g00000468kkAAA,R$ 1.000 a R$ 1.500,2028,SM - Educamos,17.0,1.0,1 - Sim,4.0,Diálogos Bett Brasil 2026-05-07 | Encontro de Lideranças Católicas | Imersão 2026-06-25 - Poliedro (CEV) | Relatório Enem,2.0,2026-08-10,Pacote agressivo de benefícios do concorrente,1.0
006N400000ZadoHIAR,001N400000CsfqZIAR,Poliedro,337100.4,2026-03-04,2026-05-18,2026-03-04 15:11:29,3,3,3,Validação pedagógica,open,75,0,2,0,0,5.0,Prospecção,500-750,A - Referência,850.0,Alta,194.0,265.0,70.0,91.0,Ananindeua,PA,Censo Escolar 2021,Católica,Rede La Salle,0056g00000468kkAAA,R$ 1.000 a R$ 1.500,2026,Bernoulli,13.0,1.0,1 - Sim,,,1.0,2026-05-18,,
006N400000ZaeNoIAJ,0014v00002KvZCWAA3,Poliedro,704563.5,2026-03-04,2026-08-05,2026-03-04 15:11:29,4,4,4,Proposta tabela,open,154,0,3,0,0,48.0,Prospecção,Acima de 1.000,A - Referência,875.0,Alta,573.0,775.0,273.0,214.0,Teresina,PI,Censo Escolar 2019,Católica,ANBEAS - Rede Saviniana,0056g00000468kkAAA,R$ 1.500 a R$ 2.000,2026,Bernoulli,8.0,1.0,2 - Agendado,2.0,Encontro de Lideranças Católicas | Relatório Enem,1.0,2026-08-05,,
006N400000ZafmsIAB,001N40000098tGiIAI,Poliedro,840041.92,2026-03-04,2026-08-07,2026-03-04 15:11:29,5,5,5,Proposta personalizada,open,156,0,4,0,0,38.0,Prospecção,Acima de 1.000,B - Aceleração,700.0,Alta,526.0,347.0,80.0,374.0,Belém,PA,Censo Escolar 2021,Católica,ANBEAS - Rede Saviniana,0056g00000468kkAAA,R$ 1.000 a R$ 1.500,2026,Bernoulli,16.0,1.0,1 - Sim,4.0,Conexões 13/04 a 15/04 | Encontro de Lideranças Católicas | Estudo de Geomarketing | Relatório Enem,1.0,2026-08-07,,
006N400000Zb9OMIAZ,001N400000KIBJQIA5,Poliedro,504479.75,2026-03-04,2026-03-07,2026-03-04 15:11:29,3,3,3,Oportunidade perdida,lost,3,0,2,0,0,0.0,Prospecção,250-500,D - Capilaridade,475.0,Alta,153.0,143.0,33.0,78.0,Campina Grande,PB,Censo Escolar 2021,Não segue orientação religiosa específica,,005N400000DevL3IAJ,R$ 500 a R$ 1.000,2026,Ético,3.0,1.0,3 - Não,,,2.0,2026-03-07,Preço de venda abaixo do perfil do sistema de ensino | Satisfação com serviço do atual parceiro,0.0
006N400000ZbE1RIAV,001N400000Az9rrIAB,Polígono,1126302.7,2026-03-20,2026-03-20,2026-03-20 14:10:12,3,3,3,Validação pedagógica,open,0,0,2,0,0,0.0,Prospecção,Acima de 1.000,C - Estruturação,625.0,Alta,632.0,691.0,212.0,176.0,Campina Grande,PB,Censo Escolar 2021,Não segue orientação religiosa específica,,005N400000DevL3IAJ,R$ 100 a R$ 500,2027,Sucesso,5.0,1.0,3 - Não,,,1.0,2026-03-20,,
006N400000ZbqEvIAJ,0016g00000eT4GzAAK,Poliedro,583178.67,2026-05-14,2026-05-14,2026-05-14 02:48:42,3,3,3,Validação pedagógica,open,0,0,2,0,0,0.0,Prospecção,Acima de 1.000,A - Referência,875.0,Alta,394.0,418.0,112.0,241.0,Fortaleza,CE,Censo Escolar 2019,,,005N400000P9zIoIAJ,R$ 2.000 a R$ 2.500,2027,FTD,9.0,1.0,3 - Não,,,1.0,2026-05-14,,
006N400000ZbzzdIAB,001N400000NlF3OIAV,Poliedro,411161.94,2026-07-28,2026-07-28,2026-07-28 19:48:17,1,1,1,Solicitação de material,open,0,0,0,0,0,,Prospecção,Acima de 1.000,B - Aceleração,775.0,Alta,453.0,543.0,106.0,283.0,Fortaleza,CE,Censo Escolar 2023,,,005N400000P9zIoIAJ,Sem informação,2026,FTD,3.0,1.0,3 - Não,,,1.0,2026-07-28,,
006N400000ZdaibIAB,001N400000E08VNIAZ,,0.0,2026-05-15,2026-05-15,2026-05-15 12:51:20,4,4,4,Oportunidade perdida,lost,0,0,3,0,0,0.0,Prospecção,500-750,C - Estruturação,575.0,Alta,0.0,375.0,148.0,0.0,Fortaleza,CE,Censo Escolar 2021,,,005N400000P9zIoIAJ,R$ 500 a R$ 1.000,2027,Material Próprio,1.0,1.0,3 - Não,,,1.0,2026-05-15,Satisfação com serviço do atual parceiro,0.0
006N400000ZgQzhIAF,001N400000EDbPzIAL,Polígono,346376.68,2026-03-04,2026-03-30,2026-03-04 15:11:32,2,2,2,Oportunidade perdida,lost,26,0,1,0,0,26.0,Prospecção,250-500,B - Aceleração,650.0,Média,146.0,257.0,77.0,0.0,Ribeirão das Neves,MG,Censo Escolar 2021,Não segue orientação religiosa específica,,005N400000OGlMvIAL,R$ 500 a R$ 1.000,2027,Pitágoras,4.0,1.0,3 - Não,2.0,Diálogos Belo Horizonte 2026-04-08 | Inbound Poliedro 2026,2.0,2026-06-19,Renovou com atual parceiro,0.0
006N400000ZgRB4IAN,0016g00000eT48bAAC,Poliedro,1697169.14,2026-03-04,2026-05-18,2026-03-04 15:11:29,4,4,4,Oportunidade perdida,lost,75,0,3,0,0,38.0,Prospecção,Acima de 1.000,B - Aceleração,775.0,Alta,474.0,454.0,90.0,402.0,Manaus,AM,Censo Escolar 2019,Católica,Associação Irmãs Missionárias Capuchinhas,0056g0000034OkWAAU,R$ 2.000 a R$ 2.500,2026,SAS,2.0,1.0,3 - Não,1.0,Relatório Enem,1.0,2026-05-18,Satisfação com serviço do atual parceiro,0.0
006N400000Zgdf8IAB,001N400000NlLspIAF,Polígono,109395.48,2026-03-04,2026-07-03,2026-03-04 15:11:32,4,4,4,Oportunidade perdida,lost,121,0,3,0,0,39.0,Prospecção,0-250,D - Capilaridade,475.0,Baixa,60.0,62.0,8.0,0.0,Caçapava,SP,Censo Escolar 2023,Não segue orientação religiosa específica,,005N40000035sinIAA,R$ 500 a R$ 1.000,2027,Positivo,8.0,1.0,3 - Não,,,1.0,2026-07-03,Existe um contrato de longo prazo,0.0
006N400000ZgdqVIAR,001N400000jqcCBIAY,Poliedro,203912.83,2026-03-04,2026-03-18,2026-03-04 15:13:31,12,12,12,Contrato assinado,won,14,1,10,0,0,0.0,Prospecção,Sem Dados,A - Referência,825.0,Alta,0.0,0.0,0.0,0.0,Campinas,SP,Prospeccao_ativa,Evangélica,,0054v00000EkXMDAA3,R$ 500 a R$ 1.000,2026,Positivo,1.0,1.0,1 - Sim,,,1.0,2026-03-18,,1.0
006N400000ZgmtkIAB,001N400000LCNknIAH,Poliedro,143991.0,2026-03-04,2026-03-06,2026-03-04 15:44:46,5,5,5,Proposta personalizada,open,2,0,4,0,0,2.0,Prospecção,Sem Dados,D - Capilaridade,300.0,Não prioritária,0.0,0.0,0.0,0.0,Betim,MG,Prospeccao_ativa,Não segue orientação religiosa específica,,0054v00000EkfjPAAR,R$ 1.000 a R$ 1.500,2026,Farias Brito,12.0,1.0,3 - Não,,,1.0,2026-03-06,,
006N400000Zgug4IAB,0014v00002SMpnQAAT,Conviver,199547.62,2026-03-04,2026-05-13,2026-03-04 15:11:29,4,4,4,Oportunidade perdida,lost,70,0,3,0,0,64.0,Prospecção,500-750,B - Aceleração,775.0,Alta,231.0,292.0,62.0,133.0,Santo André,SP,Censo Escolar 2019,Não segue orientação religiosa específica,,005N400000P4NcLIAV,R$ 1.000 a R$ 1.500,2027,Positivo,5.0,1.0,3 - Não,,,2.0,2026-05-13,Escola não adota sistema de ensino | Satisfação com preço e serviço do atual parceiro,0.0
006N400000Zh6sPIAR,001N400000jpub3IAA,Poliedro,254607.04,2026-03-04,2026-03-18,2026-03-04 15:32:33,12,12,12,Contrato assinado,won,14,1,10,0,0,14.0,Prospecção,Sem Dados,A - Referência,825.0,Alta,0.0,0.0,0.0,0.0,Campinas,SP,Prospeccao_ativa,Evangélica,,0054v00000EkXMDAA3,R$ 500 a R$ 1.000,2026,Positivo,,1.0,3 - Não,,,1.0,2026-03-18,,1.0
006N400000Zh7IDIAZ,001N400000jqe4IIAQ,Poliedro,254607.04,2026-03-04,2026-03-18,2026-03-04 15:33:50,12,12,12,Contrato assinado,won,14,1,10,0,0,14.0,Prospecção,Sem Dados,A - Referência,825.0,Alta,0.0,0.0,0.0,0.0,Campinas,SP,Prospeccao_ativa,Evangélica,,0054v00000EkXMDAA3,R$ 0 a R$ 500,2026,Positivo,,1.0,3 - Não,,,1.0,2026-03-18,,1.0
006N400000Zh8CfIAJ,001N400000jpyejIAA,Poliedro,401178.62,2026-03-04,2026-03-18,2026-03-04 15:35:05,12,12,12,Contrato assinado,won,14,1,10,0,0,14.0,Prospecção,Sem Dados,A - Referência,825.0,Alta,0.0,0.0,0.0,0.0,Campinas,SP,Prospeccao_ativa,Evangélica,,0054v00000EkXMDAA3,R$ 500 a R$ 1.000,2026,Positivo,,1.0,3 - Não,,,1.0,2026-03-18,,1.0
006N400000ZhBqTIAV,001N400000NlF3xIAF,Polígono,256100.0,2026-03-04,2026-05-22,2026-03-04 15:11:32,3,3,3,Validação pedagógica,open,79,0,2,0,0,0.0,Prospecção,250-500,C - Estruturação,525.0,Média,106.0,131.0,0.0,19.0,Pouso Alegre,MG,Censo Escolar 2023,Não segue orientação religiosa específica,,005N400000Of3liIAB,R$ 1.000 a R$ 1.500,2027,Amplia,4.0,1.0,3 - Não,,,1.0,2026-05-22,,
006N400000ZhDSTIA3,001N400000NlG0vIAF,Conviver,68163.8,2026-03-04,2026-07-17,2026-03-04 15:11:29,4,4,4,Oportunidade perdida,lost,135,0,3,0,0,56.0,Prospecção,0-250,C - Estruturação,550.0,Média,109.0,132.0,0.0,0.0,Pouso Alegre,MG,Censo Escolar 2023,Não segue orientação religiosa específica,,005N400000Of3liIAB,R$ 1.500 a R$ 2.000,2028,SAS,5.0,1.0,3 - Não,,,1.0,2026-07-17,Existe um contrato de longo prazo,0.0
006N400000ZhJ4yIAF,001N400000jfmjXIAQ,Polígono,64522.1,2026-03-04,2026-04-08,2026-03-04 15:11:32,3,3,3,Oportunidade perdida,lost,35,0,2,0,0,20.0,,,,,,,,,,,,,,,,,,,,1.0,3 - Não,1.0,Inbound Polígono 2026,1.0,2026-04-08,Preço de venda abaixo do perfil do sistema de ensino,0.0
006N400000ZhOEDIA3,001N400000IhrtBIAR,Poliedro,875854.0,2026-03-04,2026-05-04,2026-03-04 15:11:29,3,3,3,Validação pedagógica,open,61,0,2,0,0,0.0,Prospecção,Acima de 1.000,A - Referência,800.0,Alta,832.0,1179.0,310.0,625.0,Porto Alegre,RS,Censo Escolar 2021,Não segue orientação religiosa específica,,005N400000OGlrZIAT,R$ 1.500 a R$ 2.000,2027,Livros Didáticos,5.0,1.0,3 - Não,2.0,Diálogos Bett Brasil 2026-05-07 | Estudo de Geomarketing,1.0,2026-05-04,,
006N400000Zhe1IIAR,0014v00002gjPRUAA2,Poliedro,349068.96,2026-03-04,2026-07-27,2026-03-04 15:11:29,6,6,6,Oportunidade perdida,lost,145,0,5,0,0,35.0,Prospecção,500-750,A - Referência,800.0,Alta,195.0,334.0,78.0,68.0,Sobral,CE,Censo Escolar 2021,Católica,AEVSLM - Associação de Educação Vicentina Santa Luíza de Marillac,0056g00000468kkAAA,R$ 500 a R$ 1.000,2028,Livros Didáticos,8.0,1.0,3 - Não,2.0,Imersão 2026-06-25 - Poliedro (CEV) | Relatório Enem,1.0,2026-07-27,Satisfação com preço do atual parceiro,0.0
006N400000ZhpzFIAR,001N400000KjTX0IAN,Polígono,157063.32,2026-08-03,2026-08-03,2026-08-03 12:59:01,1,1,1,Solicitação de material,open,0,0,0,0,0,,Prospecção,0-250,B - Aceleração,650.0,Não prioritária,93.0,103.0,28.0,0.0,São Paulo do Potengi,RN,Censo Escolar 2021,Católica,Rede De Educação Franciscana Da Scalifra-Zn,0056g00000468kkAAA,R$ 100 a R$ 500,2027,Formando Cidadãos,4.0,1.0,3 - Não,,,1.0,2026-08-03,Administrativo,
006N400000ZjPsYIAV,0014v00002ds0L2AAI,Polígono,277098.3,2026-03-04,2026-05-21,2026-03-04 15:11:32,2,2,2,Oportunidade perdida,lost,78,0,1,0,0,78.0,Prospecção,0-250,B - Aceleração,675.0,Não prioritária,62.0,79.0,32.0,22.0,Campos Do Jordão,SP,Censo Escolar 2019,Não segue orientação religiosa específica,,005N40000035sinIAA,R$ 1.000 a R$ 1.500,2027,Trilhas,2.0,1.0,3 - Não,,,1.0,2026-05-21,Escola parou de responder,0.0
006N400000ZjVxyIAF,001N400000Ae0d5IAB,Poliedro,452465.7,2026-04-07,2026-07-21,2026-04-07 22:24:54,4,4,4,Oportunidade perdida,lost,105,0,3,0,0,82.0,Prospecção,0-250,C - Estruturação,550.0,Alta,0.0,20.0,34.0,49.0,Nova Lima,MG,Censo Escolar 2021,Não segue orientação religiosa específica,Escola Infantil Doce Mel Ltda,005N400000OGlMvIAL,R$ 1.000 a R$ 1.500,2026,Positivo,5.0,1.0,1 - Sim,,,1.0,2026-07-21,Satisfação com preço do atual parceiro,0.0
006N400000ZjcGXIAZ,001N400000NlFgqIAF,Conviver,116525.69,2026-03-04,2026-06-23,2026-03-04 15:11:29,5,5,5,Proposta personalizada,open,111,0,4,0,0,0.0,Prospecção,500-750,B - Aceleração,725.0,Alta,215.0,270.0,67.0,0.0,Itabaiana,PB,Censo Escolar 2023,Católica,ANBEAS - Rede Saviniana,0056g00000468kkAAA,R$ 500 a R$ 1.000,2026,Bernoulli,3.0,1.0,3 - Não,,,1.0,2026-06-23,,
006N400000ZjhO4IAJ,001N400000EnD8wIAF,Polígono,94369.78,2026-03-04,2026-07-29,2026-03-04 15:11:32,5,5,5,Oportunidade perdida,lost,147,0,4,0,0,0.0,Prospecção,0-250,B - Aceleração,750.0,Baixa,13.0,49.0,24.0,17.0,Jataí,GO,Censo Escolar 2021,Não segue orientação religiosa específica,,005N400000PA8nVIAT,R$ 500 a R$ 1.000,2026,Pitágoras,7.0,1.0,3 - Não,,,1.0,2026-07-29,Alteração de CNPJ na conta (uso de operações comerciais),0.0
006N400000ZjzRQIAZ,0014v00002pRnwrAAC,Poliedro,879338.4,2026-03-04,2026-05-28,2026-03-04 15:11:29,3,3,3,Validação pedagógica,open,85,0,2,0,0,33.0,Prospecção,500-750,B - Aceleração,675.0,Alta,252.0,261.0,41.0,0.0,Mossoró,RN,Censo Escolar 2021,Não segue orientação religiosa específica,,005N400000DAk0TIAT,R$ 500 a R$ 1.000,2030,Farias Brito,3.0,1.0,3 - Não,,,1.0,2026-05-28,,
006N400000Zk2DyIAJ,0014v00002cT6CTAA0,Poliedro,734135.83,2026-03-04,2026-07-28,2026-03-04 15:11:29,6,6,6,Oportunidade perdida,lost,146,0,5,0,0,74.0,Prospecção,Acima de 1.000,A - Referência,925.0,Alta,0.0,1607.0,200.0,545.0,Mossoró,RN,Censo Escolar 2019,Não segue orientação religiosa específica,,005N400000DAk0TIAT,R$ 0 a R$ 500,2028,Bernoulli,13.0,1.0,3 - Não,1.0,Relatório Enem,2.0,2026-07-28,Pacote agressivo de benefícios do concorrente,0.0
006N400000Zk4fZIAR,001N400000FGXLxIAP,Conviver,138339.6,2026-03-04,2026-07-21,2026-03-04 15:11:29,7,7,7,Oportunidade perdida,lost,139,0,6,0,0,85.0,Prospecção,500-750,B - Aceleração,775.0,Alta,269.0,298.0,69.0,0.0,Sorriso,MT,Censo Escolar 2021,Não segue orientação religiosa específica,Centro Educacional De 1 E 2 Grau Vinicius De Moraes Ltda,005N400000NsHxxIAF,R$ 1.000 a R$ 1.500,2028,SAS,5.0,1.0,1 - Sim,,,1.0,2026-07-21,Pacote agressivo de benefícios do concorrente,0.0
006N400000ZkCy5IAF,001N400000NlAh4IAF,Polígono,117543.99,2026-03-26,2026-06-22,2026-03-26 19:19:35,5,5,5,Proposta personalizada,open,88,0,4,0,0,40.0,Prospecção,0-250,C - Estruturação,500.0,Alta,74.0,91.0,31.0,0.0,São João de Meriti,RJ,Censo Escolar 2023,Não segue orientação religiosa específica,,005N400000DAfNPIA1,R$ 100 a R$ 500,2026,Irium Educação,15.0,1.0,3 - Não,1.0,Estudo de Geomarketing,1.0,2026-06-22,,
006N400000ZkDm6IAF,001N400000hegLgIAI,Polígono,450250.5,2026-03-04,2026-06-08,2026-03-04 15:11:32,12,12,12,Oportunidade perdida,lost,96,1,10,0,0,20.0,Prospecção,250-500,C - Estruturação,575.0,Média,157.0,114.0,0.0,135.0,Pouso Alegre,MG,Censo Escolar 2023,Não segue orientação religiosa específica,,005N400000Of3liIAB,R$ 1.500 a R$ 2.000,2028,Positivo,5.0,1.0,3 - Não,,,1.0,2026-06-08,Pacote agressivo de benefícios do concorrente,0.0
006N400000ZkgrLIAR,0016g00000KMYl5AAH,Poliedro,382767.01,2026-03-04,2026-05-23,2026-03-04 15:11:29,4,4,4,Oportunidade perdida,lost,80,0,3,0,0,43.0,Prospecção,250-500,B - Aceleração,700.0,Alta,167.0,124.0,46.0,0.0,Osvaldo Cruz,SP,Censo Escolar 2019,Não segue orientação religiosa específica,,005N400000Dj7E2IAJ,R$ 500 a R$ 1.000,2028,SAS,8.0,1.0,3 - Não,,,3.0,2026-06-08,Escola não adota sistema de ensino | Existe um contrato de longo prazo,0.0
006N400000ZkvlVIAR,0016g00000KMYl5AAH,Polígono,98613.88,2026-03-04,2026-05-23,2026-03-04 15:11:32,4,4,4,Oportunidade perdida,lost,80,0,3,0,0,43.0,Prospecção,250-500,B - Aceleração,700.0,Alta,167.0,124.0,46.0,0.0,Osvaldo Cruz,SP,Censo Escolar 2019,Não segue orientação religiosa específica,,005N400000Dj7E2IAJ,R$ 500 a R$ 1.000,2028,SAS,8.0,1.0,3 - Não,,,3.0,2026-06-08,Escola não adota sistema de ensino | Existe um contrato de longo prazo,0.0
006N400000Zky8HIAR,0016g00000KMYl5AAH,Conviver,123370.05,2026-03-04,2026-06-08,2026-03-04 15:11:29,6,6,6,Oportunidade perdida,lost,96,0,5,0,0,10.0,Prospecção,250-500,B - Aceleração,700.0,Alta,167.0,124.0,46.0,0.0,Osvaldo Cruz,SP,Censo Escolar 2019,Não segue orientação religiosa específica,,005N400000Dj7E2IAJ,R$ 500 a R$ 1.000,2028,SAS,8.0,1.0,3 - Não,,,3.0,2026-06-08,Escola não adota sistema de ensino | Existe um contrato de longo prazo,0.0
006N400000ZlbfvIAB,001N400000COoCtIAL,Poliedro,2636611.27,2026-02-25,2026-07-29,2026-02-25 14:45:09,2,2,2,Oportunidade perdida,lost,154,0,1,0,0,154.0,Prospecção,Acima de 1.000,A - Referência,825.0,Alta,767.0,805.0,140.0,553.0,Manaus,AM,Censo Escolar 2021,Católica,Rede La Salle,0056g0000034OkWAAU,R$ 1.500 a R$ 2.000,2026,Bernoulli,1.0,1.0,3 - Não,1.0,Relatório Enem,1.0,2026-07-29,,0.0
006N400000ZlbfwIAB,001N400000CS07qIAD,Polígono,587239.06,2026-03-04,2026-05-31,2026-03-04 15:11:32,4,4,4,Oportunidade perdida,lost,88,0,3,0,0,51.0,Prospecção,750-1.000,B - Aceleração,725.0,Alta,264.0,355.0,71.0,119.0,Manaus,AM,Censo Escolar 2021,Evangélica,Educação Batista,0056g0000034OkWAAU,R$ 1.500 a R$ 2.000,2027,Mackenzie,2.0,1.0,3 - Não,1.0,Relatório Enem,1.0,2026-05-31,Existe um contrato de longo prazo,0.0
006N400000ZlfRrIAJ,001N400000NlBlZIAV,Polígono,146938.48,2026-03-04,2026-05-08,2026-03-04 15:11:32,6,6,6,Oportunidade perdida,lost,65,0,5,0,0,9.0,Prospecção,250-500,D - Capilaridade,450.0,Não prioritária,229.0,0.0,0.0,23.0,Pombos,PE,Censo Escolar 2023,Não segue orientação religiosa específica,,0056g0000034OkZAAU,R$ 500 a R$ 1.000,2028,Editora Construir,15.0,1.0,3 - Não,2.0,Imersão 2026-04-09 | Inbound Poliedro 2026,2.0,2026-05-08,Preço de venda abaixo do perfil do sistema de ensino,0.0
006N400000ZmJozIAF,0014v00002lYMXeAAO,Poliedro,1837996.03,2026-03-04,2026-06-27,2026-03-04 15:11:29,5,5,5,Oportunidade perdida,lost,115,0,4,0,0,0.0,Prospecção,750-1.000,A - Referência,975.0,Alta,386.0,359.0,80.0,78.0,Contagem,MG,Censo Escolar 2021,Não segue orientação religiosa específica,,0054v00000EkfjPAAR,R$ 1.500 a R$ 2.000,2026,Anglo,5.0,1.0,3 - Não,,,1.0,2026-06-27,Satisfação com serviço do atual parceiro,0.0
006N400000ZmNfjIAF,001N400000NlLssIAF,Polígono,182978.72,2026-03-26,2026-04-17,2026-03-26 18:59:51,3,3,3,Oportunidade perdida,lost,22,0,2,0,0,0.0,Prospecção,0-250,C - Estruturação,525.0,Baixa,69.0,72.0,37.0,0.0,Cruzeiro,SP,Censo Escolar 2023,Não segue orientação religiosa específica,,005N40000035sinIAA,R$ 500 a R$ 1.000,2026,SAE Digital,2.0,1.0,3 - Não,,,1.0,2026-04-17,Escola parou de responder,0.0
006N400000ZmRoAIAV,001N400000NlBlZIAV,Poliedro,101877.48,2026-03-04,2026-05-08,2026-03-04 15:11:29,6,6,6,Oportunidade perdida,lost,65,0,5,0,0,9.0,Prospecção,250-500,D - Capilaridade,450.0,Não prioritária,229.0,0.0,0.0,23.0,Pombos,PE,Censo Escolar 2023,Não segue orientação religiosa específica,,0056g0000034OkZAAU,R$ 500 a R$ 1.000,2028,Editora Construir,15.0,1.0,3 - Não,2.0,Imersão 2026-04-09 | Inbound Poliedro 2026,2.0,2026-05-08,Preço de venda abaixo do perfil do sistema de ensino,0.0
006N400000ZmdnhIAB,0014v00002KvmBvAAJ,Polígono,277218.68,2026-03-04,2026-07-30,2026-03-04 15:11:32,5,5,5,Proposta personalizada,open,148,0,4,0,0,23.0,Prospecção,250-500,C - Estruturação,600.0,Alta,116.0,127.0,46.0,0.0,Crato,CE,Censo Escolar 2019,Não segue orientação religiosa específica,,005N400000P9zIoIAJ,R$ 100 a R$ 500,2028,FTD,7.0,1.0,3 - Não,1.0,Diálogos Juazeiro do Norte 2026-05-27,1.0,2026-07-30,,
006N400000ZmlN7IAJ,0016g00000W85CvAAJ,Poliedro,658000.0,2026-03-04,2026-07-27,2026-03-04 15:11:29,7,7,7,Oportunidade perdida,lost,145,0,6,0,0,7.0,Prospecção,Acima de 1.000,A - Referência,850.0,Alta,275.0,211.0,70.0,459.0,Juazeiro do Norte,CE,Censo Escolar 2019,Não segue orientação religiosa específica,Colegio Paraiso S/Simples Ltda,005N400000P9zIoIAJ,R$ 1.500 a R$ 2.000,2027,FTD,9.0,1.0,1 - Sim,2.0,Diálogos Bett Brasil 2026-05-07 | Imersão 2026-05-11,1.0,2026-07-27,Alteração de CNPJ na conta (uso de operações comerciais),0.0
006N400000ZmlrhIAB,001N400000GlhbOIAR,Polígono,285933.7,2026-03-04,2026-05-20,2026-03-04 15:11:32,3,3,3,Validação pedagógica,open,77,0,2,0,0,21.0,Prospecção,250-500,C - Estruturação,600.0,Alta,148.0,134.0,48.0,33.0,Magé,RJ,Censo Escolar 2021,Não segue orientação religiosa específica,,005N400000DAfNPIA1,R$ 500 a R$ 1.000,2026,Conquista,10.0,1.0,3 - Não,3.0,Diálogos Bett Brasil 2026-05-07 | Diálogos GEduc 2026-03-26 | Estudo de Geomarketing,1.0,2026-05-20,,
006N400000ZmnLeIAJ,0014v00002nWEYnAAO,Polígono,39578.8,2026-05-07,2026-07-29,2026-05-07 15:46:05,4,4,4,Oportunidade perdida,lost,83,0,3,0,0,49.0,Prospecção,0-250,C - Estruturação,575.0,Não prioritária,0.0,75.0,25.0,0.0,Carapicuíba,SP,Censo Escolar 2021,Não segue orientação religiosa específica,,005N400000OePRkIAN,R$ 500 a R$ 1.000,2027,FTD,5.0,1.0,3 - Não,,,1.0,2026-07-29,,0.0
006N400000ZmnNHIAZ,0014v00002cT5yuAAC,Polígono,627719.92,2026-03-04,2026-03-09,2026-03-04 15:11:32,4,4,4,Proposta tabela,open,5,0,3,0,0,0.0,Prospecção,750-1.000,A - Referência,800.0,Alta,312.0,389.0,99.0,92.0,Mossoró,RN,Censo Escolar 2019,Não segue orientação religiosa específica,,005N400000DAk0TIAT,R$ 0 a R$ 500,2026,SAE Digital,5.0,1.0,3 - Não,,,1.0,2026-03-09,,
006N400000ZmsefIAB,001N400000Ghzv3IAB,Poliedro,357387.94,2026-03-31,2026-06-08,2026-03-31 22:45:43,3,3,3,Validação pedagógica,open,69,0,2,0,0,22.0,Prospecção,250-500,B - Aceleração,750.0,Média,119.0,138.0,24.0,38.0,Campos dos Goytacazes,RJ,Censo Escolar 2021,Católica,,005N400000CUSPxIAP,R$ 500 a R$ 1.000,2027,SAE Digital,15.0,1.0,1 - Sim,,,2.0,2026-06-08,,
006N400000Zmt1FIAR,001N400000By6DxIAJ,Polígono,672476.0,2026-03-04,2026-06-25,2026-03-04 15:11:32,3,3,3,Validação pedagógica,open,113,0,2,0,0,41.0,Prospecção,750-1.000,B - Aceleração,650.0,Alta,310.0,411.0,107.0,0.0,Açu,RN,Censo Escolar 2021,Não segue orientação religiosa específica,,005N400000DAk0TIAT,R$ 100 a R$ 500,2026,Conquista,1.0,1.0,3 - Não,,,1.0,2026-06-25,,
006N400000ZmwOvIAJ,0014v00002lpGzRAAU,Polígono,233382.63,2026-03-04,2026-06-25,2026-03-04 15:11:32,6,6,6,Oportunidade perdida,lost,113,0,5,0,0,6.0,Prospecção,250-500,B - Aceleração,700.0,Alta,107.0,167.0,65.0,34.0,São Francisco de Itabapoana,RJ,Censo Escolar 2021,Não segue orientação religiosa específica,,005N400000Of55xIAB,R$ 1.000 a R$ 1.500,2026,Farias Brito,3.0,1.0,3 - Não,1.0,Estudo de Geomarketing,2.0,2026-06-25,Escola com pendência financeira | Pacote agressivo de benefícios do concorrente,0.0
006N400000ZmwwnIAB,001N400000BFk9JIAT,Polígono,406316.7,2026-03-04,2026-05-12,2026-03-04 15:11:32,4,4,4,Oportunidade perdida,lost,69,0,3,0,0,49.0,,,,,,,,,,,,,,,,,,,,1.0,3 - Não,,,1.0,2026-05-12,Pacote agressivo de benefícios do concorrente,0.0
006N400000ZmxHvIAJ,001N400000MdwKRIAZ,Polígono,108538.6,2026-03-04,2026-03-25,2026-03-04 15:11:32,2,2,2,Oportunidade perdida,lost,21,0,1,0,0,21.0,Prospecção,0-250,C - Estruturação,625.0,Alta,82.0,91.0,25.0,0.0,Biritinga,BA,Censo Escolar 2021,Não segue orientação religiosa específica,,005N400000DAcxOIAT,R$ 0 a R$ 500,2026,SAE Digital,4.0,1.0,3 - Não,,,1.0,2026-03-25,Existe um contrato de longo prazo,0.0
006N400000Zn07ZIAR,0014v00002dpgWKAAY,Poliedro,1270450.36,2026-03-04,2026-05-15,2026-03-04 15:11:29,3,3,3,Oportunidade perdida,lost,72,0,2,0,0,15.0,Prospecção,Acima de 1.000,A - Referência,950.0,Alta,359.0,327.0,71.0,259.0,Paulo Afonso,BA,Censo Escolar 2019,Não segue orientação religiosa específica,,0056g0000034OkZAAU,R$ 1.000 a R$ 1.500,2029,Farias Brito,8.0,1.0,3 - Não,,,1.0,2026-05-15,Satisfação com serviço do atual parceiro,0.0
006N400000Zn4HdIAJ,001N400000LYCAnIAP,Poliedro,183321.34,2026-03-06,2026-05-20,2026-03-06 01:05:41,3,3,3,Validação pedagógica,open,75,0,2,0,0,0.0,Prospecção,0-250,C - Estruturação,500.0,Alta,0.0,134.0,46.0,0.0,Juazeiro do Norte,CE,Censo Escolar 2021,Não segue orientação religiosa específica,Colegio Exito Do Cariri S/S Ltda Me,005N400000P9zIoIAJ,R$ 100 a R$ 500,2026,Trilhas,4.0,1.0,1 - Sim,1.0,Diálogos Juazeiro do Norte 2026-05-27,1.0,2026-05-20,,
006N400000ZnqPgIAJ,001N400000jqMfVIAU,Conviver,79234.7,2026-03-04,2026-07-17,2026-03-04 15:11:29,4,4,4,Oportunidade perdida,lost,135,0,3,0,0,84.0,Prospecção,Sem Dados,Sem Clusterização Comercial em 2026,0.0,Não prioritária,0.0,0.0,0.0,0.0,Lauro de Freitas,BA,Fale Conosco,Não segue orientação religiosa específica,,005N400000Dew5pIAB,Sem informação,2026,COC,20.0,1.0,1 - Sim,1.0,Inbound Polígono 2026,2.0,2026-07-17,Preço de venda abaixo do perfil do sistema de ensino,0.0
006N400000ZnvtrIAB,001N400000jqMfVIAU,Polígono,223819.42,2026-03-04,2026-06-18,2026-03-04 15:11:32,5,5,5,Proposta personalizada,open,106,0,4,0,0,21.0,Prospecção,Sem Dados,Sem Clusterização Comercial em 2026,0.0,Não prioritária,0.0,0.0,0.0,0.0,Lauro de Freitas,BA,Fale Conosco,Não segue orientação religiosa específica,,005N400000Dew5pIAB,Sem informação,2026,COC,20.0,1.0,1 - Sim,1.0,Inbound Polígono 2026,2.0,2026-07-17,Preço de venda abaixo do perfil do sistema de ensino,
006N400000Zo1pZIAR,0014v00002gfizkAAA,Polígono,82235.48,2026-03-04,2026-06-09,2026-03-04 15:11:32,5,5,5,Proposta personalizada,open,97,0,4,0,0,95.0,Prospecção,250-500,B - Aceleração,725.0,Não prioritária,107.0,116.0,48.0,0.0,Caicó,RN,Censo Escolar 2021,Não segue orientação religiosa específica,,005N400000DevL3IAJ,R$ 500 a R$ 1.000,2026,Bernoulli,6.0,1.0,1 - Sim,,,2.0,2026-06-09,Preço de venda abaixo do perfil do sistema de ensino,
006N400000ZoQciIAF,0014v00002ta6gEAAQ,Poliedro,1049107.68,2026-07-03,2026-07-03,2026-07-03 19:33:19,1,1,1,Solicitação de material,open,0,0,0,0,0,,Prospecção,750-1.000,B - Aceleração,650.0,Alta,248.0,422.0,62.0,178.0,São Paulo,SP,Censo Escolar 2021,Católica,Rede Missionárias Servas do Espírito Santo,0056g0000034OkkAAE,R$ 2.000 a R$ 2.500,2027,Livros Didáticos,18.0,1.0,3 - Não,1.0,Encontro de Lideranças Católicas,2.0,2026-07-07,,
006N400000Zol68IAB,001N400000FTKHIIA5,Polígono,277769.52,2026-03-04,2026-05-08,2026-03-04 15:11:32,4,4,4,Oportunidade perdida,lost,65,0,3,0,0,39.0,Prospecção,250-500,B - Aceleração,750.0,Média,163.0,171.0,22.0,35.0,Serra,ES,Censo Escolar 2021,Não segue orientação religiosa específica,,0054v00000DvfXIAAZ,R$ 1.000 a R$ 1.500,2027,SAE Digital,2.0,1.0,3 - Não,,,1.0,2026-05-08,Satisfação com serviço do atual parceiro,0.0
006N400000ZorTIIAZ,001N4000008qL3oIAE,Poliedro,148190.41,2026-03-04,2026-03-13,2026-03-04 15:11:29,5,5,5,Oportunidade perdida,lost,9,0,4,0,0,7.0,Prospecção,0-250,B - Aceleração,700.0,Alta,65.0,29.0,2.0,12.0,Guararema,SP,Censo Escolar 2021,Não segue orientação religiosa específica,,005N400000P4NcLIAV,R$ 1.000 a R$ 1.500,2026,Objetivo,1.0,1.0,3 - Não,,,1.0,2026-03-13,Satisfação com preço e serviço do atual parceiro,0.0
006N400000Zoy6YIAR,001N400000KYJ4mIAH,Poliedro,219927.59,2026-03-04,2026-05-04,2026-03-04 15:11:29,3,3,3,Validação pedagógica,open,61,0,2,0,0,0.0,Prospecção,250-500,B - Aceleração,750.0,Alta,225.0,0.0,0.0,179.0,Novo Hamburgo,RS,Censo Escolar 2019,Não segue orientação religiosa específica,Instituicao Evangelica De Novo Hamburgo,005N400000OGlrZIAT,R$ 2.000 a R$ 2.500,2027,Bernoulli,3.0,1.0,3 - Não,2.0,Estudo de Geomarketing | Relatório Enem,1.0,2026-05-04,,
006N400000Zp1XOIAZ,001N400000NlM2oIAF,Poliedro,760351.99,2026-07-03,2026-07-17,2026-07-03 19:34:22,3,3,3,Validação pedagógica,open,14,0,2,0,0,9.0,Prospecção,500-750,C - Estruturação,525.0,Alta,237.0,214.0,43.0,149.0,São Paulo,SP,Censo Escolar 2023,Católica,Imaculada Rede de Educação,0056g0000034OkkAAE,Sem informação,Sem Dados,FTD,7.0,1.0,3 - Não,,,1.0,2026-07-17,Escola parou de responder,
006N400000Zp4oeIAB,0016g00000Y0WrKAAV,Polígono,330689.18,2026-03-04,2026-05-08,2026-03-04 15:11:32,4,4,4,Oportunidade perdida,lost,65,0,3,0,0,39.0,Prospecção,250-500,C - Estruturação,550.0,Média,196.0,191.0,29.0,0.0,Serra,ES,Censo Escolar 2019,Não segue orientação religiosa específica,,0054v00000DvfXIAAZ,R$ 1.500 a R$ 2.000,2027,SAE Digital,5.0,1.0,1 - Sim,1.0,Estudo de Geomarketing,1.0,2026-05-08,Pacote agressivo de benefícios do concorrente,0.0
006N400000ZpZR1IAN,001N400000NlF4SIAV,Poliedro,719000.0,2026-04-08,2026-07-08,2026-04-08 21:47:09,5,5,5,Oportunidade perdida,lost,91,0,4,0,0,30.0,Prospecção,500-750,C - Estruturação,575.0,Alta,245.0,278.0,29.0,68.0,Porto Alegre,RS,Censo Escolar 2023,Católica,Rede Franciscana Bernardina,005N40000035kTVIAY,R$ 1.000 a R$ 1.500,2027,Uno Educação,8.0,1.0,1 - Sim,2.0,Conexões 13/04 a 15/04 | Relatório Enem,2.0,2026-07-08,Pacote agressivo de benefícios do concorrente,0.0
006N400000ZpcgeIAB,0014v00002jhWVrAAM,Polígono,191000.0,2026-03-04,2026-07-08,2026-03-04 15:11:32,5,5,5,Oportunidade perdida,lost,126,0,4,0,0,30.0,Prospecção,0-250,C - Estruturação,575.0,Alta,92.0,119.0,29.0,0.0,Barra do Ribeiro,RS,Fale Conosco,Católica,Rede Franciscana Bernardina,005N40000035kTVIAY,R$ 1.500 a R$ 2.000,2026,Uno Educação,8.0,1.0,1 - Sim,3.0,Conexões 13/04 a 15/04 | Diálogos Bett Brasil 2026-05-07 | Estudo de Geomarketing,1.0,2026-07-08,Satisfação com serviço do atual parceiro,0.0
006N400000ZpkflIAB,0016g00000YikAnAAJ,Polígono,104910.4,2026-03-04,2026-04-13,2026-03-04 15:11:32,2,2,2,Oportunidade perdida,lost,40,0,1,0,0,40.0,,,,,,,,,,,,,,,,,,,,1.0,3 - Não,,,1.0,2026-04-13,Satisfação com serviço do atual parceiro,0.0
006N400000ZpmkpIAB,001N400000heocCIAQ,,0.0,2026-02-27,2026-08-03,2026-02-27 04:25:18,2,2,2,Oportunidade perdida,lost,157,0,1,0,0,157.0,Prospecção,750-1.000,B - Aceleração,675.0,Alta,375.0,343.0,87.0,175.0,Marília,SP,Censo Escolar 2023,Não segue orientação religiosa específica,,005N400000Dj7E2IAJ,R$ 1.500 a R$ 2.000,2028,Geekie One,3.0,1.0,3 - Não,,,3.0,2026-08-03,Escola não adota sistema de ensino | Existe um contrato de longo prazo,0.0
006N400000Zpq23IAB,0014v00002cRaloAAC,Conviver,54597.12,2026-03-04,2026-06-08,2026-03-04 15:11:29,4,4,4,Oportunidade perdida,lost,96,0,3,0,0,19.0,Prospecção,0-250,C - Estruturação,575.0,Alta,81.0,100.0,23.0,32.0,Rancharia,SP,Censo Escolar 2019,Não segue orientação religiosa específica,,005N400000Dj7E2IAJ,R$ 500 a R$ 1.000,2028,Objetivo,5.0,1.0,3 - Não,,,2.0,2026-06-08,Escola não adota sistema de ensino | Satisfação com preço e serviço do atual parceiro,0.0
006N400000ZpranIAB,0016g00000X3wJvAAJ,Poliedro,849644.73,2026-03-04,2026-07-22,2026-03-04 15:45:16,6,6,6,Negociação e ajuste financeiro,open,140,0,5,0,0,65.0,Prospecção,500-750,A - Referência,875.0,Alta,196.0,200.0,52.0,112.0,Campos dos Goytacazes,RJ,Censo Escolar 2019,Não segue orientação religiosa específica,,005N400000Of55xIAB,R$ 1.000 a R$ 1.500,2026,SAS,9.0,1.0,3 - Não,2.0,Diálogos Bett Brasil 2026-05-07 | Imersão 2026-07-07,1.0,2026-07-22,,
006N400000ZpsdMIAR,001N400000heW0hIAE,Polígono,54856.32,2026-03-13,2026-08-11,2026-03-13 20:07:18,5,5,5,Proposta personalizada,open,151,0,4,0,0,48.0,Prospecção,0-250,D - Capilaridade,425.0,Não prioritária,13.0,21.0,7.0,0.0,Juazeiro do Norte,CE,Censo Escolar 2023,Não segue orientação religiosa específica,,005N400000P9zIoIAJ,R$ 500 a R$ 1.000,2026,Moderna Compartilha,7.0,1.0,1 - Sim,,,1.0,2026-08-11,,
006N400000ZpvJRIAZ,0014v00002cRaloAAC,Polígono,200536.98,2026-03-04,2026-06-08,2026-03-04 15:11:32,4,4,4,Oportunidade perdida,lost,96,0,3,0,0,37.0,Prospecção,0-250,C - Estruturação,575.0,Alta,81.0,100.0,23.0,32.0,Rancharia,SP,Censo Escolar 2019,Não segue orientação religiosa específica,,005N400000Dj7E2IAJ,R$ 500 a R$ 1.000,2028,Objetivo,5.0,1.0,3 - Não,,,2.0,2026-06-08,Escola não adota sistema de ensino | Satisfação com preço e serviço do atual parceiro,0.0
006N400000ZpwYuIAJ,001N400000HiGqXIAV,,0.0,2026-02-27,2026-08-03,2026-02-27 03:04:23,2,2,2,Oportunidade perdida,lost,157,0,1,0,0,157.0,Prospecção,250-500,C - Estruturação,625.0,Média,236.0,143.0,15.0,0.0,Tupã,SP,Censo Escolar 2021,Não segue orientação religiosa específica,,005N400000Dj7E2IAJ,R$ 500 a R$ 1.000,2027,Anglo,1.0,1.0,3 - Não,,,1.0,2026-08-03,Escola não adota sistema de ensino,0.0
006N400000ZpxrVIAR,001N400000B949KIAR,Conviver,65114.89,2026-03-04,2026-07-09,2026-03-04 15:11:29,4,4,4,Proposta tabela,open,127,0,3,0,0,50.0,Prospecção,0-250,B - Aceleração,650.0,Baixa,0.0,0.0,0.0,75.0,Rancharia,SP,Censo Escolar 2021,Não segue orientação religiosa específica,,005N400000Dj7E2IAJ,R$ 500 a R$ 1.000,2026,Anglo,4.0,1.0,1 - Sim,,,1.0,2026-07-09,,
006N400000ZpyajIAB,0016g00000tvhU1AAI,Polígono,258533.52,2026-03-04,2026-08-11,2026-03-04 15:11:32,5,5,5,Proposta personalizada,open,160,0,4,0,0,35.0,Prospecção,250-500,C - Estruturação,525.0,Não prioritária,125.0,175.0,59.0,0.0,Crato,CE,Censo Escolar 2019,Não segue orientação religiosa específica,,005N400000P9zIoIAJ,R$ 100 a R$ 500,2026,Anglo,3.0,1.0,3 - Não,1.0,Diálogos Juazeiro do Norte 2026-05-27,1.0,2026-08-11,,
006N400000Zpz3sIAB,0016g00000MC4lwAAD,Polígono,473276.06,2026-03-04,2026-05-22,2026-03-04 15:11:32,4,4,4,Oportunidade perdida,lost,79,0,3,0,0,7.0,Prospecção,500-750,B - Aceleração,725.0,Alta,191.0,290.0,80.0,100.0,Marília,SP,Censo Escolar 2019,Evangélica,,005N400000HLGCrIAP,R$ 1.000 a R$ 1.500,2026,Bernoulli,10.0,1.0,3 - Não,2.0,Diálogos Bett Brasil 2026-05-07 | Estudo de Geomarketing,2.0,2026-06-10,Satisfação com serviço do atual parceiro,0.0
006N400000Zq09RIAR,001N400000HittRIAR,,0.0,2026-02-27,2026-08-03,2026-02-27 03:05:07,2,2,2,Oportunidade perdida,lost,157,0,1,0,0,157.0,Prospecção,0-250,C - Estruturação,625.0,Baixa,0.0,0.0,0.0,76.0,Tupã,SP,Censo Escolar 2021,Não segue orientação religiosa específica,,005N400000Dj7E2IAJ,R$ 1.000 a R$ 1.500,2027,Anglo,1.0,1.0,3 - Não,,,1.0,2026-08-03,Escola não adota sistema de ensino,0.0
006N400000Zq3qcIAB,0014v00002m7APZAA2,Polígono,87760.16,2026-05-27,2026-07-30,2026-05-27 17:30:45,3,3,3,Oportunidade perdida,lost,64,0,2,0,0,59.0,Prospecção,250-500,A - Referência,800.0,Não prioritária,135.0,148.0,47.0,36.0,Juazeiro do Norte,CE,Censo Escolar 2021,Não segue orientação religiosa específica,,005N400000P9zIoIAJ,R$ 1.000 a R$ 1.500,2027,Editora Construir,6.0,1.0,3 - Não,,,1.0,2026-07-30,Existe um contrato de longo prazo,0.0
006N400000Zq43NIAR,001N400000NlAVUIA3,Polígono,102646.12,2026-03-04,2026-08-09,2026-03-04 15:11:32,4,4,4,Oportunidade perdida,lost,158,0,3,0,0,123.0,Prospecção,0-250,C - Estruturação,625.0,Alta,60.0,95.0,37.0,0.0,Crato,CE,Censo Escolar 2023,Não segue orientação religiosa específica,,005N400000P9zIoIAJ,R$ 100 a R$ 500,2027,SAE Digital,5.0,1.0,3 - Não,2.0,Diálogos Juazeiro do Norte 2026-05-27 | Estudo de Geomarketing,2.0,2026-08-09,Pacote agressivo de benefícios do concorrente,0.0
006N400000Zq5vhIAB,0014v00002mu7iFAAQ,Poliedro,598374.68,2026-03-04,2026-04-13,2026-03-04 15:11:29,4,4,4,Oportunidade perdida,lost,40,0,3,0,0,13.0,Prospecção,250-500,B - Aceleração,750.0,Alta,213.0,177.0,11.0,97.0,Manaus,AM,Censo Escolar 2021,Não segue orientação religiosa específica,Centro De Ensino Apha Delta,005N400000NsHxxIAF,R$ 1.000 a R$ 1.500,2026,Livros Didáticos,2.0,1.0,3 - Não,1.0,Estudo de Geomarketing,1.0,2026-04-13,Escola parou de responder,0.0
006N400000Zq7J0IAJ,0016g00000Cx3ABAAZ,Conviver,127244.18,2026-03-04,2026-07-13,2026-03-04 15:11:29,4,4,4,Oportunidade perdida,lost,131,0,3,0,0,94.0,Prospecção,250-500,B - Aceleração,775.0,Alta,153.0,258.0,0.0,29.0,Manaus,AM,Censo Escolar 2019,Evangélica,Educação Evangélica,0056g0000034OkWAAU,R$ 1.000 a R$ 1.500,2027,SAS,2.0,1.0,3 - Não,,,1.0,2026-07-13,Satisfação com serviço do atual parceiro,0.0
006N400000Zq8mwIAB,001N400000NlGK2IAN,Poliedro,893451.93,2026-03-04,2026-05-31,2026-03-04 15:11:29,4,4,4,Oportunidade perdida,lost,88,0,3,0,0,37.0,Prospecção,500-750,A - Referência,800.0,Alta,243.0,350.0,104.0,0.0,Manaus,AM,Censo Escolar 2023,Não segue orientação religiosa específica,Assoc.De Educação Denizard Rivail Do Amazonas – Aedria,0056g0000034OkWAAU,R$ 1.500 a R$ 2.000,2027,PH,5.0,1.0,3 - Não,1.0,Relatório Enem,1.0,2026-05-31,Existe um contrato de longo prazo,0.0
006N400000ZqbKOIAZ,001N400000hev5ZIAQ,Poliedro,504574.0,2026-03-04,2026-05-13,2026-03-04 15:11:32,5,5,5,Oportunidade perdida,lost,70,0,4,0,0,62.0,Prospecção,500-750,C - Estruturação,600.0,Alta,219.0,296.0,0.0,0.0,Montes Claros,MG,Censo Escolar 2023,Não segue orientação religiosa específica,Apras - Associacao Presbiteriana De Acao Social Simonton De Montes Claros,005N400000OGlMvIAL,R$ 500 a R$ 1.000,2030,SAS,4.0,1.0,1 - Sim,1.0,Imersão 2026-04-27,1.0,2026-05-13,Pacote agressivo de benefícios do concorrente,0.0
006N400000ZqfB0IAJ,0014v00002lYXudAAG,Conviver,60723.73,2026-03-04,2026-06-07,2026-03-04 15:11:29,4,4,4,Oportunidade perdida,lost,95,0,3,0,0,89.0,Prospecção,250-500,B - Aceleração,775.0,Média,96.0,108.0,33.0,44.0,Santa Isabel,SP,Censo Escolar 2021,Não segue orientação religiosa específica,,005N400000P4NcLIAV,R$ 1.000 a R$ 1.500,2029,Anglo,1.0,1.0,3 - Não,,,1.0,2026-06-07,Existe um contrato de longo prazo,0.0
006N400000ZqtvWIAR,0014v00002nKKQ6AAO,Poliedro,270835.7,2026-03-04,2026-03-13,2026-03-04 15:11:29,2,2,2,Oportunidade perdida,lost,9,0,1,0,0,9.0,Prospecção,0-250,C - Estruturação,625.0,Alta,67.0,72.0,26.0,48.0,Londrina,PR,Censo Escolar 2021,Não segue orientação religiosa específica,Academia Gama De Ensino S/S Ltda,005N400000OeNBQIA3,R$ 1.000 a R$ 1.500,2026,FTD,2.0,1.0,3 - Não,1.0,Inbound Poliedro 2026,1.0,2026-03-13,Análise de Impacto de Escola Associada,0.0
006N400000ZqwIHIAZ,001N400000QeYwsIAF,Poliedro,660362.99,2026-03-04,2026-05-20,2026-03-04 15:11:29,4,4,4,Oportunidade perdida,lost,77,0,3,0,0,42.0,Prospecção,Acima de 1.000,A - Referência,950.0,Alta,354.0,476.0,153.0,188.0,Rio Verde,GO,Censo Escolar 2021,Não segue orientação religiosa específica,,005N400000PA8nVIAT,R$ 500 a R$ 1.000,2026,SAS,8.0,1.0,3 - Não,,,2.0,2026-05-20,Satisfação com serviço do atual parceiro,0.0
006N400000ZqwzpIAB,001N400000kY0uMIAS,Poliedro,346190.6,2026-03-24,2026-05-18,2026-03-24 20:02:43,3,3,3,Oportunidade perdida,lost,55,0,2,0,0,21.0,,,,,,,,,,,,,,,,,,,,1.0,3 - Não,,,1.0,2026-05-18,Satisfação com serviço do atual parceiro,0.0
006N400000Zr0H3IAJ,001N400000QeYwsIAF,Polígono,361693.3,2026-03-04,2026-05-20,2026-03-04 15:11:32,4,4,4,Oportunidade perdida,lost,77,0,3,0,0,42.0,Prospecção,Acima de 1.000,A - Referência,950.0,Alta,354.0,476.0,153.0,188.0,Rio Verde,GO,Censo Escolar 2021,Não segue orientação religiosa específica,,005N400000PA8nVIAT,R$ 500 a R$ 1.000,2026,SAS,8.0,1.0,3 - Não,,,2.0,2026-05-20,Satisfação com serviço do atual parceiro,0.0
006N400000ZrDUTIA3,0016g00000Oq7unAAB,Poliedro,1885741.82,2026-06-19,2026-07-27,2026-06-19 21:28:16,2,2,2,Oportunidade perdida,lost,38,0,1,0,0,38.0,Prospecção,Acima de 1.000,A - Referência,800.0,Alta,477.0,354.0,43.0,655.0,Vitória,ES,Censo Escolar 2019,Não segue orientação religiosa específica,Centro De Ensino Charles Darwin Ltda,0054v00000DvfXIAAZ,R$ 1.500 a R$ 2.000,2027,Bernoulli,5.0,1.0,3 - Não,,,1.0,2026-07-27,Satisfação com serviço do atual parceiro,0.0
006N400000ZrNQaIAN,001N400000heobpIAA,Polígono,90440.0,2026-03-04,2026-06-15,2026-03-04 15:11:32,4,4,4,Oportunidade perdida,lost,103,0,3,0,0,24.0,Prospecção,250-500,D - Capilaridade,475.0,Média,130.0,93.0,0.0,85.0,Araraquara,SP,Censo Escolar 2023,Não segue orientação religiosa específica,,0054v00000EkXMDAA3,R$ 1.000 a R$ 1.500,2026,Fibonacci,3.0,1.0,3 - Não,,,1.0,2026-06-15,Renovou com atual parceiro,0.0
006N400000ZrP4EIAV,001N400000JYWXBIA5,Polígono,40322.82,2026-03-04,2026-05-18,2026-03-04 15:11:32,2,2,2,Oportunidade perdida,lost,75,0,1,0,0,75.0,Prospecção,0-250,C - Estruturação,550.0,Baixa,0.0,0.0,74.0,0.0,Mairinque,SP,Censo Escolar 2021,Não segue orientação religiosa específica,,0054v00000EkXMDAA3,R$ 500 a R$ 1.000,2030,COC,6.0,1.0,3 - Não,,,1.0,2026-05-18,Satisfação com serviço do atual parceiro,0.0
006N400000ZrVj4IAF,0014v00002IdswnAAB,Polígono,481271.7,2026-03-04,2026-07-06,2026-03-04 15:11:32,4,4,4,Oportunidade perdida,lost,124,0,3,0,0,73.0,Prospecção,500-750,B - Aceleração,750.0,Alta,259.0,348.0,98.0,0.0,Fortaleza,CE,Censo Escolar 2019,Não segue orientação religiosa específica,,005N400000P9zIoIAJ,R$ 500 a R$ 1.000,2026,Livros Didáticos,8.0,1.0,1 - Sim,,,2.0,2026-08-11,Existe um contrato de longo prazo,0.0
006N400000Zrd5WIAR,001N400000NlDEBIA3,Conviver,23184.84,2026-03-18,2026-08-11,2026-03-18 20:48:53,4,4,4,Oportunidade perdida,lost,146,0,3,0,0,99.0,Prospecção,500-750,B - Aceleração,700.0,Alta,167.0,326.0,9.0,58.0,Porto Alegre,RS,Censo Escolar 2023,Não segue orientação religiosa específica,,005N400000OGlrZIAT,R$ 500 a R$ 1.000,2028,SAE Digital,6.0,1.0,3 - Não,2.0,Estudo de Geomarketing | Relatório Enem,2.0,2026-08-11,Escola parou de responder,0.0
006N400000ZrfqUIAR,001N400000hf21NIAQ,Polígono,252961.56,2026-03-04,2026-04-23,2026-03-04 15:11:32,2,2,2,Oportunidade perdida,lost,50,0,1,0,0,50.0,Prospecção,250-500,D - Capilaridade,450.0,Média,159.0,86.0,3.0,97.0,Atibaia,SP,Censo Escolar 2023,Não segue orientação religiosa específica,,0054v00000EkXMDAA3,R$ 1.000 a R$ 1.500,2026,FTD,2.0,1.0,3 - Não,1.0,Inbound Polígono 2026,1.0,2026-04-23,Renovou com atual parceiro,0.0
006N400000ZrgY4IAJ,0014v00002m8sMRAAY,Polígono,435423.9,2026-03-04,2026-04-01,2026-03-04 15:11:32,5,5,5,Oportunidade perdida,lost,28,0,4,0,0,19.0,Prospecção,250-500,B - Aceleração,650.0,Média,177.0,126.0,16.0,98.0,João Pessoa,PB,Censo Escolar 2021,Não segue orientação religiosa específica,,005N400000DevL3IAJ,R$ 100 a R$ 500,2026,Sistema Vortex,2.0,1.0,3 - Não,1.0,Relatório Enem,1.0,2026-04-01,,0.0
006N400000Zs00YIAR,001N400000NlDwQIAV,Poliedro,184741.67,2026-03-13,2026-03-30,2026-03-13 17:37:35,3,3,3,Validação pedagógica,open,17,0,2,0,0,17.0,Prospecção,250-500,B - Aceleração,725.0,Alta,132.0,160.0,43.0,50.0,Vitória,ES,Censo Escolar/Fale conosco,Não segue orientação religiosa específica,,0054v00000DvfXIAAZ,R$ 1.000 a R$ 1.500,2026,Bernoulli,7.0,1.0,1 - Sim,2.0,Estudo de Geomarketing | Inbound Poliedro 2025,1.0,2026-03-30,,
006N400000ZuQLTIA3,001N400000kGXtlIAG,Polígono,126429.4,2026-03-04,2026-07-21,2026-03-04 15:11:32,4,4,4,Oportunidade perdida,lost,139,0,3,0,0,64.0,,,,,,,,,,,,,,,,,,,,1.0,1 - Sim,1.0,Inbound Polígono 2026,1.0,2026-07-21,Preço de venda abaixo do perfil do sistema de ensino,0.0
006N400000ZuTXqIAN,001N400000BQIUSIA5,Polígono,107055.0,2026-03-04,2026-06-02,2026-03-04 15:11:32,4,4,4,Oportunidade perdida,lost,90,0,3,0,0,15.0,Prospecção,250-500,B - Aceleração,775.0,Média,95.0,133.0,25.0,44.0,Guarantã do Norte,MT,Censo Escolar 2021,Não segue orientação religiosa específica,,005N400000NsHxxIAF,R$ 1.500 a R$ 2.000,2026,Pitágoras,2.0,1.0,1 - Sim,,,1.0,2026-06-02,Satisfação com serviço do atual parceiro,0.0
006N400000ZuZADIA3,0014v00002qiXWMAA2,Polígono,708078.02,2026-03-20,2026-06-25,2026-03-20 16:39:42,4,4,4,Oportunidade perdida,lost,97,0,3,0,0,35.0,Prospecção,250-500,C - Estruturação,500.0,Média,96.0,51.0,0.0,108.0,Campos dos Goytacazes,RJ,Censo Escolar 2021,Não segue orientação religiosa específica,,005N400000Of55xIAB,R$ 500 a R$ 1.000,2028,Positivo,5.0,1.0,3 - Não,,,1.0,2026-06-25,Existe um contrato de longo prazo,0.0
006N400000ZvYlcIAF,001N4000009RYEyIAO,Conviver,77704.7,2026-03-02,2026-08-03,2026-03-02 04:21:26,2,2,2,Oportunidade perdida,lost,154,0,1,0,0,154.0,Prospecção,250-500,B - Aceleração,775.0,Média,134.0,131.0,42.0,86.0,São Paulo,SP,Censo Escolar 2021,Não segue orientação religiosa específica,,005N400000Dj7E2IAJ,R$ 1.000 a R$ 1.500,2027,Anglo,2.0,1.0,3 - Não,1.0,Relatório Enem,1.0,2026-08-03,Existe um contrato de longo prazo,0.0
006N400000ZxyTtIAJ,0014v00002NCzDkAAL,Poliedro,160480.01,2026-03-09,2026-06-11,2026-03-09 15:18:35,7,7,7,Oportunidade perdida,lost,94,0,6,0,0,20.0,Prospecção,0-250,C - Estruturação,525.0,Não prioritária,0.0,38.0,45.0,0.0,Sinop,MT,Censo Escolar 2023,Não segue orientação religiosa específica,,005N400000NsHxxIAF,Sem informação,2029,Positivo,2.0,1.0,3 - Não,,,1.0,2026-06-11,Renovou com atual parceiro,0.0
006N400000ZyR62IAF,001N400000NlF6yIAF,Polígono,161173.84,2026-03-04,2026-08-07,2026-03-04 15:11:32,4,4,4,Oportunidade perdida,lost,156,0,3,0,0,70.0,Prospecção,250-500,C - Estruturação,625.0,Média,81.0,138.0,42.0,0.0,Campinas,SP,Censo Escolar 2023,Não segue orientação religiosa específica,,005N400000OeNBQIA3,R$ 1.000 a R$ 1.500,2027,Amplia,7.0,1.0,3 - Não,,,1.0,2026-08-07,,0.0
006N400000Zybn1IAB,0016g00000BIRZ1AAP,Conviver,0.0,2026-06-03,2026-07-17,2026-06-03 12:55:33,3,3,3,Validação pedagógica,open,44,0,2,0,0,0.0,,,,,,,,,,,,,,,,,,,,1.0,1 - Sim,,,1.0,2026-07-17,,
006N400000Zybn3IAB,0016g00000BIRZEAA5,Conviver,0.0,2026-03-02,2026-05-25,2026-03-02 19:25:32,2,2,2,Oportunidade perdida,lost,84,0,1,0,0,84.0,,,,,,,,,,,,,,,,,,,,1.0,3 - Não,,,1.0,2026-05-25,Perda automática por higienização,0.0
006N400000Zybn4IAB,0016g00000BIRZFAA5,Conviver,0.0,2026-04-07,2026-05-27,2026-04-07 20:08:34,4,4,4,Oportunidade perdida,lost,50,0,3,0,0,50.0,,,,,,,,,,,,,,,,,,,,1.0,3 - Não,,,1.0,2026-04-07,,0.0
006N400000Zybn6IAB,0016g00000BIRZNAA5,Conviver,0.0,2026-03-02,2026-05-25,2026-03-02 19:25:32,2,2,2,Oportunidade perdida,lost,84,0,1,0,0,84.0,,,,,,,,,,,,,,,,,,,,1.0,3 - Não,,,1.0,2026-05-25,Perda automática por higienização,0.0
006N400000Zybn7IAB,0016g00000BIRZaAAP,Conviver,0.0,2026-06-11,2026-06-11,2026-06-11 14:49:12,1,1,1,Solicitação de material,open,0,0,0,0,0,,,,,,,,,,,,,,,,,,,,,1.0,1 - Sim,,,1.0,2026-06-11,,
006N400000Zybn8IAB,0016g00000BIRZlAAP,Conviver,0.0,2026-08-05,2026-08-05,2026-08-05 13:49:48,1,1,1,Solicitação de material,open,0,0,0,0,0,,,,,,,,,,,,,,,,,,,,,1.0,2 - Agendado,,,1.0,2026-08-05,,
006N400000ZybnAIAR,0016g00000BIRa1AAH,Conviver,0.0,2026-03-30,2026-05-26,2026-03-30 13:31:05,5,5,5,Proposta personalizada,open,57,0,4,0,0,0.0,,,,,,,,,,,,,,,,,,,,1.0,3 - Não,,,1.0,2026-05-26,,
006N400000ZybnBIAR,0016g00000BIRaUAAX,Conviver,36302.02,2026-06-19,2026-08-05,2026-06-19 14:14:41,5,5,5,Proposta personalizada,open,47,0,4,0,0,0.0,,,,,,,,,,,,,,,,,,,,1.0,3 - Não,,,1.0,2026-08-05,,
006N400000ZybnCIAR,0016g00000BIRWCAA5,Conviver,0.0,2026-03-02,2026-07-28,2026-03-02 19:25:32,2,2,2,Oportunidade perdida,lost,148,0,1,0,0,148.0,,,,,,,,,,,,,,,,,,,,1.0,3 - Não,,,1.0,2026-07-28,Escola não adota sistema de ensino,0.0
006N400000ZybnDIAR,0016g00000BIRVrAAP,Conviver,0.0,2026-03-02,2026-07-28,2026-03-02 19:25:32,2,2,2,Oportunidade perdida,lost,148,0,1,0,0,148.0,,,,,,,,,,,,,,,,,,,,1.0,3 - Não,,,1.0,2026-07-28,Escola não adota sistema de ensino,0.0
006N400000ZybnEIAR,0016g00000BIRVsAAP,Conviver,0.0,2026-03-02,2026-06-12,2026-03-02 19:25:32,2,2,2,Oportunidade perdida,lost,102,0,1,0,0,102.0,,,,,,,,,,,,,,,,,,,,1.0,3 - Não,,,1.0,2026-06-12,Satisfação com preço do atual parceiro,0.0
006N400000ZybnHIAR,0016g00000BIRWBAA5,Conviver,0.0,2026-03-02,2026-07-28,2026-03-02 19:25:32,2,2,2,Oportunidade perdida,lost,148,0,1,0,0,148.0,,,,,,,,,,,,,,,,,,,,1.0,3 - Não,,,1.0,2026-07-28,Escola não adota sistema de ensino,0.0
006N400000ZybnIIAR,0016g00000BIRWFAA5,Conviver,0.0,2026-03-02,2026-06-12,2026-03-02 19:25:32,2,2,2,Oportunidade perdida,lost,102,0,1,0,0,102.0,,,,,,,,,,,,,,,,,,,,1.0,3 - Não,,,1.0,2026-06-12,Escola não adota sistema de ensino,0.0
006N400000ZybnJIAR,0014v00002NsapiAAB,Conviver,0.0,2026-03-02,2026-06-09,2026-03-02 19:25:32,2,2,2,Oportunidade perdida,lost,99,0,1,0,0,99.0,,,,,,,,,,,,,,,,,,,,1.0,3 - Não,,,1.0,2026-06-09,Escola não adota sistema de ensino,0.0
006N400000ZybnKIAR,0016g00000BIRbSAAX,Conviver,0.0,2026-03-02,2026-07-29,2026-03-02 19:25:32,2,2,2,Oportunidade perdida,lost,149,0,1,0,0,149.0,,,,,,,,,,,,,,,,,,,,1.0,3 - Não,,,1.0,2026-07-29,Escola não adota sistema de ensino,0.0
006N400000ZybnLIAR,0016g00000BIRaGAAX,Conviver,0.0,2026-03-02,2026-07-31,2026-03-02 19:25:32,2,2,2,Oportunidade perdida,lost,151,0,1,0,0,151.0,,,,,,,,,,,,,,,,,,,,1.0,3 - Não,,,1.0,2026-07-31,Escola não adota sistema de ensino,0.0
006N400000ZybnMIAR,0016g00000BIRaPAAX,Conviver,135470.31,2026-07-31,2026-08-07,2026-07-31 13:21:44,4,4,4,Proposta tabela,open,7,0,3,0,0,0.0,,,,,,,,,,,,,,,,,,,,1.0,3 - Não,,,1.0,2026-08-07,,
006N400000ZybnNIAR,0016g00000BIRc4AAH,Conviver,7174.2,2026-04-27,2026-07-20,2026-04-27 14:24:37,5,5,5,Oportunidade perdida,lost,84,0,4,0,0,28.0,,,,,,,,,,,,,,,,,,,,1.0,3 - Não,,,2.0,2026-07-20,Escola não adota sistema de ensino,0.0
006N400000ZybnOIAR,0016g00000BIRc8AAH,Conviver,93741.29,2026-04-29,2026-06-18,2026-04-29 15:22:10,4,4,4,Proposta tabela,open,50,0,3,0,0,0.0,,,,,,,,,,,,,,,,,,,,1.0,3 - Não,,,1.0,2026-06-18,,
006N400000ZybnRIAR,0016g00000BIRcLAAX,Conviver,0.0,2026-06-30,2026-06-30,2026-06-30 15:10:57,1,1,1,Solicitação de material,open,0,0,0,0,0,,,,,,,,,,,,,,,,,,,,,1.0,3 - Não,,,1.0,2026-06-30,,
006N400000ZybnSIAR,0016g00000BIRcMAAX,Conviver,109328.31,2026-04-08,2026-06-23,2026-04-08 12:25:47,6,6,6,Negociação e ajuste financeiro,open,76,0,5,0,0,0.0,,,,,,,,,,,,,,,,,,,,1.0,1 - Sim,,,1.0,2026-06-23,,
006N400000ZybnTIAR,0016g00000BIRVPAA5,Conviver,0.0,2026-03-02,2026-06-12,2026-03-02 19:25:32,2,2,2,Oportunidade perdida,lost,102,0,1,0,0,102.0,,,,,,,,,,,,,,,,,,,,1.0,3 - Não,,,1.0,2026-06-12,Satisfação com preço do atual parceiro,0.0
006N400000ZybnUIAR,0016g00000BIRbtAAH,Conviver,23397.75,2026-06-16,2026-07-29,2026-06-16 13:23:01,4,4,4,Proposta tabela,open,43,0,3,0,0,0.0,,,,,,,,,,,,,,,,,,,,1.0,1 - Sim,,,1.0,2026-07-29,,
006N400000ZybnWIAR,0016g00000BIRWoAAP,Conviver,0.0,2026-03-02,2026-07-16,2026-03-02 19:25:32,2,2,2,Oportunidade perdida,lost,136,0,1,0,0,136.0,,,,,,,,,,,,,,,,,,,,1.0,3 - Não,,,1.0,2026-07-16,Escola não adota sistema de ensino,0.0
006N400000ZybnXIAR,0016g00000BIRWsAAP,Conviver,0.0,2026-03-02,2026-06-02,2026-03-02 19:25:32,2,2,2,Oportunidade perdida,lost,92,0,1,0,0,92.0,,,,,,,,,,,,,,,,,,,,1.0,3 - Não,,,1.0,2026-06-02,Preço de venda abaixo do perfil do sistema de ensino,0.0
006N400000ZybnYIAR,0016g00000BIRX1AAP,Conviver,0.0,2026-03-02,2026-06-02,2026-03-02 19:25:32,2,2,2,Oportunidade perdida,lost,92,0,1,0,0,92.0,,,,,,,,,,,,,,,,,,,,1.0,3 - Não,,,1.0,2026-06-02,Escola não adota sistema de ensino,0.0
006N400000ZybnZIAR,0016g00000BIRX5AAP,Conviver,0.0,2026-03-02,2026-05-07,2026-03-02 19:25:32,2,2,2,Oportunidade perdida,lost,66,0,1,0,0,66.0,,,,,,,,,,,,,,,,,,,,1.0,3 - Não,,,1.0,2026-05-07,Satisfação com serviço do atual parceiro,0.0
006N400000ZybnaIAB,0016g00000BIRaeAAH,Conviver,0.0,2026-03-02,2026-05-25,2026-03-02 19:25:32,2,2,2,Oportunidade perdida,lost,84,0,1,0,0,84.0,,,,,,,,,,,,,,,,,,,,1.0,3 - Não,,,1.0,2026-05-25,Satisfação com serviço do atual parceiro,0.0
006N400000ZybnbIAB,0016g00000BIRXIAA5,Conviver,0.0,2026-03-02,2026-07-16,2026-03-02 19:25:32,2,2,2,Oportunidade perdida,lost,136,0,1,0,0,136.0,,,,,,,,,,,,,,,,,,,,1.0,3 - Não,,,1.0,2026-07-16,Satisfação com preço e serviço do atual parceiro,0.0
006N400000ZybndIAB,0016g00000BIRXQAA5,Conviver,0.0,2026-03-02,2026-05-07,2026-03-02 19:25:32,2,2,2,Oportunidade perdida,lost,66,0,1,0,0,66.0,,,,,,,,,,,,,,,,,,,,1.0,3 - Não,,,1.0,2026-05-07,Satisfação com preço do atual parceiro,0.0
006N400000ZybneIAB,0016g00000BIRXRAA5,Conviver,0.0,2026-03-02,2026-05-07,2026-03-02 19:25:32,2,2,2,Oportunidade perdida,lost,66,0,1,0,0,66.0,,,,,,,,,,,,,,,,,,,,1.0,3 - Não,,,1.0,2026-05-07,Satisfação com serviço do atual parceiro,0.0
006N400000ZybngIAB,0016g00000BIRXvAAP,Conviver,0.0,2026-04-07,2026-05-25,2026-04-07 20:05:19,4,4,4,Oportunidade perdida,lost,48,0,3,0,0,48.0,,,,,,,,,,,,,,,,,,,,1.0,3 - Não,,,1.0,2026-05-25,Preço de venda abaixo do perfil do sistema de ensino,0.0
006N400000ZybnhIAB,0014v00002cS3z3AAC,Conviver,0.0,2026-03-02,2026-06-18,2026-03-02 19:25:32,2,2,2,Oportunidade perdida,lost,108,0,1,0,0,108.0,,,,,,,,,,,,,,,,,,,,1.0,3 - Não,,,1.0,2026-06-18,Escola não adota sistema de ensino,0.0
006N400000ZybnjIAB,0016g00000BIRY4AAP,Conviver,0.0,2026-03-02,2026-05-14,2026-03-02 19:25:32,2,2,2,Oportunidade perdida,lost,73,0,1,0,0,73.0,,,,,,,,,,,,,,,,,,,,1.0,3 - Não,,,1.0,2026-05-14,Escola não adota sistema de ensino,0.0
006N400000ZybnkIAB,0016g00000BIRYwAAP,Conviver,0.0,2026-03-02,2026-06-02,2026-03-02 19:25:32,2,2,2,Oportunidade perdida,lost,92,0,1,0,0,92.0,,,,,,,,,,,,,,,,,,,,1.0,3 - Não,,,1.0,2026-06-02,Escola não adota sistema de ensino,0.0
006N400000ZybnmIAB,0016g00000BIRZOAA5,Conviver,0.0,2026-03-02,2026-06-18,2026-03-02 19:25:32,2,2,2,Oportunidade perdida,lost,108,0,1,0,0,108.0,,,,,,,,,,,,,,,,,,,,1.0,3 - Não,,,1.0,2026-06-18,Escola não adota sistema de ensino,0.0
006N400000ZybnnIAB,0016g00000BIRZPAA5,Conviver,0.0,2026-08-04,2026-08-04,2026-08-04 20:12:08,3,3,3,Validação pedagógica,open,0,0,2,0,0,0.0,,,,,,,,,,,,,,,,,,,,1.0,3 - Não,,,1.0,2026-08-04,,
006N400000ZybnoIAB,001N400000wu8KrIAI,Conviver,0.0,2026-07-16,2026-07-16,2026-07-16 16:59:17,1,1,1,Solicitação de material,open,0,0,0,0,0,,,,,,,,,,,,,,,,,,,,,1.0,3 - Não,,,1.0,2026-07-16,,
006N400000ZybnpIAB,0016g00000BIRadAAH,Conviver,0.0,2026-03-02,2026-06-17,2026-03-02 19:25:32,2,2,2,Oportunidade perdida,lost,107,0,1,0,0,107.0,,,,,,,,,,,,,,,,,,,,1.0,3 - Não,,,1.0,2026-06-17,Satisfação com preço e serviço do atual parceiro,0.0
006N400000ZybnqIAB,0016g00000BIRVhAAP,Conviver,0.0,2026-03-02,2026-05-04,2026-03-02 19:25:32,2,2,2,Oportunidade perdida,lost,63,0,1,0,0,63.0,,,,,,,,,,,,,,,,,,,,1.0,3 - Não,,,1.0,2026-05-04,Preço de venda abaixo do perfil do sistema de ensino,0.0
006N400000ZybnrIAB,0016g00000BIRViAAP,Conviver,0.0,2026-03-02,2026-05-04,2026-03-02 19:25:32,2,2,2,Oportunidade perdida,lost,63,0,1,0,0,63.0,,,,,,,,,,,,,,,,,,,,1.0,3 - Não,,,1.0,2026-05-04,Preço de venda abaixo do perfil do sistema de ensino,0.0
006N400000ZybnsIAB,0016g00000BIRVoAAP,Conviver,0.0,2026-03-02,2026-05-04,2026-03-02 19:25:32,2,2,2,Oportunidade perdida,lost,63,0,1,0,0,63.0,,,,,,,,,,,,,,,,,,,,1.0,3 - Não,,,1.0,2026-05-04,Preço de venda abaixo do perfil do sistema de ensino,0.0
006N400000ZybnvIAB,0016g00000BIRWDAA5,Conviver,0.0,2026-07-07,2026-07-07,2026-07-07 14:25:40,1,1,1,Solicitação de material,open,0,0,0,0,0,,,,,,,,,,,,,,,,,,,,,1.0,1 - Sim,2.0,Encontro de Lideranças Católicas | Inbound Poliedro 2025,1.0,2026-07-07,,
006N400000ZybnwIAB,001N400000dkjDbIAI,Conviver,0.0,2026-03-02,2026-06-12,2026-03-02 19:25:32,2,2,2,Oportunidade perdida,lost,102,0,1,0,0,102.0,,,,,,,,,,,,,,,,,,,,1.0,3 - Não,,,1.0,2026-06-12,Escola não adota sistema de ensino,0.0
006N400000ZybnxIAB,0016g00000BIRWMAA5,Conviver,213048.18,2026-05-12,2026-07-15,2026-05-12 11:12:56,4,4,4,Proposta tabela,open,64,0,3,0,0,0.0,,,,,,,,,,,,,,,,,,,,1.0,1 - Sim,,,1.0,2026-07-15,,
006N400000ZybnyIAB,0016g00000KLwifAAD,Conviver,0.0,2026-03-02,2026-05-04,2026-03-02 19:25:32,2,2,2,Oportunidade perdida,lost,63,0,1,0,0,63.0,,,,,,,,,,,,,,,,,,,,1.0,3 - Não,,,1.0,2026-05-04,Preço de venda abaixo do perfil do sistema de ensino,0.0
006N400000ZybnzIAB,0014v00002Icc7aAAB,Conviver,0.0,2026-07-16,2026-07-16,2026-07-16 17:11:43,1,1,1,Solicitação de material,open,0,0,0,0,0,,,,,,,,,,,,,,,,,,,,,1.0,3 - Não,,,1.0,2026-07-16,,
006N400000Zybo0IAB,0016g00000CJ41kAAD,Conviver,0.0,2026-03-02,2026-05-04,2026-03-02 19:25:32,2,2,2,Oportunidade perdida,lost,63,0,1,0,0,63.0,,,,,,,,,,,,,,,,,,,,1.0,3 - Não,,,1.0,2026-05-04,Renovou com atual parceiro,0.0
006N400000Zybo1IAB,0016g00000D03tDAAR,Conviver,41789.35,2026-04-24,2026-07-16,2026-04-24 16:58:44,5,5,5,Oportunidade perdida,lost,83,0,4,0,0,28.0,,,,,,,,,,,,,,,,,,,,1.0,3 - Não,,,1.0,2026-06-18,,0.0
006N400000Zybo2IAB,0016g00000UGEzYAAX,Conviver,0.0,2026-03-02,2026-07-20,2026-03-02 19:25:32,2,2,2,Oportunidade perdida,lost,140,0,1,0,0,140.0,,,,,,,,,,,,,,,,,,,,1.0,3 - Não,,,1.0,2026-07-20,Escola não adota sistema de ensino,0.0
006N400000Zybo3IAB,0014v00002IcewXAAR,Conviver,0.0,2026-03-02,2026-04-08,2026-03-02 19:25:32,2,2,2,Oportunidade perdida,lost,37,0,1,0,0,37.0,,,,,,,,,,,,,,,,,,,,1.0,3 - Não,,,1.0,2026-04-08,Preço de venda abaixo do perfil do sistema de ensino,0.0
006N400000Zybo4IAB,0016g00000CHruIAAT,Conviver,0.0,2026-04-15,2026-08-14,2026-04-15 13:37:38,3,3,3,Validação pedagógica,open,121,0,2,0,0,0.0,,,,,,,,,,,,,,,,,,,,1.0,3 - Não,,,1.0,2026-08-14,,
006N400000Zybo6IAB,0016g00000CK2IdAAL,Conviver,0.0,2026-03-02,2026-06-02,2026-03-02 19:25:32,2,2,2,Oportunidade perdida,lost,92,0,1,0,0,92.0,,,,,,,,,,,,,,,,,,,,1.0,3 - Não,,,1.0,2026-06-02,Escola não adota sistema de ensino,0.0
006N400000Zybo7IAB,001N400000AsMXGIA3,Conviver,49656.83,2026-05-04,2026-05-04,2026-05-04 18:22:06,1,1,1,Solicitação de material,open,0,0,0,0,0,,,,,,,,,,,,,,,,,,,,,1.0,1 - Sim,,,1.0,2026-05-04,,
006N400000Zybo9IAB,0016g00000KMClDAAX,Conviver,0.0,2026-03-26,2026-03-26,2026-03-26 21:15:25,1,1,1,Solicitação de material,open,0,0,0,0,0,,,,,,,,,,,,,,,,,,,,,1.0,3 - Não,,,1.0,2026-03-26,,
006N400000ZyboAIAR,001N400000LDSVTIA5,Conviver,0.0,2026-04-14,2026-04-15,2026-04-14 17:28:10,2,2,2,Oportunidade perdida,lost,1,0,1,0,0,1.0,,,,,,,,,,,,,,,,,,,,1.0,3 - Não,,,1.0,2026-04-15,Renovou com atual parceiro,0.0
006N400000ZyboBIAR,0016g00000VUd2wAAD,Conviver,7105.16,2026-07-28,2026-07-31,2026-07-28 12:57:16,3,3,3,Validação pedagógica,open,3,0,2,0,0,0.0,,,,,,,,,,,,,,,,,,,,1.0,3 - Não,,,1.0,2026-07-31,,
006N400000ZyboDIAR,0016g00000VVKa6AAH,Conviver,0.0,2026-04-28,2026-07-08,2026-04-28 11:33:18,2,2,2,Oportunidade perdida,lost,71,0,1,0,0,71.0,,,,,,,,,,,,,,,,,,,,1.0,3 - Não,,,1.0,2026-07-08,Escola não adota sistema de ensino,0.0
006N400000ZyboEIAR,0016g00000X2mg4AAB,Conviver,0.0,2026-06-02,2026-06-02,2026-06-02 19:25:54,1,1,1,Solicitação de material,open,0,0,0,0,0,,,,,,,,,,,,,,,,,,,,,1.0,3 - Não,,,1.0,2026-06-02,,
006N400000ZyboFIAR,0016g00000X41pkAAB,Conviver,0.0,2026-03-02,2026-07-21,2026-03-02 19:25:32,2,2,2,Oportunidade perdida,lost,141,0,1,0,0,141.0,,,,,,,,,,,,,,,,,,,,1.0,3 - Não,,,1.0,2026-07-21,Existe um contrato de longo prazo,0.0
006N400000ZyboKIAR,0016g00000pFDndAAG,Conviver,0.0,2026-03-25,2026-07-08,2026-03-25 13:57:11,2,2,2,Oportunidade perdida,lost,105,0,1,0,0,105.0,,,,,,,,,,,,,,,,,,,,1.0,1 - Sim,,,1.0,2026-07-08,Escola não adota sistema de ensino,0.0
006N400000ZyboMIAR,0016g00000eStpiAAC,Conviver,0.0,2026-03-02,2026-06-12,2026-03-02 19:25:32,2,2,2,Oportunidade perdida,lost,102,0,1,0,0,102.0,,,,,,,,,,,,,,,,,,,,1.0,3 - Não,,,1.0,2026-06-12,Satisfação com preço do atual parceiro,0.0
006N400000ZyboNIAR,0014v00002NCa8kAAD,Conviver,0.0,2026-04-16,2026-08-06,2026-04-16 21:03:21,2,2,2,Oportunidade perdida,lost,112,0,1,0,0,112.0,,,,,,,,,,,,,,,,,,,,1.0,3 - Não,,,1.0,2026-08-06,Existe um contrato de longo prazo,0.0
006N400000ZyboOIAR,0014v00002NsDeyAAF,Conviver,0.0,2026-06-11,2026-08-07,2026-06-11 14:34:29,4,4,4,Proposta tabela,open,57,0,3,0,0,0.0,,,,,,,,,,,,,,,,,,,,1.0,1 - Sim,,,1.0,2026-08-07,,
006N400000ZyboPIAR,0014v00002NsU5kAAF,Conviver,0.0,2026-06-09,2026-08-06,2026-06-09 19:52:24,2,2,2,Oportunidade perdida,lost,58,0,1,0,0,58.0,,,,,,,,,,,,,,,,,,,,1.0,3 - Não,,,1.0,2026-08-06,Existe um contrato de longo prazo,0.0
006N400000ZyboQIAR,0014v00002Rj4DlAAJ,Conviver,0.0,2026-03-02,2026-08-03,2026-03-02 19:25:32,2,2,2,Oportunidade perdida,lost,154,0,1,0,0,154.0,,,,,,,,,,,,,,,,,,,,1.0,3 - Não,,,1.0,2026-08-03,Escola não adota sistema de ensino,0.0
006N400000ZyboRIAR,0014v00002UhpZ0AAJ,Conviver,0.0,2026-03-02,2026-08-07,2026-03-02 19:25:32,2,2,2,Oportunidade perdida,lost,158,0,1,0,0,158.0,,,,,,,,,,,,,,,,,,,,1.0,3 - Não,,,1.0,2026-08-07,Escola não adota sistema de ensino,0.0
006N400000ZyboSIAR,0014v00002UhqIOAAZ,Conviver,0.0,2026-06-15,2026-06-15,2026-06-15 18:04:41,1,1,1,Solicitação de material,open,0,0,0,0,0,,,,,,,,,,,,,,,,,,,,,1.0,3 - Não,,,1.0,2026-06-15,,
006N400000ZyboTIAR,0014v00002Zi04NAAR,Conviver,0.0,2026-04-17,2026-04-17,2026-04-17 16:20:01,1,1,1,Solicitação de material,open,0,0,0,0,0,,,,,,,,,,,,,,,,,,,,,1.0,3 - Não,,,1.0,2026-04-17,,
006N400000ZyboVIAR,0016g00000CIzE3AAL,Conviver,0.0,2026-03-02,2026-07-31,2026-03-02 19:25:32,2,2,2,Oportunidade perdida,lost,151,0,1,0,0,151.0,,,,,,,,,,,,,,,,,,,,1.0,3 - Não,,,1.0,2026-07-31,Satisfação com serviço do atual parceiro,0.0
006N400000ZyboWIAR,0016g00000CJYarAAH,Conviver,0.0,2026-03-02,2026-04-27,2026-03-02 19:25:32,2,2,2,Oportunidade perdida,lost,56,0,1,0,0,56.0,,,,,,,,,,,,,,,,,,,,1.0,3 - Não,,,1.0,2026-03-02,,0.0
006N400000ZyboXIAR,001N400000n3wTGIAY,Conviver,0.0,2026-04-27,2026-04-27,2026-04-27 19:04:47,1,1,1,Solicitação de material,open,0,0,0,0,0,,,,,,,,,,,,,,,,,,,,,1.0,3 - Não,,,1.0,2026-04-27,,
006N400000ZybobIAB,0014v00002Kw1S1AAJ,Conviver,0.0,2026-05-15,2026-05-15,2026-05-15 13:32:37,1,1,1,Solicitação de material,open,0,0,0,0,0,,,,,,,,,,,,,,,,,,,,,1.0,3 - Não,,,1.0,2026-05-15,,
006N400000ZybolIAB,001N400000VE6v5IAD,Conviver,0.0,2026-03-02,2026-06-24,2026-03-02 19:25:29,2,2,2,Oportunidade perdida,lost,114,0,1,0,0,114.0,,,,,,,,,,,,,,,,,,,,1.0,3 - Não,1.0,Inbound Poliedro 2025,1.0,2026-06-24,Existe um contrato de longo prazo,0.0
006N400000ZybowIAB,0016g00000BIRWYAA5,Conviver,0.0,2026-03-02,2026-07-16,2026-03-02 19:25:29,2,2,2,Oportunidade perdida,lost,136,0,1,0,0,136.0,,,,,,,,,,,,,,,,,,,,1.0,3 - Não,,,1.0,2026-07-16,Satisfação com serviço do atual parceiro,0.0
006N400000ZyboxIAB,0016g00000BIRY3AAP,Conviver,0.0,2026-06-18,2026-06-18,2026-06-18 12:27:35,1,1,1,Solicitação de material,open,0,0,0,0,0,,,,,,,,,,,,,,,,,,,,,1.0,3 - Não,,,1.0,2026-06-18,,
006N400000ZyboyIAB,0014v00002Ns7VWAAZ,Conviver,0.0,2026-03-02,2026-04-16,2026-03-02 19:25:29,2,2,2,Oportunidade perdida,lost,45,0,1,0,0,45.0,,,,,,,,,,,,,,,,,,,,1.0,3 - Não,,,1.0,2026-04-16,Existe um contrato de longo prazo,0.0
006N400000ZybozIAB,001N400000mUkY5IAK,Conviver,0.0,2026-04-06,2026-04-16,2026-04-06 16:53:12,2,2,2,Oportunidade perdida,lost,10,0,1,0,0,10.0,,,,,,,,,,,,,,,,,,,,1.0,3 - Não,,,1.0,2026-04-16,Existe um contrato de longo prazo,0.0
006N400000Zybp0IAB,001N400000mbBvPIAU,Conviver,0.0,2026-04-06,2026-04-16,2026-04-06 16:54:55,2,2,2,Oportunidade perdida,lost,10,0,1,0,0,10.0,,,,,,,,,,,,,,,,,,,,1.0,3 - Não,,,1.0,2026-04-16,Existe um contrato de longo prazo,0.0
006N400000Zybp2IAB,0016g00000BIRVSAA5,Conviver,0.0,2026-03-02,2026-05-21,2026-03-02 19:25:29,2,2,2,Oportunidade perdida,lost,80,0,1,0,0,80.0,,,,,,,,,,,,,,,,,,,,1.0,3 - Não,,,1.0,2026-05-21,Existe um contrato de longo prazo,0.0
006N400000Zybp4IAB,0016g00000BIRXVAA5,Conviver,0.0,2026-03-02,2026-05-29,2026-03-02 19:25:29,2,2,2,Oportunidade perdida,lost,88,0,1,0,0,88.0,,,,,,,,,,,,,,,,,,,,1.0,3 - Não,,,1.0,2026-05-29,Satisfação com preço do atual parceiro,0.0
006N400000Zybp5IAB,0016g00000BIRaEAAX,Conviver,0.0,2026-03-02,2026-04-27,2026-03-02 19:25:29,2,2,2,Oportunidade perdida,lost,56,0,1,0,0,56.0,,,,,,,,,,,,,,,,,,,,1.0,1 - Sim,,,1.0,2026-04-27,Satisfação com serviço do atual parceiro,0.0
006N400000Zybp6IAB,0016g00000BIRWPAA5,Conviver,0.0,2026-03-02,2026-05-07,2026-03-02 19:25:29,2,2,2,Oportunidade perdida,lost,66,0,1,0,0,66.0,,,,,,,,,,,,,,,,,,,,1.0,3 - Não,,,1.0,2026-05-07,Existe um contrato de longo prazo,0.0
006N400000Zybp9IAB,0016g00000BIRXjAAP,Conviver,0.0,2026-06-01,2026-06-01,2026-06-01 19:38:16,1,1,1,Solicitação de material,open,0,0,0,0,0,,,,,,,,,,,,,,,,,,,,,1.0,3 - Não,,,1.0,2026-06-01,,
006N400000ZybpAIAR,0016g00000BIRVKAA5,Conviver,0.0,2026-03-02,2026-06-11,2026-03-02 19:25:29,2,2,2,Oportunidade perdida,lost,101,0,1,0,0,101.0,,,,,,,,,,,,,,,,,,,,1.0,3 - Não,,,1.0,2026-06-11,Preço de venda abaixo do perfil do sistema de ensino,0.0
006N400000ZybpBIAR,0016g00000BIRXTAA5,Conviver,0.0,2026-03-02,2026-07-21,2026-03-02 19:25:29,2,2,2,Oportunidade perdida,lost,141,0,1,0,0,141.0,,,,,,,,,,,,,,,,,,,,1.0,3 - Não,,,1.0,2026-07-21,Escola não adota sistema de ensino,0.0
006N400000ZybpDIAR,0016g00000BIRYFAA5,Conviver,0.0,2026-03-02,2026-05-25,2026-03-02 19:25:29,2,2,2,Oportunidade perdida,lost,84,0,1,0,0,84.0,,,,,,,,,,,,,,,,,,,,1.0,3 - Não,,,1.0,2026-05-25,Renovou com atual parceiro,0.0
006N400000ZybpEIAR,0016g00000BIRZGAA5,Conviver,0.0,2026-03-02,2026-06-23,2026-03-02 19:25:29,2,2,2,Oportunidade perdida,lost,113,0,1,0,0,113.0,,,,,,,,,,,,,,,,,,,,1.0,3 - Não,,,1.0,2026-06-23,Preço de venda abaixo do perfil do sistema de ensino,0.0
006N400000ZybpHIAR,0016g00000BIRaaAAH,Conviver,0.0,2026-06-08,2026-06-08,2026-06-08 18:21:35,1,1,1,Solicitação de material,open,0,0,0,0,0,,,,,,,,,,,,,,,,,,,,,1.0,3 - Não,,,1.0,2026-06-08,,
006N400000ZybpKIAR,0016g00000BIRaZAAX,Conviver,0.0,2026-05-12,2026-07-14,2026-05-12 19:51:56,3,3,3,Validação pedagógica,open,63,0,2,0,0,0.0,,,,,,,,,,,,,,,,,,,,1.0,1 - Sim,,,1.0,2026-07-14,,
006N400000ZybpLIAR,0016g00000BIRWnAAP,Conviver,0.0,2026-04-15,2026-04-15,2026-04-15 14:05:45,1,1,1,Solicitação de material,open,0,0,0,0,0,,,,,,,,,,,,,,,,,,,,,1.0,3 - Não,,,1.0,2026-04-15,,
006N400000ZybpOIAR,0016g00000BIRXtAAP,Conviver,0.0,2026-04-17,2026-04-27,2026-04-17 16:37:14,2,2,2,Material entregue,open,10,0,1,0,0,10.0,,,,,,,,,,,,,,,,,,,,1.0,3 - Não,,,1.0,2026-04-27,,
006N400000ZybpPIAR,0016g00000BIRZ5AAP,Conviver,0.0,2026-03-30,2026-07-06,2026-03-30 13:32:37,2,2,2,Oportunidade perdida,lost,98,0,1,0,0,98.0,,,,,,,,,,,,,,,,,,,,1.0,3 - Não,,,1.0,2026-07-06,Escola não adota sistema de ensino,0.0
006N400000ZybpQIAR,0016g00000BIRZQAA5,Conviver,0.0,2026-03-25,2026-03-25,2026-03-25 13:58:35,1,1,1,Solicitação de material,open,0,0,0,0,0,,,,,,,,,,,,,,,,,,,,,1.0,3 - Não,,,1.0,2026-03-25,,
006N400000ZybpRIAR,0016g00000BIRVOAA5,Conviver,0.0,2026-03-02,2026-06-12,2026-03-02 19:25:29,2,2,2,Oportunidade perdida,lost,102,0,1,0,0,102.0,,,,,,,,,,,,,,,,,,,,1.0,3 - Não,,,1.0,2026-06-12,Escola não adota sistema de ensino,0.0
006N400000ZybpSIAR,0016g00000BIRWcAAP,Conviver,0.0,2026-03-02,2026-05-07,2026-03-02 19:25:29,2,2,2,Oportunidade perdida,lost,66,0,1,0,0,66.0,,,,,,,,,,,,,,,,,,,,1.0,3 - Não,,,1.0,2026-05-07,Existe um contrato de longo prazo,0.0
006N400000ZybpUIAR,0016g00000BIRXlAAP,Conviver,0.0,2026-05-18,2026-05-18,2026-05-18 19:19:39,1,1,1,Solicitação de material,open,0,0,0,0,0,,,,,,,,,,,,,,,,,,,,,1.0,1 - Sim,,,1.0,2026-05-18,,
006N400000ZybpWIAR,0016g00000BIRYCAA5,Conviver,61230.35,2026-05-14,2026-08-13,2026-05-14 12:08:09,5,5,5,Oportunidade perdida,lost,91,0,4,0,0,44.0,,,,,,,,,,,,,,,,,,,,1.0,1 - Sim,1.0,Encontro de Lideranças Católicas,1.0,2026-08-13,Existe um contrato de longo prazo,0.0
006N400000ZybpXIAR,0014v00002lpqnbAAA,Conviver,0.0,2026-03-02,2026-07-06,2026-03-02 19:25:29,2,2,2,Oportunidade perdida,lost,126,0,1,0,0,126.0,,,,,,,,,,,,,,,,,,,,1.0,3 - Não,,,1.0,2026-07-06,Satisfação com serviço do atual parceiro,0.0
006N400000ZybpYIAR,0016g00000BIRVnAAP,Conviver,0.0,2026-03-02,2026-06-12,2026-03-02 19:25:29,2,2,2,Oportunidade perdida,lost,102,0,1,0,0,102.0,,,,,,,,,,,,,,,,,,,,1.0,3 - Não,,,1.0,2026-06-12,Satisfação com preço do atual parceiro,0.0
006N400000ZybpZIAR,0016g00000BIRaWAAX,Conviver,0.0,2026-05-18,2026-06-25,2026-05-18 13:54:48,2,2,2,Oportunidade perdida,lost,38,0,1,0,0,38.0,,,,,,,,,,,,,,,,,,,,1.0,3 - Não,,,1.0,2026-06-25,Escola não adota sistema de ensino,0.0
006N400000ZybpbIAB,001N400000V5AUwIAN,Conviver,0.0,2026-07-30,2026-07-30,2026-07-30 13:49:31,1,1,1,Solicitação de material,open,0,0,0,0,0,,,,,,,,,,,,,,,,,,,,,1.0,3 - Não,,,1.0,2026-07-30,,
006N400000ZybpcIAB,0016g00000BIRXaAAP,Conviver,0.0,2026-03-02,2026-06-23,2026-03-02 19:25:29,2,2,2,Oportunidade perdida,lost,113,0,1,0,0,113.0,,,,,,,,,,,,,,,,,,,,1.0,3 - Não,,,1.0,2026-06-23,Escola não adota sistema de ensino,0.0
006N400000ZybpdIAB,0016g00000BIRXuAAP,Conviver,0.0,2026-03-02,2026-06-23,2026-03-02 19:25:29,2,2,2,Oportunidade perdida,lost,113,0,1,0,0,113.0,,,,,,,,,,,,,,,,,,,,1.0,3 - Não,,,1.0,2026-06-23,Escola não adota sistema de ensino,0.0
006N400000ZybpeIAB,0016g00000BIRZ2AAP,Conviver,60897.4,2026-05-26,2026-07-03,2026-05-26 14:44:26,12,12,12,Contrato assinado,won,38,1,10,0,0,0.0,,,,,,,,,,,,,,,,,,,,1.0,3 - Não,,,1.0,2026-07-03,,1.0
006N400000ZybpfIAB,0016g00000BIRZWAA5,Conviver,0.0,2026-03-02,2026-06-17,2026-03-02 19:25:29,2,2,2,Oportunidade perdida,lost,107,0,1,0,0,107.0,,,,,,,,,,,,,,,,,,,,1.0,3 - Não,,,1.0,2026-06-17,Existe um contrato de longo prazo,0.0
006N400000ZybpgIAB,0016g00000BIRZxAAP,Conviver,0.0,2026-04-17,2026-04-17,2026-04-17 14:52:30,1,1,1,Solicitação de material,open,0,0,0,0,0,,,,,,,,,,,,,,,,,,,,,1.0,3 - Não,,,1.0,2026-04-17,,
006N400000ZybpiIAB,0016g00000BIRaYAAX,Conviver,0.0,2026-06-08,2026-06-08,2026-06-08 18:29:51,1,1,1,Solicitação de material,open,0,0,0,0,0,,,,,,,,,,,,,,,,,,,,,1.0,3 - Não,,,1.0,2026-06-08,,
006N400000ZybplIAB,0016g00000BIRVVAA5,Conviver,0.0,2026-03-02,2026-06-09,2026-03-02 19:25:29,2,2,2,Oportunidade perdida,lost,99,0,1,0,0,99.0,,,,,,,,,,,,,,,,,,,,1.0,3 - Não,,,1.0,2026-06-09,Satisfação com preço do atual parceiro,0.0
006N400000ZybpnIAB,0016g00000BIRWQAA5,Conviver,0.0,2026-04-16,2026-06-16,2026-04-16 19:25:27,2,2,2,Oportunidade perdida,lost,61,0,1,0,0,61.0,,,,,,,,,,,,,,,,,,,,1.0,3 - Não,,,1.0,2026-06-16,Escola não adota sistema de ensino,0.0
006N400000ZybpoIAB,0016g00000BIRXKAA5,Conviver,0.0,2026-04-27,2026-06-16,2026-04-27 12:29:38,2,2,2,Oportunidade perdida,lost,50,0,1,0,0,50.0,,,,,,,,,,,,,,,,,,,,1.0,3 - Não,,,1.0,2026-06-16,Escola não adota sistema de ensino,0.0
006N400000ZybprIAB,0016g00000BIRZZAA5,Conviver,61258.2,2026-04-30,2026-06-16,2026-04-30 14:48:57,5,5,5,Proposta personalizada,open,47,0,4,0,0,0.0,,,,,,,,,,,,,,,,,,,,1.0,3 - Não,,,1.0,2026-06-16,,
006N400000ZybpsIAB,0016g00000BIRZgAAP,Conviver,73237.79,2026-06-15,2026-07-07,2026-06-15 16:45:34,5,5,5,Proposta personalizada,open,22,0,4,0,0,0.0,,,,,,,,,,,,,,,,,,,,1.0,3 - Não,1.0,Inbound Poliedro 2025,1.0,2026-07-07,,
006N400000ZybptIAB,0016g00000BIRZtAAP,Conviver,0.0,2026-03-02,2026-05-15,2026-03-02 19:25:29,2,2,2,Oportunidade perdida,lost,74,0,1,0,0,74.0,,,,,,,,,,,,,,,,,,,,1.0,3 - Não,,,1.0,2026-05-15,Preço de venda abaixo do perfil do sistema de ensino,0.0
006N400000ZybpuIAB,0016g00000BIRWZAA5,Conviver,0.0,2026-03-30,2026-06-22,2026-03-30 13:33:43,2,2,2,Oportunidade perdida,lost,84,0,1,0,0,84.0,,,,,,,,,,,,,,,,,,,,1.0,3 - Não,,,1.0,2026-06-22,Existe um contrato de longo prazo,0.0
006N400000ZybpvIAB,0016g00000BIRaIAAX,Conviver,0.0,2026-03-02,2026-08-03,2026-03-02 19:25:29,2,2,2,Oportunidade perdida,lost,154,0,1,0,0,154.0,,,,,,,,,,,,,,,,,,,,1.0,3 - Não,,,1.0,2026-08-03,Escola não adota sistema de ensino,0.0
006N400000ZybpwIAB,0016g00000BIRcBAAX,Conviver,0.0,2026-07-30,2026-07-30,2026-07-30 13:58:11,1,1,1,Solicitação de material,open,0,0,0,0,0,,,,,,,,,,,,,,,,,,,,,1.0,3 - Não,,,1.0,2026-07-30,,
006N400000ZybpxIAB,0016g00000BIRVTAA5,Conviver,63512.25,2026-03-30,2026-04-27,2026-03-30 13:35:18,5,5,5,Proposta personalizada,open,28,0,4,0,0,0.0,,,,,,,,,,,,,,,,,,,,1.0,3 - Não,,,1.0,2026-04-27,,
006N400000ZybpyIAB,0014v00002ZiYcjAAF,Conviver,0.0,2026-03-02,2026-06-02,2026-03-02 19:25:29,2,2,2,Oportunidade perdida,lost,92,0,1,0,0,92.0,,,,,,,,,,,,,,,,,,,,1.0,3 - Não,,,1.0,2026-06-02,Escola com pendência financeira,0.0
006N400000Zybq0IAB,001N400000HX7SNIA1,Conviver,143664.88,2026-04-30,2026-06-08,2026-04-30 15:05:41,5,5,5,Proposta personalizada,open,39,0,4,0,0,0.0,,,,,,,,,,,,,,,,,,,,1.0,1 - Sim,,,1.0,2026-06-08,,
006N400000Zybq1IAB,0016g00000BIRZwAAP,Conviver,0.0,2026-04-30,2026-04-30,2026-04-30 20:02:16,1,1,1,Solicitação de material,open,0,0,0,0,0,,,,,,,,,,,,,,,,,,,,,1.0,3 - Não,,,1.0,2026-04-30,,
006N400000Zybq2IAB,0016g00000BIRW6AAP,Conviver,0.0,2026-03-02,2026-06-12,2026-03-02 19:25:29,2,2,2,Oportunidade perdida,lost,102,0,1,0,0,102.0,,,,,,,,,,,,,,,,,,,,1.0,3 - Não,,,2.0,2026-07-30,Satisfação com preço do atual parceiro,0.0
006N400000Zybq3IAB,0016g00000BIRW6AAP,Conviver,0.0,2026-07-30,2026-07-30,2026-07-30 20:17:37,1,1,1,Solicitação de material,open,0,0,0,0,0,,,,,,,,,,,,,,,,,,,,,1.0,3 - Não,,,2.0,2026-07-30,Satisfação com preço do atual parceiro,
006N400000Zybq4IAB,0016g00000BIRaCAAX,Conviver,0.0,2026-03-02,2026-06-26,2026-03-02 19:25:29,2,2,2,Oportunidade perdida,lost,116,0,1,0,0,116.0,,,,,,,,,,,,,,,,,,,,1.0,3 - Não,,,1.0,2026-06-26,Satisfação com serviço do atual parceiro,0.0
006N400000Zybq5IAB,0016g00000BIRbNAAX,Conviver,0.0,2026-03-02,2026-08-03,2026-03-02 19:25:29,2,2,2,Oportunidade perdida,lost,154,0,1,0,0,154.0,,,,,,,,,,,,,,,,,,,,1.0,3 - Não,,,1.0,2026-08-03,Escola não adota sistema de ensino,0.0
006N400000Zybq7IAB,0016g00000BIRX4AAP,Conviver,0.0,2026-05-27,2026-06-23,2026-05-27 13:42:19,2,2,2,Oportunidade perdida,lost,27,0,1,0,0,27.0,,,,,,,,,,,,,,,,,,,,1.0,3 - Não,,,1.0,2026-06-23,Escola não adota sistema de ensino,0.0
006N400000Zybq9IAB,0016g00000BIRZYAA5,Conviver,0.0,2026-03-02,2026-06-18,2026-03-02 19:25:29,2,2,2,Oportunidade perdida,lost,108,0,1,0,0,108.0,,,,,,,,,,,,,,,,,,,,1.0,3 - Não,,,1.0,2026-06-18,Satisfação com preço e serviço do atual parceiro,0.0
006N400000ZybqAIAR,0016g00000BIRZoAAP,Conviver,0.0,2026-04-30,2026-04-30,2026-04-30 19:59:43,1,1,1,Solicitação de material,open,0,0,0,0,0,,,,,,,,,,,,,,,,,,,,,1.0,3 - Não,,,1.0,2026-04-30,,
006N400000ZybqBIAR,0016g00000BIRVcAAP,Conviver,0.0,2026-03-02,2026-06-12,2026-03-02 19:25:29,2,2,2,Oportunidade perdida,lost,102,0,1,0,0,102.0,,,,,,,,,,,,,,,,,,,,1.0,3 - Não,,,1.0,2026-06-12,Satisfação com serviço do atual parceiro,0.0
006N400000ZybqCIAR,0016g00000BIRVdAAP,Conviver,0.0,2026-03-02,2026-05-18,2026-03-02 19:25:29,2,2,2,Oportunidade perdida,lost,77,0,1,0,0,77.0,,,,,,,,,,,,,,,,,,,,1.0,3 - Não,,,1.0,2026-05-18,Análise de Impacto de Escola Associada,0.0
006N400000ZybqDIAR,0016g00000BIRWGAA5,Conviver,0.0,2026-04-29,2026-04-29,2026-04-29 18:56:21,1,1,1,Solicitação de material,open,0,0,0,0,0,,,,,,,,,,,,,,,,,,,,,1.0,3 - Não,,,1.0,2026-04-29,,
006N400000ZybqEIAR,0016g00000BIRaXAAX,Conviver,0.0,2026-03-02,2026-05-21,2026-03-02 19:25:29,2,2,2,Oportunidade perdida,lost,80,0,1,0,0,80.0,,,,,,,,,,,,,,,,,,,,1.0,3 - Não,,,1.0,2026-05-21,Satisfação com serviço do atual parceiro,0.0
006N400000ZybqFIAR,0014v00002uik3TAAQ,Conviver,0.0,2026-07-30,2026-07-30,2026-07-30 13:56:55,1,1,1,Solicitação de material,open,0,0,0,0,0,,,,,,,,,,,,,,,,,,,,,1.0,3 - Não,,,1.0,2026-07-30,,
006N400000ZybqGIAR,0014v00002mu2z7AAA,Conviver,0.0,2026-03-02,2026-06-03,2026-03-02 19:25:29,2,2,2,Oportunidade perdida,lost,93,0,1,0,0,93.0,,,,,,,,,,,,,,,,,,,,1.0,3 - Não,,,1.0,2026-06-03,Satisfação com serviço do atual parceiro,0.0
006N400000ZybqHIAR,0016g00000BIRa9AAH,Conviver,0.0,2026-04-17,2026-06-03,2026-04-17 12:51:30,2,2,2,Oportunidade perdida,lost,47,0,1,0,0,47.0,,,,,,,,,,,,,,,,,,,,1.0,3 - Não,,,1.0,2026-06-03,Satisfação com serviço do atual parceiro,0.0
006N400000ZybqIIAR,0014v00002m9D39AAE,Conviver,0.0,2026-03-02,2026-05-07,2026-03-02 19:25:29,2,2,2,Oportunidade perdida,lost,66,0,1,0,0,66.0,,,,,,,,,,,,,,,,,,,,1.0,3 - Não,,,1.0,2026-05-07,Satisfação com serviço do atual parceiro,0.0
006N400000ZybqKIAR,001N400000WIBlnIAH,Conviver,0.0,2026-03-02,2026-07-21,2026-03-02 19:25:29,2,2,2,Oportunidade perdida,lost,141,0,1,0,0,141.0,,,,,,,,,,,,,,,,,,,,1.0,3 - Não,,,1.0,2026-07-21,Escola não adota sistema de ensino,0.0
006N400000ZybqMIAR,0016g00000BIRbvAAH,Conviver,0.0,2026-05-25,2026-05-25,2026-05-25 13:36:17,1,1,1,Solicitação de material,open,0,0,0,0,0,,,,,,,,,,,,,,,,,,,,,1.0,3 - Não,,,1.0,2026-05-25,,
006N400000ZybqNIAR,001N4000005X4d6IAC,Conviver,61345.31,2026-03-24,2026-07-29,2026-03-24 20:58:12,4,4,4,Proposta tabela,open,127,0,3,0,0,0.0,,,,,,,,,,,,,,,,,,,,1.0,3 - Não,,,1.0,2026-07-29,,
006N400000ZybqOIAR,0016g00000BIRWkAAP,Conviver,0.0,2026-03-02,2026-06-02,2026-03-02 19:25:29,2,2,2,Oportunidade perdida,lost,92,0,1,0,0,92.0,,,,,,,,,,,,,,,,,,,,1.0,3 - Não,,,1.0,2026-06-02,Escola não adota sistema de ensino,0.0
006N400000ZybqPIAR,0016g00000BIRWXAA5,Conviver,0.0,2026-03-02,2026-06-02,2026-03-02 19:25:29,2,2,2,Oportunidade perdida,lost,92,0,1,0,0,92.0,,,,,,,,,,,,,,,,,,,,1.0,3 - Não,,,1.0,2026-06-02,Escola não adota sistema de ensino,0.0
006N400000ZybqQIAR,0016g00000BIRWlAAP,Conviver,0.0,2026-03-25,2026-03-30,2026-03-25 17:49:59,2,2,2,Oportunidade perdida,lost,5,0,1,0,0,5.0,,,,,,,,,,,,,,,,,,,,1.0,3 - Não,,,1.0,2026-03-30,Preço de venda abaixo do perfil do sistema de ensino,0.0
006N400000ZybqRIAR,0016g00000BIRXGAA5,Conviver,63986.77,2026-04-09,2026-06-30,2026-04-09 17:25:16,4,4,4,Proposta tabela,open,82,0,3,0,0,0.0,,,,,,,,,,,,,,,,,,,,1.0,1 - Sim,,,1.0,2026-06-30,,
006N400000ZybqTIAR,0016g00000BIRYLAA5,Conviver,0.0,2026-03-02,2026-06-18,2026-03-02 19:25:29,2,2,2,Oportunidade perdida,lost,108,0,1,0,0,108.0,,,,,,,,,,,,,,,,,,,,1.0,3 - Não,,,1.0,2026-06-18,Escola não adota sistema de ensino,0.0
006N400000ZybqUIAR,0016g00000BIRYPAA5,Conviver,0.0,2026-03-30,2026-05-13,2026-03-30 13:28:53,2,2,2,Oportunidade perdida,lost,44,0,1,0,0,44.0,,,,,,,,,,,,,,,,,,,,1.0,3 - Não,,,1.0,2026-05-13,Escola não adota sistema de ensino,0.0
006N400000ZybqVIAR,001N400000JjcpVIAR,Conviver,0.0,2026-03-02,2026-06-30,2026-03-02 19:25:29,2,2,2,Oportunidade perdida,lost,120,0,1,0,0,120.0,,,,,,,,,,,,,,,,,,,,1.0,3 - Não,,,1.0,2026-06-30,Satisfação com serviço do atual parceiro,0.0
006N400000ZybqWIAR,0016g00000BIRYhAAP,Conviver,0.0,2026-03-02,2026-03-25,2026-03-02 19:25:29,2,2,2,Oportunidade perdida,lost,23,0,1,0,0,23.0,,,,,,,,,,,,,,,,,,,,1.0,3 - Não,,,1.0,2026-03-25,Renovou com atual parceiro,0.0
006N400000ZybqXIAR,0016g00000BIRYtAAP,Conviver,0.0,2026-05-21,2026-05-21,2026-05-21 19:35:56,1,1,1,Solicitação de material,open,0,0,0,0,0,,,,,,,,,,,,,,,,,,,,,1.0,3 - Não,,,1.0,2026-05-21,,
006N400000ZybqYIAR,0016g00000BIRYuAAP,Conviver,0.0,2026-03-30,2026-04-07,2026-03-30 14:21:33,2,2,2,Oportunidade perdida,lost,8,0,1,0,0,8.0,,,,,,,,,,,,,,,,,,,,1.0,3 - Não,,,1.0,2026-04-07,Escola não adota sistema de ensino,0.0
006N400000ZybqZIAR,0016g00000BIRalAAH,Conviver,0.0,2026-03-02,2026-06-18,2026-03-02 19:25:29,2,2,2,Oportunidade perdida,lost,108,0,1,0,0,108.0,,,,,,,,,,,,,,,,,,,,1.0,3 - Não,,,1.0,2026-06-18,Satisfação com preço do atual parceiro,0.0
006N400000ZybqbIAB,0016g00000BIRYfAAP,Conviver,0.0,2026-03-02,2026-06-12,2026-03-02 19:25:29,2,2,2,Oportunidade perdida,lost,102,0,1,0,0,102.0,,,,,,,,,,,,,,,,,,,,1.0,3 - Não,,,1.0,2026-06-12,Pacote agressivo de benefícios do concorrente,0.0
006N400000ZybqcIAB,0014v00002gguLeAAI,Conviver,124348.8,2026-04-24,2026-07-29,2026-04-24 16:46:40,5,5,5,Oportunidade perdida,lost,96,0,4,0,0,40.0,,,,,,,,,,,,,,,,,,,,1.0,3 - Não,,,1.0,2026-07-29,Escola não adota sistema de ensino,0.0
006N400000ZybqdIAB,0014v00002gi4h9AAA,Conviver,0.0,2026-05-14,2026-07-29,2026-05-14 13:18:08,2,2,2,Oportunidade perdida,lost,76,0,1,0,0,76.0,,,,,,,,,,,,,,,,,,,,1.0,3 - Não,,,1.0,2026-07-29,Escola não adota sistema de ensino,0.0
006N400000ZybqeIAB,0016g00000BIRaKAAX,Conviver,0.0,2026-03-02,2026-07-16,2026-03-02 19:25:29,2,2,2,Oportunidade perdida,lost,136,0,1,0,0,136.0,,,,,,,,,,,,,,,,,,,,1.0,3 - Não,,,1.0,2026-07-16,Renovou com atual parceiro,0.0
006N400000ZybqfIAB,0016g00000BIRcJAAX,Conviver,0.0,2026-07-30,2026-07-30,2026-07-30 16:10:12,1,1,1,Solicitação de material,open,0,0,0,0,0,,,,,,,,,,,,,,,,,,,,,1.0,1 - Sim,,,1.0,2026-07-30,,
006N400000ZybqgIAB,0016g00000BIRcNAAX,Conviver,0.0,2026-03-02,2026-06-30,2026-03-02 19:25:29,2,2,2,Oportunidade perdida,lost,120,0,1,0,0,120.0,,,,,,,,,,,,,,,,,,,,1.0,3 - Não,,,1.0,2026-06-30,Renovou com atual parceiro,0.0
006N400000ZybqhIAB,0016g00000BIRVAAA5,Conviver,0.0,2026-03-02,2026-05-19,2026-03-02 19:25:29,2,2,2,Oportunidade perdida,lost,78,0,1,0,0,78.0,,,,,,,,,,,,,,,,,,,,1.0,3 - Não,,,1.0,2026-05-19,Escola não adota sistema de ensino,0.0
006N400000ZybqiIAB,0016g00000BIRVDAA5,Conviver,0.0,2026-03-02,2026-06-12,2026-03-02 19:25:29,2,2,2,Oportunidade perdida,lost,102,0,1,0,0,102.0,,,,,,,,,,,,,,,,,,,,1.0,3 - Não,,,1.0,2026-06-12,Satisfação com preço do atual parceiro,0.0
006N400000ZybqlIAB,0016g00000BIRX2AAP,Conviver,0.0,2026-03-02,2026-06-16,2026-03-02 19:25:29,2,2,2,Oportunidade perdida,lost,106,0,1,0,0,106.0,,,,,,,,,,,,,,,,,,,,1.0,3 - Não,,,1.0,2026-06-16,Escola não adota sistema de ensino,0.0
006N400000ZybqmIAB,0016g00000BIRX3AAP,Conviver,0.0,2026-03-02,2026-06-16,2026-03-02 19:25:29,2,2,2,Oportunidade perdida,lost,106,0,1,0,0,106.0,,,,,,,,,,,,,,,,,,,,1.0,3 - Não,,,1.0,2026-06-16,Escola não adota sistema de ensino,0.0
006N400000ZybqoIAB,0016g00000BIRXBAA5,Conviver,0.0,2026-03-23,2026-03-23,2026-03-23 19:41:17,1,1,1,Solicitação de material,open,0,0,0,0,0,,,,,,,,,,,,,,,,,,,,,1.0,3 - Não,,,1.0,2026-03-23,,
006N400000ZybqqIAB,0016g00000BIRXdAAP,Conviver,0.0,2026-03-02,2026-07-22,2026-03-02 19:25:29,2,2,2,Oportunidade perdida,lost,142,0,1,0,0,142.0,,,,,,,,,,,,,,,,,,,,1.0,3 - Não,,,1.0,2026-07-22,Escola não adota sistema de ensino,0.0
006N400000ZybqrIAB,0016g00000BIRY0AAP,Conviver,0.0,2026-06-01,2026-06-01,2026-06-01 19:35:00,1,1,1,Solicitação de material,open,0,0,0,0,0,,,,,,,,,,,,,,,,,,,,,1.0,3 - Não,,,1.0,2026-06-01,,
006N400000ZybqsIAB,0016g00000BIRYSAA5,Conviver,50212.74,2026-03-25,2026-06-30,2026-03-25 13:55:57,4,4,4,Proposta tabela,open,97,0,3,0,0,0.0,,,,,,,,,,,,,,,,,,,,1.0,1 - Sim,,,1.0,2026-06-30,,
006N400000ZybqtIAB,0016g00000BIRYXAA5,Conviver,0.0,2026-03-02,2026-06-17,2026-03-02 19:25:29,2,2,2,Oportunidade perdida,lost,107,0,1,0,0,107.0,,,,,,,,,,,,,,,,,,,,1.0,3 - Não,,,1.0,2026-06-17,Preço de venda abaixo do perfil do sistema de ensino,0.0
006N400000ZybqvIAB,0016g00000BIRZIAA5,Conviver,0.0,2026-03-02,2026-06-17,2026-03-02 19:25:29,2,2,2,Oportunidade perdida,lost,107,0,1,0,0,107.0,,,,,,,,,,,,,,,,,,,,1.0,3 - Não,,,1.0,2026-06-17,Escola não adota sistema de ensino,0.0
006N400000ZybqxIAB,0016g00000BIRZeAAP,Conviver,0.0,2026-03-02,2026-05-15,2026-03-02 19:25:29,2,2,2,Oportunidade perdida,lost,74,0,1,0,0,74.0,,,,,,,,,,,,,,,,,,,,1.0,3 - Não,,,1.0,2026-03-02,,0.0
006N400000ZybqyIAB,0014v00002mwxaJAAQ,Conviver,0.0,2026-03-30,2026-05-21,2026-03-30 13:47:36,2,2,2,Oportunidade perdida,lost,52,0,1,0,0,52.0,,,,,,,,,,,,,,,,,,,,1.0,3 - Não,,,1.0,2026-05-21,Escola não adota sistema de ensino,0.0
006N400000Zybr0IAB,0016g00000BIRVjAAP,Conviver,0.0,2026-03-02,2026-05-20,2026-03-02 19:25:29,2,2,2,Oportunidade perdida,lost,79,0,1,0,0,79.0,,,,,,,,,,,,,,,,,,,,1.0,3 - Não,,,1.0,2026-05-20,Escola não adota sistema de ensino,0.0
006N400000Zybr3IAB,0016g00000BIRWLAA5,Conviver,0.0,2026-03-02,2026-05-19,2026-03-02 19:25:29,2,2,2,Oportunidade perdida,lost,78,0,1,0,0,78.0,,,,,,,,,,,,,,,,,,,,1.0,3 - Não,,,1.0,2026-05-19,Escola não adota sistema de ensino,0.0
006N400000Zybr4IAB,0016g00000BIRaQAAX,Conviver,0.0,2026-03-02,2026-06-30,2026-03-02 19:25:29,2,2,2,Oportunidade perdida,lost,120,0,1,0,0,120.0,,,,,,,,,,,,,,,,,,,,1.0,3 - Não,,,1.0,2026-06-30,Escola não adota sistema de ensino,0.0
006N400000Zybr5IAB,0016g00000BIRcIAAX,Conviver,0.0,2026-05-08,2026-06-01,2026-05-08 14:15:16,4,4,4,Proposta tabela,open,24,0,3,0,0,0.0,,,,,,,,,,,,,,,,,,,,1.0,3 - Não,,,1.0,2026-06-01,,
006N400000Zybr6IAB,0016g00000BIRVQAA5,Conviver,0.0,2026-03-02,2026-05-18,2026-03-02 19:25:29,2,2,2,Oportunidade perdida,lost,77,0,1,0,0,77.0,,,,,,,,,,,,,,,,,,,,1.0,3 - Não,,,1.0,2026-05-18,Escola não adota sistema de ensino,0.0
006N400000Zybr7IAB,0016g00000BIRVWAA5,Conviver,47363.23,2026-07-15,2026-07-31,2026-07-15 18:22:54,4,4,4,Proposta tabela,open,16,0,3,0,0,0.0,,,,,,,,,,,,,,,,,,,,1.0,1 - Sim,,,1.0,2026-07-31,,
006N400000Zybr8IAB,0016g00000BIRVYAA5,Conviver,0.0,2026-03-02,2026-06-12,2026-03-02 19:25:29,2,2,2,Oportunidade perdida,lost,102,0,1,0,0,102.0,,,,,,,,,,,,,,,,,,,,1.0,3 - Não,,,1.0,2026-06-12,Satisfação com preço do atual parceiro,0.0
006N400000Zybr9IAB,0016g00000BIRbrAAH,Conviver,0.0,2026-03-02,2026-06-25,2026-03-02 19:25:29,2,2,2,Oportunidade perdida,lost,115,0,1,0,0,115.0,,,,,,,,,,,,,,,,,,,,1.0,3 - Não,,,1.0,2026-06-25,Escola não adota sistema de ensino,0.0
006N400000ZybrAIAR,0014v00002mtyTnAAI,Conviver,0.0,2026-03-02,2026-05-07,2026-03-02 19:25:29,2,2,2,Oportunidade perdida,lost,66,0,1,0,0,66.0,,,,,,,,,,,,,,,,,,,,1.0,3 - Não,,,1.0,2026-05-07,Satisfação com serviço do atual parceiro,0.0
006N400000ZybrBIAR,0016g00000BIRWaAAP,Conviver,0.0,2026-03-02,2026-05-07,2026-03-02 19:25:29,2,2,2,Oportunidade perdida,lost,66,0,1,0,0,66.0,,,,,,,,,,,,,,,,,,,,1.0,3 - Não,,,1.0,2026-05-07,Satisfação com serviço do atual parceiro,0.0
006N400000ZybrEIAR,0016g00000BIRX0AAP,Conviver,0.0,2026-05-26,2026-05-26,2026-05-26 13:44:16,1,1,1,Solicitação de material,open,0,0,0,0,0,,,,,,,,,,,,,,,,,,,,,1.0,3 - Não,,,1.0,2026-05-26,,
006N400000ZybrFIAR,0016g00000BIRXEAA5,Conviver,0.0,2026-06-09,2026-06-09,2026-06-09 12:23:39,1,1,1,Solicitação de material,open,0,0,0,0,0,,,,,,,,,,,,,,,,,,,,,1.0,3 - Não,,,1.0,2026-06-09,,
006N400000ZybrGIAR,0014v00002uhmmvAAA,Conviver,0.0,2026-03-02,2026-06-18,2026-03-02 19:25:29,2,2,2,Oportunidade perdida,lost,108,0,1,0,0,108.0,,,,,,,,,,,,,,,,,,,,1.0,3 - Não,1.0,Inbound Poliedro 2025,1.0,2026-06-18,Escola não adota sistema de ensino,0.0
006N400000ZybrHIAR,0016g00000BIRXWAA5,Conviver,0.0,2026-03-02,2026-07-13,2026-03-02 19:25:29,2,2,2,Oportunidade perdida,lost,133,0,1,0,0,133.0,,,,,,,,,,,,,,,,,,,,1.0,3 - Não,,,1.0,2026-07-13,Satisfação com serviço do atual parceiro,0.0
006N400000ZybrIIAR,0016g00000BIRXrAAP,Conviver,0.0,2026-03-02,2026-05-07,2026-03-02 19:25:29,2,2,2,Oportunidade perdida,lost,66,0,1,0,0,66.0,,,,,,,,,,,,,,,,,,,,1.0,3 - Não,,,1.0,2026-05-07,Satisfação com serviço do atual parceiro,0.0
006N400000ZybrJIAR,0016g00000BIRY9AAP,Conviver,0.0,2026-03-02,2026-06-16,2026-03-02 19:25:29,2,2,2,Oportunidade perdida,lost,106,0,1,0,0,106.0,,,,,,,,,,,,,,,,,,,,1.0,3 - Não,1.0,Inbound Poliedro 2025,1.0,2026-06-16,Existe um contrato de longo prazo,0.0
006N400000ZybrKIAR,0016g00000BIRYAAA5,Conviver,0.0,2026-03-02,2026-06-02,2026-03-02 19:25:29,2,2,2,Oportunidade perdida,lost,92,0,1,0,0,92.0,,,,,,,,,,,,,,,,,,,,1.0,3 - Não,,,1.0,2026-06-02,Renovou com atual parceiro,0.0
006N400000ZybrMIAR,001N400000fu5gXIAQ,Conviver,0.0,2026-04-07,2026-06-16,2026-04-07 11:26:57,2,2,2,Oportunidade perdida,lost,70,0,1,0,0,70.0,,,,,,,,,,,,,,,,,,,,1.0,3 - Não,,,1.0,2026-06-16,Escola não adota sistema de ensino,0.0
006N400000Zybt5IAB,0014v00002tWwkmAAC,Conviver,0.0,2026-07-31,2026-07-31,2026-07-31 13:46:15,1,1,1,Solicitação de material,open,0,0,0,0,0,,,,,,,,,,,,,,,,,,,,,1.0,3 - Não,,,1.0,2026-07-31,,
006N400000Zybt6IAB,0014v00002ta0RyAAI,Conviver,58348.26,2026-04-24,2026-06-18,2026-04-24 16:57:01,4,4,4,Proposta tabela,open,55,0,3,0,0,0.0,,,,,,,,,,,,,,,,,,,,1.0,3 - Não,,,1.0,2026-06-18,,
006N400000Zybt7IAB,001N4000003nxEyIAI,Conviver,0.0,2026-03-02,2026-06-25,2026-03-02 19:25:35,2,2,2,Oportunidade perdida,lost,115,0,1,0,0,115.0,,,,,,,,,,,,,,,,,,,,1.0,3 - Não,,,1.0,2026-06-25,Escola não adota sistema de ensino,0.0
006N400000Zybt8IAB,001N4000004wp03IAA,Conviver,0.0,2026-03-02,2026-07-17,2026-03-02 19:25:35,2,2,2,Oportunidade perdida,lost,137,0,1,0,0,137.0,,,,,,,,,,,,,,,,,,,,1.0,3 - Não,,,1.0,2026-07-17,Existe um contrato de longo prazo,0.0
006N400000Zybt9IAB,001N400000645sJIAQ,Conviver,0.0,2026-03-02,2026-07-16,2026-03-02 19:25:35,2,2,2,Oportunidade perdida,lost,136,0,1,0,0,136.0,,,,,,,,,,,,,,,,,,,,1.0,3 - Não,,,1.0,2026-07-16,Escola não adota sistema de ensino,0.0
006N400000ZybtAIAR,001N4000006JQBRIA4,Conviver,0.0,2026-03-02,2026-07-16,2026-03-02 19:25:35,2,2,2,Oportunidade perdida,lost,136,0,1,0,0,136.0,,,,,,,,,,,,,,,,,,,,1.0,3 - Não,,,1.0,2026-07-16,Escola não adota sistema de ensino,0.0
006N400000ZybtCIAR,001N4000004zrZoIAI,Conviver,0.0,2026-03-02,2026-08-10,2026-03-02 19:25:35,2,2,2,Oportunidade perdida,lost,161,0,1,0,0,161.0,,,,,,,,,,,,,,,,,,,,1.0,3 - Não,,,1.0,2026-08-10,Escola encerrou suas atividades,0.0
006N400000ZybtDIAR,0016g00000eT45CAAS,Conviver,0.0,2026-03-02,2026-05-27,2026-03-02 19:25:35,2,2,2,Oportunidade perdida,lost,86,0,1,0,0,86.0,,,,,,,,,,,,,,,,,,,,1.0,3 - Não,,,1.0,2026-05-27,Existe um contrato de longo prazo,0.0
006N400000ZybtEIAR,0014v00002muBlYAAU,Conviver,0.0,2026-03-02,2026-05-29,2026-03-02 19:25:35,2,2,2,Oportunidade perdida,lost,88,0,1,0,0,88.0,,,,,,,,,,,,,,,,,,,,1.0,3 - Não,,,1.0,2026-05-29,Renovou com atual parceiro,0.0
006N400000ZybtFIAR,0014v00002mw8XNAAY,Conviver,51652.8,2026-05-14,2026-05-14,2026-05-14 10:53:58,1,1,1,Solicitação de material,open,0,0,0,0,0,,,,,,,,,,,,,,,,,,,,,1.0,3 - Não,,,1.0,2026-05-14,,
006N400000ZybtGIAR,0014v00002lpGbyAAE,Conviver,0.0,2026-04-15,2026-05-26,2026-04-15 13:28:38,3,3,3,Oportunidade perdida,lost,41,0,2,0,0,0.0,,,,,,,,,,,,,,,,,,,,1.0,3 - Não,,,1.0,2026-05-26,Pacote agressivo de benefícios do concorrente,0.0
006N400000ZybtHIAR,0014v00002lr6UxAAI,Conviver,33751.26,2026-03-02,2026-07-06,2026-03-02 19:25:35,3,3,3,Proposta tabela,open,126,1,1,0,0,18.0,,,,,,,,,,,,,,,,,,,,1.0,3 - Não,,,1.0,2026-07-06,,
006N400000ZybtIIAR,0014v00002lrA9KAAU,Conviver,0.0,2026-06-30,2026-07-08,2026-06-30 14:22:18,2,2,2,Oportunidade perdida,lost,8,0,1,0,0,8.0,,,,,,,,,,,,,,,,,,,,1.0,3 - Não,,,1.0,2026-07-08,Escola não adota sistema de ensino,0.0
006N400000ZybtJIAR,0014v00002pRetHAAS,Conviver,48165.86,2026-05-18,2026-07-06,2026-05-18 14:52:59,4,4,4,Proposta tabela,open,49,0,3,0,0,0.0,,,,,,,,,,,,,,,,,,,,1.0,3 - Não,,,1.0,2026-07-06,,
006N400000ZybtKIAR,001N400000aTP4oIAG,Conviver,27757.26,2026-05-06,2026-06-22,2026-05-06 17:51:05,6,6,6,Negociação e ajuste financeiro,open,47,0,5,0,0,4.0,,,,,,,,,,,,,,,,,,,,1.0,3 - Não,,,1.0,2026-06-22,,
006N400000ZybtLIAR,0014v00002qjUXWAA2,Conviver,0.0,2026-03-30,2026-05-25,2026-03-30 14:17:54,2,2,2,Oportunidade perdida,lost,56,0,1,0,0,56.0,,,,,,,,,,,,,,,,,,,,1.0,3 - Não,,,1.0,2026-05-25,Preço de venda abaixo do perfil do sistema de ensino,0.0
006N400000ZybtMIAR,0014v00002qjkZqAAI,Conviver,0.0,2026-03-02,2026-06-18,2026-03-02 19:25:35,2,2,2,Oportunidade perdida,lost,108,0,1,0,0,108.0,,,,,,,,,,,,,,,,,,,,1.0,3 - Não,,,1.0,2026-06-18,Escola não adota sistema de ensino,0.0
006N400000ZybtOIAR,0014v00002f9BWkAAM,Conviver,13682.79,2026-04-30,2026-06-18,2026-04-30 13:53:23,4,4,4,Proposta tabela,open,49,0,3,0,0,0.0,,,,,,,,,,,,,,,,,,,,1.0,3 - Não,,,1.0,2026-06-18,,
006N400000ZybtQIAR,0014v00002UhWKkAAN,Conviver,0.0,2026-08-12,2026-08-12,2026-08-12 12:39:33,1,1,1,Solicitação de material,open,0,0,0,0,0,,,,,,,,,,,,,,,,,,,,,1.0,3 - Não,,,1.0,2026-08-12,,
006N400000ZybtSIAR,0014v00002KvXcrAAF,Conviver,0.0,2026-06-19,2026-06-19,2026-06-19 19:07:52,1,1,1,Solicitação de material,open,0,0,0,0,0,,,,,,,,,,,,,,,,,,,,,1.0,3 - Não,,,1.0,2026-06-19,,
006N400000ZybtTIAR,0014v00002KvmZ0AAJ,Conviver,0.0,2026-03-02,2026-07-21,2026-03-02 19:25:32,2,2,2,Oportunidade perdida,lost,141,0,1,0,0,141.0,,,,,,,,,,,,,,,,,,,,1.0,3 - Não,,,1.0,2026-07-21,Escola não adota sistema de ensino,0.0
006N400000ZybtVIAR,0014v00002NBRocAAH,Conviver,0.0,2026-03-02,2026-06-23,2026-03-02 19:25:32,2,2,2,Oportunidade perdida,lost,113,0,1,0,0,113.0,,,,,,,,,,,,,,,,,,,,1.0,3 - Não,,,1.0,2026-06-23,Escola não adota sistema de ensino,0.0
006N400000ZybtWIAR,0014v00002NBSMMAA5,Conviver,0.0,2026-03-02,2026-07-21,2026-03-02 19:25:32,2,2,2,Oportunidade perdida,lost,141,0,1,0,0,141.0,,,,,,,,,,,,,,,,,,,,1.0,3 - Não,,,1.0,2026-07-21,Escola não adota sistema de ensino,0.0
006N400000ZybtYIAR,0016g00000M9JNuAAN,Conviver,0.0,2026-03-18,2026-03-18,2026-03-18 15:42:18,1,1,1,Solicitação de material,open,0,0,0,0,0,,,,,,,,,,,,,,,,,,,,,1.0,3 - Não,,,1.0,2026-03-18,,
006N400000ZybtZIAR,0014v00002OxFTmAAN,Conviver,0.0,2026-03-02,2026-06-18,2026-03-02 19:25:32,2,2,2,Oportunidade perdida,lost,108,0,1,0,0,108.0,,,,,,,,,,,,,,,,,,,,1.0,3 - Não,,,1.0,2026-06-18,Escola não adota sistema de ensino,0.0
006N400000ZybtaIAB,0014v00002OyCUIAA3,Conviver,0.0,2026-03-02,2026-05-08,2026-03-02 19:25:32,2,2,2,Oportunidade perdida,lost,67,0,1,0,0,67.0,,,,,,,,,,,,,,,,,,,,1.0,3 - Não,,,1.0,2026-05-08,Perda automática por higienização,0.0
006N400000ZybtcIAB,0014v00002SO0FgAAL,Conviver,0.0,2026-03-02,2026-05-29,2026-03-02 19:25:32,2,2,2,Oportunidade perdida,lost,88,0,1,0,0,88.0,,,,,,,,,,,,,,,,,,,,1.0,3 - Não,,,2.0,2026-05-29,Satisfação com preço do atual parceiro,0.0
006N400000ZybtdIAB,0014v00002OwRHYAA3,Conviver,0.0,2026-03-02,2026-05-26,2026-03-02 19:25:32,2,2,2,Oportunidade perdida,lost,85,0,1,0,0,85.0,,,,,,,,,,,,,,,,,,,,1.0,3 - Não,,,1.0,2026-05-26,Satisfação com preço do atual parceiro,0.0
006N400000ZybteIAB,0014v00002UiYclAAF,Conviver,0.0,2026-05-26,2026-05-26,2026-05-26 14:35:23,2,2,2,Oportunidade perdida,lost,0,0,1,0,0,0.0,,,,,,,,,,,,,,,,,,,,1.0,3 - Não,,,1.0,2026-05-26,Satisfação com preço do atual parceiro,0.0
006N400000ZybtgIAB,0014v00002YA1FGAA1,Conviver,0.0,2026-03-02,2026-06-01,2026-03-02 19:25:32,2,2,2,Oportunidade perdida,lost,91,0,1,0,0,91.0,,,,,,,,,,,,,,,,,,,,1.0,3 - Não,,,1.0,2026-06-01,Satisfação com preço e serviço do atual parceiro,0.0
006N400000ZybthIAB,0014v00002YCtf7AAD,Conviver,0.0,2026-03-02,2026-06-17,2026-03-02 19:25:32,2,2,2,Oportunidade perdida,lost,107,0,1,0,0,107.0,,,,,,,,,,,,,,,,,,,,1.0,3 - Não,,,1.0,2026-06-17,Existe um contrato de longo prazo,0.0
006N400000ZybtiIAB,0014v00002ZhYEIAA3,Conviver,0.0,2026-03-02,2026-05-25,2026-03-02 19:25:32,2,2,2,Oportunidade perdida,lost,84,0,1,0,0,84.0,,,,,,,,,,,,,,,,,,,,1.0,3 - Não,,,1.0,2026-05-25,Escola vendida para grupo educacional,0.0
006N400000ZybtjIAB,0014v00002Zhh93AAB,Conviver,0.0,2026-06-19,2026-06-19,2026-06-19 12:38:21,1,1,1,Solicitação de material,open,0,0,0,0,0,,,,,,,,,,,,,,,,,,,,,1.0,1 - Sim,,,1.0,2026-06-19,,
006N400000ZybtkIAB,0016g00000AGNnMAAX,Conviver,75135.78,2026-03-25,2026-07-01,2026-03-25 17:51:31,8,8,8,Análise de operações comerciais,open,98,0,7,0,0,0.0,,,,,,,,,,,,,,,,,,,,1.0,3 - Não,,,1.0,2026-07-01,,
006N400000ZybtlIAB,0016g00000CGChAAAX,Conviver,0.0,2026-03-02,2026-06-18,2026-03-02 19:25:32,2,2,2,Oportunidade perdida,lost,108,0,1,0,0,108.0,,,,,,,,,,,,,,,,,,,,1.0,3 - Não,,,1.0,2026-06-18,Escola não adota sistema de ensino,0.0
006N400000ZybtmIAB,0014v00002iQPzrAAG,Conviver,0.0,2026-05-22,2026-05-22,2026-05-22 17:29:57,1,1,1,Solicitação de material,open,0,0,0,0,0,,,,,,,,,,,,,,,,,,,,,1.0,3 - Não,,,1.0,2026-05-22,,
006N400000ZybtnIAB,0016g00000EGdplAAD,Conviver,12877.8,2026-07-08,2026-08-05,2026-07-08 17:39:07,5,5,5,Proposta personalizada,open,28,0,4,0,0,0.0,,,,,,,,,,,,,,,,,,,,1.0,3 - Não,,,1.0,2026-08-05,,
006N400000ZybtoIAB,0016g00000VUfhzAAD,Conviver,0.0,2026-03-02,2026-07-02,2026-03-02 19:25:32,2,2,2,Oportunidade perdida,lost,122,0,1,0,0,122.0,,,,,,,,,,,,,,,,,,,,1.0,3 - Não,,,1.0,2026-07-02,Existe um contrato de longo prazo,0.0
006N400000ZybtxIAB,0014v00002lpY7vAAE,Conviver,0.0,2026-03-02,2026-07-17,2026-03-02 19:25:32,2,2,2,Oportunidade perdida,lost,137,0,1,0,0,137.0,,,,,,,,,,,,,,,,,,,,1.0,3 - Não,,,1.0,2026-07-17,Escola não adota sistema de ensino,0.0
006N400000ZybtyIAB,0016g00000MAc0ZAAT,Conviver,0.0,2026-06-30,2026-06-30,2026-06-30 17:58:41,1,1,1,Solicitação de material,open,0,0,0,0,0,,,,,,,,,,,,,,,,,,,,,1.0,1 - Sim,,,1.0,2026-06-30,,
006N400000ZybtzIAB,0014v00002gh0FSAAY,Conviver,0.0,2026-07-30,2026-07-30,2026-07-30 16:15:24,1,1,1,Solicitação de material,open,0,0,0,0,0,,,,,,,,,,,,,,,,,,,,,1.0,3 - Não,,,1.0,2026-07-30,,
006N400000Zybu0IAB,0014v00002ji8OCAAY,Conviver,80428.95,2026-04-23,2026-06-01,2026-04-23 12:46:42,4,4,4,Proposta tabela,open,39,0,3,0,0,0.0,,,,,,,,,,,,,,,,,,,,1.0,3 - Não,,,1.0,2026-06-01,,
006N400000Zybu1IAB,0014v00002sdCHiAAM,Conviver,0.0,2026-03-02,2026-07-16,2026-03-02 19:25:32,2,2,2,Oportunidade perdida,lost,136,0,1,0,0,136.0,,,,,,,,,,,,,,,,,,,,1.0,3 - Não,,,1.0,2026-07-16,Escola não adota sistema de ensino,0.0
006N400000Zybu2IAB,0014v00002sdHOvAAM,Conviver,0.0,2026-03-02,2026-07-16,2026-03-02 19:25:32,2,2,2,Oportunidade perdida,lost,136,0,1,0,0,136.0,,,,,,,,,,,,,,,,,,,,1.0,3 - Não,,,1.0,2026-07-16,Escola não adota sistema de ensino,0.0
006N400000Zybu3IAB,0014v00002sdHLIAA2,Conviver,0.0,2026-03-02,2026-07-16,2026-03-02 19:25:32,2,2,2,Oportunidade perdida,lost,136,0,1,0,0,136.0,,,,,,,,,,,,,,,,,,,,1.0,3 - Não,,,1.0,2026-07-16,Escola não adota sistema de ensino,0.0
006N400000Zybu5IAB,001N4000007IiwHIAS,Conviver,0.0,2026-03-02,2026-07-16,2026-03-02 19:25:32,2,2,2,Oportunidade perdida,lost,136,0,1,0,0,136.0,,,,,,,,,,,,,,,,,,,,1.0,3 - Não,,,1.0,2026-07-16,Escola não adota sistema de ensino,0.0
006N400000Zybu6IAB,001N4000007IFXkIAO,Conviver,0.0,2026-03-02,2026-07-16,2026-03-02 19:25:32,2,2,2,Oportunidade perdida,lost,136,0,1,0,0,136.0,,,,,,,,,,,,,,,,,,,,1.0,3 - Não,,,1.0,2026-07-16,Escola não adota sistema de ensino,0.0
006N400000Zybu7IAB,0014v00002oKbpGAAS,Conviver,0.0,2026-03-02,2026-06-30,2026-03-02 19:25:32,2,2,2,Oportunidade perdida,lost,120,0,1,0,0,120.0,,,,,,,,,,,,,,,,,,,,1.0,3 - Não,,,1.0,2026-06-30,Escola não adota sistema de ensino,0.0
006N400000Zybu8IAB,0014v00002fynzLAAQ,Conviver,43462.98,2026-07-29,2026-08-13,2026-07-29 19:54:56,5,5,5,Proposta personalizada,open,15,0,4,0,0,0.0,,,,,,,,,,,,,,,,,,,,1.0,3 - Não,,,1.0,2026-08-13,,
006N400000Zybu9IAB,0014v00002nKKOFAA4,Conviver,0.0,2026-03-02,2026-08-12,2026-03-02 19:25:32,2,2,2,Oportunidade perdida,lost,163,0,1,0,0,163.0,,,,,,,,,,,,,,,,,,,,1.0,3 - Não,,,1.0,2026-08-12,Escola com pendência financeira,0.0
006N400000ZybuAIAR,0014v00002rqpXiAAI,Conviver,0.0,2026-03-02,2026-07-16,2026-03-02 19:25:32,2,2,2,Oportunidade perdida,lost,136,0,1,0,0,136.0,,,,,,,,,,,,,,,,,,,,1.0,3 - Não,,,1.0,2026-07-16,Satisfação com preço do atual parceiro,0.0
006N400000ZybuGIAR,0014v00002dpiUGAAY,Conviver,0.0,2026-03-02,2026-06-09,2026-03-02 19:25:32,2,2,2,Oportunidade perdida,lost,99,0,1,0,0,99.0,,,,,,,,,,,,,,,,,,,,1.0,3 - Não,,,1.0,2026-06-09,Satisfação com preço e serviço do atual parceiro,0.0
006N400000ZybuHIAR,0014v00002dpnH7AAI,Conviver,0.0,2026-03-02,2026-08-05,2026-03-02 19:25:32,2,2,2,Oportunidade perdida,lost,156,0,1,0,0,156.0,,,,,,,,,,,,,,,,,,,,1.0,3 - Não,,,1.0,2026-08-05,Pacote agressivo de benefícios do concorrente,0.0
006N400000ZybuKIAR,0014v00002fAFn3AAG,Conviver,0.0,2026-03-02,2026-05-29,2026-03-02 19:25:32,2,2,2,Oportunidade perdida,lost,88,0,1,0,0,88.0,,,,,,,,,,,,,,,,,,,,1.0,3 - Não,,,1.0,2026-05-29,Satisfação com preço do atual parceiro,0.0
006N400000ZybuLIAR,0014v00002fAnMIAA0,Conviver,0.0,2026-03-02,2026-07-07,2026-03-02 19:25:32,2,2,2,Oportunidade perdida,lost,127,0,1,0,0,127.0,,,,,,,,,,,,,,,,,,,,1.0,3 - Não,,,1.0,2026-07-07,Escola não adota sistema de ensino,0.0
006N400000ZybuMIAR,0014v00002fB2s6AAC,Conviver,0.0,2026-06-12,2026-06-12,2026-06-12 11:49:51,1,1,1,Solicitação de material,open,0,0,0,0,0,,,,,,,,,,,,,,,,,,,,,1.0,3 - Não,,,1.0,2026-06-12,,
006N400000ZybuNIAR,0014v00002fvlRWAAY,Conviver,0.0,2026-03-30,2026-04-07,2026-03-30 14:15:11,2,2,2,Oportunidade perdida,lost,8,0,1,0,0,8.0,,,,,,,,,,,,,,,,,,,,1.0,3 - Não,,,,,,0.0
006N400000ZybuOIAR,0014v00002giAAHAA2,Conviver,0.0,2026-03-02,2026-07-16,2026-03-02 19:25:32,2,2,2,Oportunidade perdida,lost,136,0,1,0,0,136.0,,,,,,,,,,,,,,,,,,,,1.0,3 - Não,,,1.0,2026-07-16,Satisfação com preço e serviço do atual parceiro,0.0
006N400000ZybuPIAR,0014v00002m6LCSAA2,Conviver,0.0,2026-03-02,2026-07-16,2026-03-02 19:25:32,2,2,2,Oportunidade perdida,lost,136,0,1,0,0,136.0,,,,,,,,,,,,,,,,,,,,1.0,3 - Não,,,1.0,2026-07-16,Satisfação com preço e serviço do atual parceiro,0.0
006N400000ZybuRIAR,0014v00002gjEY7AAM,Conviver,0.0,2026-03-02,2026-07-17,2026-03-02 19:25:32,2,2,2,Oportunidade perdida,lost,137,0,1,0,0,137.0,,,,,,,,,,,,,,,,,,,,1.0,3 - Não,,,1.0,2026-07-17,Escola não adota sistema de ensino,0.0
006N400000ZybuSIAR,0014v00002huXDCAA2,Conviver,0.0,2026-03-02,2026-06-17,2026-03-02 19:25:32,2,2,2,Oportunidade perdida,lost,107,0,1,0,0,107.0,,,,,,,,,,,,,,,,,,,,1.0,3 - Não,,,1.0,2026-06-17,Escola não adota sistema de ensino,0.0
006N400000ZybuTIAR,0014v00002huaavAAA,Conviver,0.0,2026-03-02,2026-07-17,2026-03-02 19:25:32,2,2,2,Oportunidade perdida,lost,137,0,1,0,0,137.0,,,,,,,,,,,,,,,,,,,,1.0,3 - Não,,,1.0,2026-07-17,Escola não adota sistema de ensino,0.0
006N400000ZybuUIAR,0014v00002hurgGAAQ,Conviver,0.0,2026-03-02,2026-06-11,2026-03-02 19:25:32,2,2,2,Oportunidade perdida,lost,101,0,1,0,0,101.0,,,,,,,,,,,,,,,,,,,,1.0,3 - Não,,,1.0,2026-06-11,Existe um contrato de longo prazo,0.0
006N400000ZybuWIAR,0014v00002jfFp1AAE,Conviver,0.0,2026-03-02,2026-07-07,2026-03-02 19:25:32,2,2,2,Oportunidade perdida,lost,127,0,1,0,0,127.0,,,,,,,,,,,,,,,,,,,,1.0,3 - Não,,,1.0,2026-07-07,Satisfação com serviço do atual parceiro,0.0
006N400000ZybuZIAR,001N400000LSY7kIAH,Conviver,0.0,2026-05-26,2026-05-26,2026-05-26 13:46:43,1,1,1,Solicitação de material,open,0,0,0,0,0,,,,,,,,,,,,,,,,,,,,,1.0,3 - Não,,,1.0,2026-05-26,,
006N400000ZybuaIAB,0014v00002m8C9jAAE,Conviver,0.0,2026-03-02,2026-05-07,2026-03-02 19:25:32,2,2,2,Oportunidade perdida,lost,66,0,1,0,0,66.0,,,,,,,,,,,,,,,,,,,,1.0,3 - Não,1.0,Encontro de Lideranças Católicas,1.0,2026-05-07,Satisfação com preço e serviço do atual parceiro,0.0
006N400000ZybubIAB,0014v00002m9MvoAAE,Conviver,0.0,2026-03-02,2026-05-25,2026-03-02 19:25:32,2,2,2,Oportunidade perdida,lost,84,0,1,0,0,84.0,,,,,,,,,,,,,,,,,,,,1.0,3 - Não,,,1.0,2026-05-25,Satisfação com serviço do atual parceiro,0.0
006N400000ZybucIAB,0014v00002mu87nAAA,Conviver,0.0,2026-03-02,2026-05-07,2026-03-02 19:25:32,2,2,2,Oportunidade perdida,lost,66,0,1,0,0,66.0,,,,,,,,,,,,,,,,,,,,1.0,3 - Não,,,1.0,2026-05-07,Existe um contrato de longo prazo,0.0
006N400000ZybueIAB,0014v00002mwrZdAAI,Conviver,10253.89,2026-03-26,2026-06-01,2026-03-26 16:45:10,4,4,4,Proposta tabela,open,67,0,3,0,0,0.0,,,,,,,,,,,,,,,,,,,,1.0,3 - Não,,,1.0,2026-06-01,,
006N400000ZybufIAB,0014v00002fEe4UAAS,Conviver,0.0,2026-03-30,2026-04-07,2026-03-30 14:10:42,2,2,2,Oportunidade perdida,lost,8,0,1,0,0,8.0,,,,,,,,,,,,,,,,,,,,1.0,3 - Não,,,1.0,2026-04-07,Preço de venda abaixo do perfil do sistema de ensino,0.0
006N400000ZybuiIAB,001N400000ew3mTIAQ,Conviver,0.0,2026-08-06,2026-08-06,2026-08-06 12:17:08,1,1,1,Solicitação de material,open,0,0,0,0,0,,,,,,,,,,,,,,,,,,,,,1.0,1 - Sim,,,,,,
006N400000ZybujIAB,0014v00002jfbXCAAY,Conviver,0.0,2026-03-02,2026-06-11,2026-03-02 19:25:32,2,2,2,Oportunidade perdida,lost,101,0,1,0,0,101.0,,,,,,,,,,,,,,,,,,,,1.0,3 - Não,,,1.0,2026-06-11,Escola não adota sistema de ensino,0.0
006N400000ZybukIAB,0014v00002nWVrnAAG,Conviver,0.0,2026-03-02,2026-06-11,2026-03-02 19:25:32,2,2,2,Oportunidade perdida,lost,101,0,1,0,0,101.0,,,,,,,,,,,,,,,,,,,,1.0,3 - Não,,,1.0,2026-06-11,Escola encerrou suas atividades,0.0
006N400000ZybulIAB,001N400000655VDIAY,Conviver,0.0,2026-08-11,2026-08-11,2026-08-11 19:14:33,1,1,1,Solicitação de material,open,0,0,0,0,0,,,,,,,,,,,,,,,,,,,,,1.0,3 - Não,,,1.0,2026-08-11,,
006N400000ZybumIAB,0014v00002KwYCdAAN,Conviver,117988.07,2026-04-23,2026-06-30,2026-04-23 15:46:06,4,4,4,Proposta tabela,open,68,0,3,0,0,0.0,,,,,,,,,,,,,,,,,,,,1.0,3 - Não,,,1.0,2026-06-30,,
006N400000ZybunIAB,0014v00002NC0sFAAT,Conviver,0.0,2026-04-24,2026-07-06,2026-04-24 16:59:34,2,2,2,Oportunidade perdida,lost,73,0,1,0,0,73.0,,,,,,,,,,,,,,,,,,,,1.0,3 - Não,,,1.0,2026-07-06,Escola não adota sistema de ensino,0.0
006N400000ZybuoIAB,0014v00002qj2u3AAA,Conviver,84174.58,2026-05-04,2026-08-11,2026-05-04 13:19:59,5,5,5,Oportunidade perdida,lost,99,0,4,0,0,53.0,,,,,,,,,,,,,,,,,,,,1.0,3 - Não,,,1.0,2026-08-11,Existe um contrato de longo prazo,0.0
006N400000ZybupIAB,0014v00002fB9A9AAK,Conviver,0.0,2026-05-08,2026-06-01,2026-05-08 15:00:21,4,4,4,Proposta tabela,open,24,0,3,0,0,0.0,,,,,,,,,,,,,,,,,,,,1.0,3 - Não,,,1.0,2026-06-01,,
006N400000ZyburIAB,0014v00002pSIQZAA4,Conviver,54194.58,2026-06-30,2026-07-08,2026-06-30 15:10:21,4,4,4,Proposta tabela,open,8,0,3,0,0,0.0,,,,,,,,,,,,,,,,,,,,1.0,1 - Sim,,,1.0,2026-07-08,,
006N400000ZybusIAB,0014v00002qkDTgAAM,Conviver,0.0,2026-03-02,2026-07-16,2026-03-02 19:25:32,2,2,2,Oportunidade perdida,lost,136,0,1,0,0,136.0,,,,,,,,,,,,,,,,,,,,1.0,3 - Não,,,1.0,2026-07-16,Escola não adota sistema de ensino,0.0
006N400000ZybuuIAB,0014v00002rt5azAAA,Conviver,0.0,2026-05-30,2026-07-16,2026-05-30 15:28:37,2,2,2,Oportunidade perdida,lost,47,0,1,0,0,47.0,,,,,,,,,,,,,,,,,,,,1.0,3 - Não,,,1.0,2026-07-16,Escola não adota sistema de ensino,0.0
006N400000ZybuvIAB,0014v00002sbAFlAAM,Conviver,0.0,2026-08-04,2026-08-04,2026-08-04 13:35:57,1,1,1,Solicitação de material,open,0,0,0,0,0,,,,,,,,,,,,,,,,,,,,,1.0,3 - Não,,,1.0,2026-08-04,,
006N400000Zybv0IAB,0014v00002qkfuMAAQ,Conviver,0.0,2026-03-02,2026-05-07,2026-03-02 19:25:35,2,2,2,Oportunidade perdida,lost,66,0,1,0,0,66.0,,,,,,,,,,,,,,,,,,,,1.0,3 - Não,,,1.0,2026-05-07,Escola não adota sistema de ensino,0.0
006N400000Zybv2IAB,001N4000003vqhpIAA,Conviver,0.0,2026-03-02,2026-05-29,2026-03-02 19:25:35,2,2,2,Oportunidade perdida,lost,88,0,1,0,0,88.0,,,,,,,,,,,,,,,,,,,,1.0,3 - Não,,,1.0,2026-05-29,Satisfação com preço do atual parceiro,0.0
006N400000Zybv3IAB,0014v00002rrgTWAAY,Conviver,0.0,2026-05-14,2026-06-11,2026-05-14 10:58:24,2,2,2,Oportunidade perdida,lost,28,0,1,0,0,28.0,,,,,,,,,,,,,,,,,,,,1.0,3 - Não,,,1.0,2026-06-11,Existe um contrato de longo prazo,0.0
006N400000Zybv4IAB,0014v00002rtP5NAAU,Conviver,0.0,2026-03-02,2026-06-18,2026-03-02 19:25:35,2,2,2,Oportunidade perdida,lost,108,0,1,0,0,108.0,,,,,,,,,,,,,,,,,,,,1.0,3 - Não,,,1.0,2026-06-18,Escola parou de responder,0.0
006N400000Zybv5IAB,0014v00002sau7HAAQ,Conviver,0.0,2026-03-02,2026-05-29,2026-03-02 19:25:35,2,2,2,Oportunidade perdida,lost,88,0,1,0,0,88.0,,,,,,,,,,,,,,,,,,,,1.0,3 - Não,,,1.0,2026-05-29,Pacote agressivo de benefícios do concorrente,0.0
006N400000Zybv6IAB,0014v00002scdvoAAA,Conviver,0.0,2026-03-02,2026-06-02,2026-03-02 19:25:35,2,2,2,Oportunidade perdida,lost,92,0,1,0,0,92.0,,,,,,,,,,,,,,,,,,,,1.0,3 - Não,,,1.0,2026-06-02,Escola com pendência financeira,0.0
006N400000Zybv9IAB,0014v00002sdL6gAAE,Conviver,0.0,2026-03-02,2026-06-12,2026-03-02 19:25:35,2,2,2,Oportunidade perdida,lost,102,0,1,0,0,102.0,,,,,,,,,,,,,,,,,,,,1.0,3 - Não,,,1.0,2026-06-12,Escola não adota sistema de ensino,0.0
006N400000ZybvBIAR,0014v00002u1RjEAAU,Conviver,0.0,2026-03-02,2026-06-23,2026-03-02 19:25:35,2,2,2,Oportunidade perdida,lost,113,0,1,0,0,113.0,,,,,,,,,,,,,,,,,,,,1.0,3 - Não,,,1.0,2026-06-23,Escola não adota sistema de ensino,0.0
006N400000ZybvCIAR,0014v00002u2aazAAA,Conviver,0.0,2026-03-02,2026-04-16,2026-03-02 19:25:35,2,2,2,Oportunidade perdida,lost,45,0,1,0,0,45.0,,,,,,,,,,,,,,,,,,,,1.0,3 - Não,,,1.0,2026-04-16,Existe um contrato de longo prazo,0.0
006N400000ZybvDIAR,0014v00002u3dsIAAQ,Conviver,0.0,2026-03-02,2026-06-18,2026-03-02 19:25:35,2,2,2,Oportunidade perdida,lost,108,0,1,0,0,108.0,,,,,,,,,,,,,,,,,,,,1.0,3 - Não,,,1.0,2026-06-18,Existe um contrato de longo prazo,0.0
006N400000ZybvEIAR,0014v00002u3ooXAAQ,Conviver,0.0,2026-03-30,2026-07-06,2026-03-30 13:27:37,2,2,2,Oportunidade perdida,lost,98,0,1,0,0,98.0,,,,,,,,,,,,,,,,,,,,1.0,3 - Não,,,1.0,2026-07-06,Escola não adota sistema de ensino,0.0
006N400000ZybvFIAR,0014v00002ugt5VAAQ,Conviver,0.0,2026-03-02,2026-07-21,2026-03-02 19:25:35,2,2,2,Oportunidade perdida,lost,141,0,1,0,0,141.0,,,,,,,,,,,,,,,,,,,,1.0,3 - Não,,,1.0,2026-07-21,Escola com pendência financeira,0.0
006N400000ZybvHIAR,001N4000005PMCDIA4,Conviver,0.0,2026-03-02,2026-05-26,2026-03-02 19:25:35,2,2,2,Oportunidade perdida,lost,85,0,1,0,0,85.0,,,,,,,,,,,,,,,,,,,,1.0,3 - Não,,,1.0,2026-05-26,Preço de venda abaixo do perfil do sistema de ensino,0.0
006N400000ZybvJIAR,001N4000005ndKAIAY,Conviver,48497.92,2026-06-11,2026-06-16,2026-06-11 14:39:02,5,5,5,Proposta personalizada,open,5,0,4,0,0,0.0,,,,,,,,,,,,,,,,,,,,1.0,3 - Não,,,1.0,2026-06-16,,
006N400000ZybvKIAR,001N4000007Oz38IAC,Conviver,0.0,2026-03-02,2026-07-21,2026-03-02 19:25:35,2,2,2,Oportunidade perdida,lost,141,0,1,0,0,141.0,,,,,,,,,,,,,,,,,,,,1.0,3 - Não,,,1.0,2026-07-21,,0.0
006N400000ZybvLIAR,0014v00002fvlfiAAA,Conviver,0.0,2026-03-02,2026-06-12,2026-03-02 19:25:35,2,2,2,Oportunidade perdida,lost,102,0,1,0,0,102.0,,,,,,,,,,,,,,,,,,,,1.0,3 - Não,,,1.0,2026-06-12,Satisfação com preço do atual parceiro,0.0
006N400000ZybvMIAR,0014v00002nKKUXAA4,Conviver,0.0,2026-03-02,2026-06-12,2026-03-02 19:25:35,2,2,2,Oportunidade perdida,lost,102,0,1,0,0,102.0,,,,,,,,,,,,,,,,,,,,1.0,3 - Não,,,1.0,2026-06-12,Escola não adota sistema de ensino,0.0
006N400000ZybvNIAR,0014v00002rrQzOAAU,Conviver,0.0,2026-03-02,2026-08-06,2026-03-02 19:25:35,2,2,2,Oportunidade perdida,lost,157,0,1,0,0,157.0,,,,,,,,,,,,,,,,,,,,1.0,3 - Não,,,1.0,2026-08-06,Escola não adota sistema de ensino,0.0
006N400000ZybvOIAR,0014v00002saedJAAQ,Conviver,0.0,2026-06-30,2026-07-31,2026-06-30 17:48:41,2,2,2,Oportunidade perdida,lost,31,0,1,0,0,31.0,,,,,,,,,,,,,,,,,,,,1.0,3 - Não,,,1.0,2026-07-31,Pacote agressivo de benefícios do concorrente,0.0
006N400000ZybvPIAR,0014v00002u33U8AAI,Conviver,0.0,2026-03-02,2026-05-04,2026-03-02 19:25:35,2,2,2,Oportunidade perdida,lost,63,0,1,0,0,63.0,,,,,,,,,,,,,,,,,,,,1.0,3 - Não,,,1.0,2026-05-04,Preço de venda abaixo do perfil do sistema de ensino,0.0
006N400000ZybvQIAR,0014v00002vJ3zZAAS,Conviver,0.0,2026-03-02,2026-06-12,2026-03-02 19:25:35,2,2,2,Oportunidade perdida,lost,102,0,1,0,0,102.0,,,,,,,,,,,,,,,,,,,,1.0,3 - Não,,,1.0,2026-06-12,Satisfação com serviço do atual parceiro,0.0
006N400000ZybvRIAR,001N4000004yWSiIAM,Conviver,0.0,2026-03-02,2026-06-12,2026-03-02 19:25:35,2,2,2,Oportunidade perdida,lost,102,0,1,0,0,102.0,,,,,,,,,,,,,,,,,,,,1.0,3 - Não,,,1.0,2026-06-12,Satisfação com preço do atual parceiro,0.0
006N400000ZybvTIAR,001N400000TlS55IAF,Conviver,0.0,2026-03-02,2026-05-04,2026-03-02 19:25:35,2,2,2,Oportunidade perdida,lost,63,0,1,0,0,63.0,,,,,,,,,,,,,,,,,,,,1.0,3 - Não,,,1.0,2026-05-04,Preço de venda abaixo do perfil do sistema de ensino,0.0
006N400000ZybvVIAR,001N400000Fco84IAB,Conviver,0.0,2026-05-08,2026-05-08,2026-05-08 16:09:57,1,1,1,Solicitação de material,open,0,0,0,0,0,,,,,,,,,,,,,,,,,,,,,1.0,3 - Não,,,1.0,2026-05-08,,
006N400000ZybvWIAR,001N400000IuqhVIAR,Conviver,0.0,2026-06-16,2026-06-16,2026-06-16 13:40:16,1,1,1,Solicitação de material,open,0,0,0,0,0,,,,,,,,,,,,,,,,,,,,,1.0,3 - Não,,,1.0,2026-06-16,,
006N400000ZybvZIAR,001N400000Mj4h9IAB,Conviver,0.0,2026-03-02,2026-07-31,2026-03-02 19:25:35,2,2,2,Oportunidade perdida,lost,151,0,1,0,0,151.0,,,,,,,,,,,,,,,,,,,,1.0,3 - Não,,,1.0,2026-07-31,Escola não adota sistema de ensino,0.0
006N400000ZybvbIAB,0014v00002NspJMAAZ,Conviver,0.0,2026-03-02,2026-05-04,2026-03-02 19:25:35,2,2,2,Oportunidade perdida,lost,63,0,1,0,0,63.0,,,,,,,,,,,,,,,,,,,,1.0,3 - Não,,,1.0,2026-05-04,Renovou com atual parceiro,0.0
006N400000ZybvcIAB,0014v00002ZjBB8AAN,Conviver,0.0,2026-03-02,2026-06-25,2026-03-02 19:25:35,2,2,2,Oportunidade perdida,lost,115,0,1,0,0,115.0,,,,,,,,,,,,,,,,,,,,1.0,3 - Não,1.0,Encontro de Lideranças Católicas,1.0,2026-06-25,Satisfação com serviço do atual parceiro,0.0
006N400000ZybvdIAB,0014v00002cTO7OAAW,Conviver,0.0,2026-03-02,2026-04-27,2026-03-02 19:25:35,2,2,2,Oportunidade perdida,lost,56,0,1,0,0,56.0,,,,,,,,,,,,,,,,,,,,1.0,3 - Não,,,1.0,2026-04-27,Preço de venda abaixo do perfil do sistema de ensino,0.0
006N400000ZybveIAB,0016g00000tuiEeAAI,Conviver,0.0,2026-06-01,2026-06-01,2026-06-01 19:59:22,4,4,4,Proposta tabela,open,0,0,3,0,0,0.0,,,,,,,,,,,,,,,,,,,,1.0,3 - Não,,,1.0,2026-06-01,,
006N400000ZybvfIAB,001N400000CjC1LIAV,Conviver,0.0,2026-03-02,2026-05-11,2026-03-02 19:25:35,2,2,2,Oportunidade perdida,lost,70,0,1,0,0,70.0,,,,,,,,,,,,,,,,,,,,1.0,3 - Não,,,1.0,2026-05-11,Renovou com atual parceiro,0.0
006N400000ZybvgIAB,001N400000DdR2TIAV,Conviver,0.0,2026-03-02,2026-05-11,2026-03-02 19:25:35,2,2,2,Oportunidade perdida,lost,70,0,1,0,0,70.0,,,,,,,,,,,,,,,,,,,,1.0,3 - Não,,,1.0,2026-05-11,Pacote agressivo de benefícios do concorrente,0.0
006N400000ZybvhIAB,001N400000EICXKIA5,Conviver,0.0,2026-03-02,2026-07-07,2026-03-02 19:25:35,2,2,2,Oportunidade perdida,lost,127,0,1,0,0,127.0,,,,,,,,,,,,,,,,,,,,1.0,3 - Não,,,1.0,2026-07-07,Escola não adota sistema de ensino,0.0
006N400000ZybviIAB,001N400000FomX7IAJ,Conviver,0.0,2026-03-02,2026-07-16,2026-03-02 19:25:35,2,2,2,Oportunidade perdida,lost,136,0,1,0,0,136.0,,,,,,,,,,,,,,,,,,,,1.0,3 - Não,,,1.0,2026-07-16,Escola não adota sistema de ensino,0.0
006N400000ZybvjIAB,001N400000TK7axIAD,Conviver,0.0,2026-04-23,2026-04-24,2026-04-23 20:41:10,3,3,3,Oportunidade perdida,lost,1,0,2,0,0,1.0,,,,,,,,,,,,,,,,,,,,1.0,3 - Não,,,2.0,2026-04-28,Análise de Impacto de Escola Associada | Preço de venda abaixo do perfil do sistema de ensino,0.0
006N400000ZybvkIAB,001N400000HiPP9IAN,Conviver,0.0,2026-07-16,2026-07-16,2026-07-16 17:10:20,1,1,1,Solicitação de material,open,0,0,0,0,0,,,,,,,,,,,,,,,,,,,,,1.0,3 - Não,,,1.0,2026-07-16,,
006N400000ZybvnIAB,001N400000Kd6ziIAB,Conviver,0.0,2026-03-02,2026-07-31,2026-03-02 19:25:35,2,2,2,Oportunidade perdida,lost,151,0,1,0,0,151.0,,,,,,,,,,,,,,,,,,,,1.0,1 - Sim,,,1.0,2026-07-31,Escola não adota sistema de ensino,0.0
006N400000ZybvoIAB,001N400000KdH0fIAF,Conviver,0.0,2026-03-02,2026-07-31,2026-03-02 19:25:35,2,2,2,Oportunidade perdida,lost,151,0,1,0,0,151.0,,,,,,,,,,,,,,,,,,,,1.0,1 - Sim,,,1.0,2026-07-31,Escola não adota sistema de ensino,0.0
006N400000ZybvpIAB,001N400000LFNt5IAH,Conviver,0.0,2026-03-02,2026-07-16,2026-03-02 19:25:35,2,2,2,Oportunidade perdida,lost,136,0,1,0,0,136.0,,,,,,,,,,,,,,,,,,,,1.0,3 - Não,,,1.0,2026-07-16,Escola não adota sistema de ensino,0.0
006N400000ZybvqIAB,001N400000LFRqHIAX,Conviver,0.0,2026-03-02,2026-07-16,2026-03-02 19:25:35,2,2,2,Oportunidade perdida,lost,136,0,1,0,0,136.0,,,,,,,,,,,,,,,,,,,,1.0,3 - Não,,,1.0,2026-07-16,Satisfação com serviço do atual parceiro,0.0
006N400000ZybvrIAB,001N400000A6v2sIAB,Conviver,0.0,2026-03-02,2026-06-30,2026-03-02 19:25:35,2,2,2,Oportunidade perdida,lost,120,0,1,0,0,120.0,,,,,,,,,,,,,,,,,,,,1.0,3 - Não,,,1.0,2026-06-30,Escola não adota sistema de ensino,0.0
006N400000ZybvsIAB,001N400000Ac6DFIAZ,Conviver,0.0,2026-04-23,2026-06-15,2026-04-23 19:09:55,2,2,2,Oportunidade perdida,lost,53,0,1,0,0,53.0,,,,,,,,,,,,,,,,,,,,1.0,3 - Não,,,1.0,2026-06-15,Satisfação com serviço do atual parceiro,0.0
006N400000ZybvtIAB,0014v00002KvPNiAAN,Conviver,0.0,2026-06-08,2026-06-08,2026-06-08 14:38:32,1,1,1,Solicitação de material,open,0,0,0,0,0,,,,,,,,,,,,,,,,,,,,,1.0,3 - Não,,,1.0,2026-06-08,,
006N400000ZybvuIAB,001N400000AyxnbIAB,Conviver,0.0,2026-03-02,2026-06-12,2026-03-02 19:25:35,2,2,2,Oportunidade perdida,lost,102,0,1,0,0,102.0,,,,,,,,,,,,,,,,,,,,1.0,3 - Não,,,1.0,2026-06-12,Escola com pendência financeira,0.0
006N400000ZybvwIAB,001N400000EvcYQIAZ,Conviver,0.0,2026-08-13,2026-08-13,2026-08-13 14:34:20,1,1,1,Solicitação de material,open,0,0,0,0,0,,,,,,,,,,,,,,,,,,,,,1.0,3 - Não,,,1.0,2026-08-13,,
006N400000Zybw0IAB,0014v00002Kv5Y6AAJ,Conviver,0.0,2026-06-17,2026-07-07,2026-06-17 15:31:32,2,2,2,Oportunidade perdida,lost,20,0,1,0,0,20.0,,,,,,,,,,,,,,,,,,,,1.0,3 - Não,,,1.0,2026-07-07,Escola não adota sistema de ensino,0.0
006N400000Zybw3IAB,001N400000GOrLNIA1,Conviver,0.0,2026-04-07,2026-04-07,2026-04-07 20:07:45,3,3,3,Validação pedagógica,open,0,0,2,0,0,0.0,,,,,,,,,,,,,,,,,,,,1.0,1 - Sim,,,1.0,2026-04-07,,
006N400000Zybw4IAB,001N400000CGbBDIA1,Conviver,0.0,2026-03-26,2026-08-14,2026-03-26 19:14:11,2,2,2,Oportunidade perdida,lost,141,0,1,0,0,141.0,,,,,,,,,,,,,,,,,,,,1.0,1 - Sim,,,1.0,2026-08-14,Escola não adota sistema de ensino,0.0
006N400000Zybw5IAB,001N400000DQLESIA5,Conviver,0.0,2026-05-12,2026-05-12,2026-05-12 16:44:19,1,1,1,Solicitação de material,open,0,0,0,0,0,,,,,,,,,,,,,,,,,,,,,1.0,3 - Não,,,1.0,2026-05-12,,
006N400000Zybw8IAB,0014v00002m6uXWAAY,Conviver,0.0,2026-04-16,2026-04-16,2026-04-16 19:43:34,1,1,1,Solicitação de material,open,0,0,0,0,0,,,,,,,,,,,,,,,,,,,,,1.0,3 - Não,,,1.0,2026-04-16,,
006N400000ZybwBIAR,001N400000EjmYNIAZ,Conviver,78965.49,2026-05-21,2026-07-22,2026-05-21 17:37:59,4,4,4,Proposta tabela,open,62,0,3,0,0,0.0,,,,,,,,,,,,,,,,,,,,1.0,3 - Não,,,1.0,2026-07-22,,
006N400000ZybwCIAR,001N400000EnT7FIAV,Conviver,58571.09,2026-05-19,2026-06-16,2026-05-19 20:11:23,5,5,5,Proposta personalizada,open,28,0,4,0,0,0.0,,,,,,,,,,,,,,,,,,,,1.0,3 - Não,,,1.0,2026-06-16,,
006N400000ZybwDIAR,001N400000EpfDyIAJ,Conviver,0.0,2026-03-02,2026-03-19,2026-03-02 19:25:35,2,2,2,Oportunidade perdida,lost,17,0,1,0,0,17.0,,,,,,,,,,,,,,,,,,,,1.0,3 - Não,,,1.0,2026-03-19,Existe um contrato de longo prazo,0.0
006N400000ZybwGIAR,001N400000GwMYRIA3,Conviver,0.0,2026-03-02,2026-06-24,2026-03-02 19:25:35,2,2,2,Oportunidade perdida,lost,114,0,1,0,0,114.0,,,,,,,,,,,,,,,,,,,,1.0,3 - Não,,,1.0,2026-06-24,Preço de venda abaixo do perfil do sistema de ensino,0.0
006N400000ZybwHIAR,001N400000H31iXIAR,Conviver,0.0,2026-03-02,2026-08-04,2026-03-02 19:25:35,2,2,2,Oportunidade perdida,lost,155,0,1,0,0,155.0,,,,,,,,,,,,,,,,,,,,1.0,3 - Não,,,1.0,2026-08-04,Satisfação com serviço do atual parceiro,0.0
006N400000ZybwIIAR,001N400000INk4dIAD,Conviver,0.0,2026-03-02,2026-05-25,2026-03-02 19:25:35,2,2,2,Oportunidade perdida,lost,84,0,1,0,0,84.0,,,,,,,,,,,,,,,,,,,,1.0,3 - Não,,,1.0,2026-05-25,Preço de venda abaixo do perfil do sistema de ensino,0.0
006N400000ZybwMIAR,0014v00002uOo6KAAS,Conviver,0.0,2026-03-02,2026-06-18,2026-03-02 19:25:35,2,2,2,Oportunidade perdida,lost,108,0,1,0,0,108.0,,,,,,,,,,,,,,,,,,,,1.0,3 - Não,,,1.0,2026-06-18,Escola não adota sistema de ensino,0.0
006N400000ZybwNIAR,001N40000052wt6IAA,Conviver,0.0,2026-05-18,2026-06-11,2026-05-18 22:38:40,2,2,2,Oportunidade perdida,lost,24,0,1,0,0,24.0,,,,,,,,,,,,,,,,,,,,1.0,3 - Não,3.0,Encontro de Lideranças Católicas | Estudo de Geomarketing | Relatório Enem,1.0,2026-06-11,Satisfação com serviço do atual parceiro,0.0
006N400000ZybwOIAR,001N400000KPhfoIAD,Conviver,0.0,2026-03-30,2026-06-17,2026-03-30 12:14:13,2,2,2,Oportunidade perdida,lost,79,0,1,0,0,79.0,,,,,,,,,,,,,,,,,,,,1.0,3 - Não,,,1.0,2026-06-17,Escola não adota sistema de ensino,0.0
006N400000ZybwPIAR,001N400000KQ2DzIAL,Conviver,0.0,2026-03-02,2026-07-21,2026-03-02 19:25:35,2,2,2,Oportunidade perdida,lost,141,0,1,0,0,141.0,,,,,,,,,,,,,,,,,,,,1.0,3 - Não,,,1.0,2026-07-21,Escola não adota sistema de ensino,0.0
006N400000ZybwQIAR,001N4000007LLNEIA4,Conviver,0.0,2026-03-02,2026-06-18,2026-03-02 19:25:35,2,2,2,Oportunidade perdida,lost,108,0,1,0,0,108.0,,,,,,,,,,,,,,,,,,,,1.0,3 - Não,,,1.0,2026-06-18,Escola não adota sistema de ensino,0.0
006N400000ZybwRIAR,001N4000007jYmPIAU,Conviver,0.0,2026-03-02,2026-06-17,2026-03-02 19:25:35,2,2,2,Oportunidade perdida,lost,107,0,1,0,0,107.0,,,,,,,,,,,,,,,,,,,,1.0,3 - Não,,,1.0,2026-06-17,Escola não adota sistema de ensino,0.0
006N400000ZybwSIAR,001N40000082WIgIAM,Conviver,0.0,2026-05-29,2026-05-29,2026-05-29 15:01:34,1,1,1,Solicitação de material,open,0,0,0,0,0,,,,,,,,,,,,,,,,,,,,,1.0,3 - Não,,,1.0,2026-05-29,,
006N400000ZybwTIAR,001N400000KffDTIAZ,Conviver,0.0,2026-03-02,2026-05-21,2026-03-02 19:25:35,2,2,2,Oportunidade perdida,lost,80,0,1,0,0,80.0,,,,,,,,,,,,,,,,,,,,1.0,3 - Não,,,1.0,2026-05-21,Preço de venda abaixo do perfil do sistema de ensino,0.0
006N400000ZybwUIAR,001N400000KgCKjIAN,Conviver,0.0,2026-03-02,2026-05-22,2026-03-02 19:25:35,2,2,2,Oportunidade perdida,lost,81,0,1,0,0,81.0,,,,,,,,,,,,,,,,,,,,1.0,3 - Não,,,1.0,2026-05-22,Escola parou de responder,0.0
006N400000ZybwXIAR,001N400000LVFl3IAH,Conviver,0.0,2026-03-02,2026-07-21,2026-03-02 19:25:35,2,2,2,Oportunidade perdida,lost,141,0,1,0,0,141.0,,,,,,,,,,,,,,,,,,,,1.0,3 - Não,,,1.0,2026-07-21,Escola não adota sistema de ensino,0.0
006N400000ZybwYIAR,001N400000LiHsJIAV,Conviver,0.0,2026-03-25,2026-07-08,2026-03-25 12:26:15,2,2,2,Oportunidade perdida,lost,105,0,1,0,0,105.0,,,,,,,,,,,,,,,,,,,,1.0,3 - Não,,,1.0,2026-07-08,Escola não adota sistema de ensino,0.0
006N400000ZybwZIAR,001N400000AJlTsIAL,Conviver,0.0,2026-03-02,2026-05-07,2026-03-02 19:25:35,2,2,2,Oportunidade perdida,lost,66,0,1,0,0,66.0,,,,,,,,,,,,,,,,,,,,1.0,3 - Não,,,1.0,2026-05-07,Satisfação com serviço do atual parceiro,0.0
006N400000ZybwbIAB,001N400000MTikDIAT,Conviver,20725.64,2026-06-25,2026-07-31,2026-06-25 18:37:13,3,3,3,Validação pedagógica,open,36,0,2,0,0,9.0,,,,,,,,,,,,,,,,,,,,1.0,1 - Sim,,,1.0,2026-07-31,,
006N400000ZybwdIAB,0016g00000pHvhvAAC,Conviver,0.0,2026-03-02,2026-06-12,2026-03-02 19:25:35,2,2,2,Oportunidade perdida,lost,102,0,1,0,0,102.0,,,,,,,,,,,,,,,,,,,,1.0,3 - Não,,,1.0,2026-06-12,Satisfação com preço do atual parceiro,0.0
006N400000ZybweIAB,0014v00002fEibqAAC,Conviver,0.0,2026-03-02,2026-06-12,2026-03-02 19:25:35,2,2,2,Oportunidade perdida,lost,102,0,1,0,0,102.0,,,,,,,,,,,,,,,,,,,,1.0,3 - Não,,,1.0,2026-06-12,Escola não adota sistema de ensino,0.0
006N400000ZybwhIAB,001N400000IS4EQIA1,Conviver,0.0,2026-06-12,2026-06-12,2026-06-12 11:43:48,1,1,1,Solicitação de material,open,0,0,0,0,0,,,,,,,,,,,,,,,,,,,,,1.0,3 - Não,,,1.0,2026-06-12,,
006N400000ZybwiIAB,001N400000L1tPlIAJ,Conviver,0.0,2026-03-02,2026-06-12,2026-03-02 19:25:35,2,2,2,Oportunidade perdida,lost,102,0,1,0,0,102.0,,,,,,,,,,,,,,,,,,,,1.0,3 - Não,,,1.0,2026-06-12,Escola não adota sistema de ensino,0.0
006N400000ZybwjIAB,001N4000009OTi3IAG,Conviver,0.0,2026-03-02,2026-06-12,2026-03-02 19:25:35,2,2,2,Oportunidade perdida,lost,102,0,1,0,0,102.0,,,,,,,,,,,,,,,,,,,,1.0,3 - Não,3.0,Encontro de Lideranças Católicas | Estudo de Geomarketing | Relatório Enem,1.0,2026-06-12,Satisfação com serviço do atual parceiro,0.0
006N400000ZybwkIAB,001N400000LmhhmIAB,Conviver,0.0,2026-03-02,2026-06-12,2026-03-02 19:25:35,2,2,2,Oportunidade perdida,lost,102,0,1,0,0,102.0,,,,,,,,,,,,,,,,,,,,1.0,3 - Não,,,1.0,2026-06-12,Escola não adota sistema de ensino,0.0
006N400000ZybwlIAB,001N400000TWuT7IAL,Conviver,0.0,2026-03-02,2026-05-04,2026-03-02 19:25:35,2,2,2,Oportunidade perdida,lost,63,0,1,0,0,63.0,,,,,,,,,,,,,,,,,,,,1.0,3 - Não,,,1.0,2026-05-04,Preço de venda abaixo do perfil do sistema de ensino,0.0
006N400000ZybwmIAB,001N400000LyQTPIA3,Conviver,0.0,2026-03-02,2026-06-11,2026-03-02 19:25:35,2,2,2,Oportunidade perdida,lost,101,0,1,0,0,101.0,,,,,,,,,,,,,,,,,,,,1.0,3 - Não,1.0,Inbound Conviver 2025,1.0,2026-06-11,Escola não adota sistema de ensino,0.0
006N400000ZybwnIAB,001N400000FaDqwIAF,Conviver,0.0,2026-05-15,2026-06-11,2026-05-15 12:45:47,2,2,2,Oportunidade perdida,lost,27,0,1,0,0,27.0,,,,,,,,,,,,,,,,,,,,1.0,3 - Não,,,1.0,2026-06-11,Satisfação com serviço do atual parceiro,0.0
006N400000ZybwoIAB,001N400000AbdFzIAJ,Conviver,0.0,2026-03-02,2026-06-11,2026-03-02 19:25:35,2,2,2,Oportunidade perdida,lost,101,0,1,0,0,101.0,,,,,,,,,,,,,,,,,,,,1.0,3 - Não,,,1.0,2026-06-11,Satisfação com serviço do atual parceiro,0.0
006N400000Zybx3IAB,001N400000fMLfwIAG,Conviver,0.0,2026-06-01,2026-06-01,2026-06-01 18:35:24,1,1,1,Solicitação de material,open,0,0,0,0,0,,,,,,,,,,,,,,,,,,,,,1.0,3 - Não,,,1.0,2026-06-01,,
006N400000Zybx8IAB,001N400000WI1ZcIAL,Conviver,0.0,2026-04-07,2026-04-07,2026-04-07 20:09:30,3,3,3,Validação pedagógica,open,0,0,2,0,0,0.0,,,,,,,,,,,,,,,,,,,,1.0,3 - Não,,,1.0,2026-04-07,,
006N400000Zybx9IAB,001N400000bMe4oIAC,Conviver,0.0,2026-03-02,2026-06-11,2026-03-02 19:25:35,2,2,2,Oportunidade perdida,lost,101,0,1,0,0,101.0,,,,,,,,,,,,,,,,,,,,1.0,3 - Não,,,1.0,2026-06-11,Escola não adota sistema de ensino,0.0
006N400000ZybxLIAR,001N400000NlDmOIAV,Conviver,0.0,2026-06-19,2026-06-19,2026-06-19 11:38:39,1,1,1,Solicitação de material,open,0,0,0,0,0,,,,,,,,,,,,,,,,,,,,,1.0,3 - Não,1.0,Inbound Poliedro 2025,1.0,2026-06-19,,
006N400000ZybxMIAR,001N400000iDPc7IAG,Conviver,0.0,2026-03-02,2026-06-18,2026-03-02 19:25:35,2,2,2,Oportunidade perdida,lost,108,0,1,0,0,108.0,,,,,,,,,,,,,,,,,,,,1.0,3 - Não,,,1.0,2026-06-18,Escola não adota sistema de ensino,0.0
006N400000ZybxNIAR,001N400000iDIHGIA4,Conviver,0.0,2026-03-02,2026-06-18,2026-03-02 19:25:35,2,2,2,Oportunidade perdida,lost,108,0,1,0,0,108.0,,,,,,,,,,,,,,,,,,,,1.0,3 - Não,,,1.0,2026-06-18,Escola não adota sistema de ensino,0.0
006N400000ZybxPIAR,0016g00000BIRXqAAP,Conviver,0.0,2026-03-02,2026-07-21,2026-03-02 19:25:35,2,2,2,Oportunidade perdida,lost,141,0,1,0,0,141.0,,,,,,,,,,,,,,,,,,,,1.0,3 - Não,,,1.0,2026-07-21,Escola não adota sistema de ensino,0.0
006N400000ZybxQIAR,0016g00000BIRWKAA5,Conviver,0.0,2026-06-10,2026-06-10,2026-06-10 13:43:40,1,1,1,Solicitação de material,open,0,0,0,0,0,,,,,,,,,,,,,,,,,,,,,1.0,3 - Não,,,1.0,2026-06-10,,
006N400000ZybxSIAR,0016g00000BIRXJAA5,Conviver,0.0,2026-03-30,2026-04-01,2026-03-30 14:23:00,2,2,2,Oportunidade perdida,lost,2,0,1,0,0,2.0,,,,,,,,,,,,,,,,,,,,1.0,3 - Não,,,1.0,2026-04-01,Preço de venda abaixo do perfil do sistema de ensino,0.0
006N400000ZybxTIAR,0016g00000KMVhBAAX,Conviver,0.0,2026-05-21,2026-05-21,2026-05-21 15:05:10,2,2,2,Oportunidade perdida,lost,0,0,1,0,0,0.0,,,,,,,,,,,,,,,,,,,,1.0,3 - Não,,,1.0,2026-05-21,Satisfação com preço e serviço do atual parceiro,0.0
006N400000ZybxUIAR,0016g00000PRIeUAAX,Conviver,0.0,2026-03-02,2026-06-12,2026-03-02 19:25:35,2,2,2,Oportunidade perdida,lost,102,0,1,0,0,102.0,,,,,,,,,,,,,,,,,,,,1.0,3 - Não,,,1.0,2026-06-12,Satisfação com serviço do atual parceiro,0.0
006N400000ZybxVIAR,0014v00002giNocAAE,Conviver,0.0,2026-03-02,2026-04-30,2026-03-02 19:25:35,2,2,2,Oportunidade perdida,lost,59,0,1,0,0,59.0,,,,,,,,,,,,,,,,,,,,1.0,3 - Não,,,1.0,2026-04-30,Preço de venda abaixo do perfil do sistema de ensino,0.0
006N400000ZybxWIAR,0014v00002KvY3yAAF,Conviver,0.0,2026-03-02,2026-06-24,2026-03-02 19:25:35,2,2,2,Oportunidade perdida,lost,114,0,1,0,0,114.0,,,,,,,,,,,,,,,,,,,,1.0,3 - Não,,,1.0,2026-06-24,Preço de venda abaixo do perfil do sistema de ensino,0.0
006N400000ZybxXIAR,001N400000V1lpbIAB,Conviver,0.0,2026-03-02,2026-05-25,2026-03-02 19:25:35,2,2,2,Oportunidade perdida,lost,84,0,1,0,0,84.0,,,,,,,,,,,,,,,,,,,,1.0,3 - Não,,,1.0,2026-05-25,Satisfação com serviço do atual parceiro,0.0
006N400000ZycflIAB,001N400000NlBl7IAF,Polígono,98691.6,2026-03-04,2026-04-09,2026-03-04 15:11:32,4,4,4,Oportunidade perdida,lost,36,0,3,0,0,27.0,Prospecção,0-250,D - Capilaridade,475.0,Baixa,47.0,103.0,27.0,0.0,São João de Meriti,RJ,Censo Escolar 2023,Não segue orientação religiosa específica,,005N400000DAfNPIA1,R$ 500 a R$ 1.000,2029,Força Máxima,2.0,1.0,3 - Não,,,1.0,2026-04-09,Pacote agressivo de benefícios do concorrente,0.0
006N400000Zz95UIAR,0016g00000CJntrAAD,Poliedro,446462.04,2026-03-04,2026-07-01,2026-03-04 15:11:32,4,4,4,Oportunidade perdida,lost,119,0,3,0,0,56.0,Prospecção,750-1.000,A - Referência,825.0,Alta,257.0,329.0,98.0,150.0,Fortaleza,CE,Censo Escolar 2019,Não segue orientação religiosa específica,,005N400000P9zIoIAJ,R$ 1.500 a R$ 2.000,2027,FTD,7.0,1.0,3 - Não,1.0,Diálogos Bett Brasil 2026-05-07,1.0,2026-07-01,Existe um contrato de longo prazo,0.0
006N400000ZzYjlIAF,001N400000NSCttIAH,Polígono,165986.97,2026-03-04,2026-05-29,2026-03-04 15:11:32,5,5,5,Oportunidade perdida,lost,86,0,4,0,0,50.0,Prospecção,0-250,C - Estruturação,625.0,Não prioritária,51.0,132.0,0.0,0.0,Umbaúba,SE,Censo Escolar 2021,Não segue orientação religiosa específica,,005N400000Dew5pIAB,R$ 1.000 a R$ 1.500,2026,SAE Digital,7.0,1.0,3 - Não,,,1.0,2026-05-29,Satisfação com serviço do atual parceiro,0.0
006N400000ZzuE1IAJ,0014v00002lpqYMAAY,Poliedro,229092.0,2026-03-04,2026-05-25,2026-03-04 15:11:29,3,3,3,Validação pedagógica,open,82,0,2,0,0,46.0,Prospecção,Acima de 1.000,B - Aceleração,250.0,Não prioritária,651.0,0.0,0.0,781.0,Curitiba,PR,Prospeccao_ativa,Não segue orientação religiosa específica,,005N400000CUSPxIAP,R$ 0 a R$ 500,2026,Positivo,7.0,1.0,1 - Sim,,,1.0,2026-05-25,,
006N400000a0n0uIAA,0014v00002gjYucAAE,Polígono,70258.04,2026-08-11,2026-08-14,2026-08-11 19:08:28,6,6,6,Negociação e ajuste financeiro,open,3,0,5,0,0,0.0,Prospecção,0-250,C - Estruturação,600.0,Alta,0.0,58.0,30.0,0.0,Pato Branco,PR,Censo Escolar 2021,Não segue orientação religiosa específica,,005N400000OeNBQIA3,R$ 500 a R$ 1.000,2026,Conquista,8.0,1.0,3 - Não,,,2.0,2026-08-14,Satisfação com serviço do atual parceiro,
006N400000a1TkpIAE,001N400000A0s9GIAR,Polígono,120572.18,2026-03-05,2026-04-24,2026-03-05 18:23:08,3,3,3,Validação pedagógica,open,50,0,2,0,0,0.0,Prospecção,0-250,C - Estruturação,625.0,Não prioritária,64.0,75.0,33.0,0.0,Cajazeiras,PB,Censo Escolar 2021,Não segue orientação religiosa específica,,005N400000DevL3IAJ,R$ 100 a R$ 500,2026,FTD,3.0,1.0,3 - Não,,,1.0,2026-04-24,,
006N400000a1VY6IAM,001N400000heYgkIAE,Polígono,228555.4,2026-03-04,2026-03-27,2026-03-04 15:11:32,2,2,2,Oportunidade perdida,lost,23,0,1,0,0,23.0,Prospecção,0-250,D - Capilaridade,450.0,Não prioritária,76.0,93.0,34.0,0.0,São Paulo,SP,Censo Escolar 2023,,,005N40000035sinIAA,Sem informação,2026,Sucesso,3.0,1.0,3 - Não,,,1.0,2026-03-27,Satisfação com serviço do atual parceiro,0.0
006N400000a1aw1IAA,0014v00002qhsoZAAQ,Poliedro,404663.02,2026-03-26,2026-07-21,2026-03-26 19:35:27,12,12,12,Contrato assinado,won,117,1,10,0,0,13.0,Prospecção,500-750,B - Aceleração,700.0,Alta,200.0,333.0,209.0,0.0,Araguari,MG,Censo Escolar 2021,Não segue orientação religiosa específica,,0054v00000EkfjPAAR,R$ 1.000 a R$ 1.500,2026,Conquista,17.0,1.0,1 - Sim,,,1.0,2026-07-21,,1.0
006N400000a3qbeIAA,0014v00002qiHTpAAM,Poliedro,145000.0,2026-03-04,2026-03-04,2026-03-04 18:21:12,12,12,12,Contrato assinado,won,0,1,10,0,0,0.0,,,,,,,,,,,,,,,,,,,,1.0,3 - Não,,,1.0,2026-03-04,,1.0
006N400000a5W0zIAE,0014v00002pSgn1AAC,Poliedro,836843.55,2026-03-05,2026-05-28,2026-03-05 12:46:41,12,12,12,Contrato assinado,won,84,1,10,0,0,0.0,Prospecção,250-500,A - Referência,800.0,Alta,171.0,267.0,49.0,0.0,Jataí,GO,Censo Escolar 2023,Não segue orientação religiosa específica,,005N400000PA8nVIAT,R$ 1.000 a R$ 1.500,2027,AZ - Conexia Educação,6.0,1.0,1 - Sim,2.0,Estudo de Geomarketing | Relatório Enem,1.0,2026-05-28,,1.0
006N400000a6aDqIAI,001N400000hx6ByIAI,Poliedro,498025.61,2026-03-05,2026-08-11,2026-03-05 19:59:21,12,12,12,Contrato assinado,won,159,1,10,0,0,43.0,Prospecção,250-500,C - Estruturação,575.0,Média,106.0,103.0,36.0,79.0,Cáceres,MT,Censo Escolar 2021,Católica,Rede Azul,0056g0000034OkWAAU,R$ 1.000 a R$ 1.500,2027,SAS,4.0,1.0,1 - Sim,2.0,Imersão 2026-03-31 | Relatório Enem,1.0,2026-08-11,,1.0
006N400000a6afDIAQ,001N400000JJnOqIAL,Poliedro,489006.0,2026-03-05,2026-07-13,2026-03-05 17:57:56,6,6,6,Oportunidade perdida,lost,130,0,5,0,0,25.0,Prospecção,250-500,B - Aceleração,775.0,Alta,121.0,178.0,46.0,48.0,Belo Horizonte,MG,Censo Escolar 2021,Não segue orientação religiosa específica,,005N400000OGlMvIAL,R$ 1.000 a R$ 1.500,2028,Bernoulli,10.0,1.0,1 - Sim,1.0,Estudo de Geomarketing,1.0,2026-07-13,,0.0
006N400000a6mYJIAY,001N400000BXHNAIA5,Conviver,25981.36,2026-03-05,2026-05-29,2026-03-05 18:56:04,5,5,5,Oportunidade perdida,lost,85,0,4,0,0,84.0,Prospecção,500-750,A - Referência,800.0,Alta,213.0,242.0,99.0,112.0,Sousa,PB,Censo Escolar 2021,Não segue orientação religiosa específica,,005N400000DevL3IAJ,R$ 1.000 a R$ 1.500,2028,SAS,3.0,1.0,3 - Não,1.0,Relatório Enem,3.0,2026-06-26,Satisfação com serviço do atual parceiro,0.0
006N400000a6oJxIAI,001N400000BXHNAIA5,Polígono,41307.16,2026-03-05,2026-03-06,2026-03-05 18:41:38,4,4,4,Proposta tabela,open,1,0,3,0,0,0.0,Prospecção,500-750,A - Referência,800.0,Alta,213.0,242.0,99.0,112.0,Sousa,PB,Censo Escolar 2021,Não segue orientação religiosa específica,,005N400000DevL3IAJ,R$ 1.000 a R$ 1.500,2028,SAS,3.0,1.0,3 - Não,1.0,Relatório Enem,3.0,2026-06-26,Satisfação com serviço do atual parceiro,
006N400000a6xOsIAI,0016g00000NuUYDAA3,Poliedro,662027.5,2026-03-05,2026-08-13,2026-03-05 21:04:16,4,4,4,Oportunidade perdida,lost,161,0,3,0,0,111.0,Prospecção,250-500,C - Estruturação,525.0,Alta,0.0,0.0,0.0,491.0,Teresina,PI,Censo Escolar 2019,Não segue orientação religiosa específica,,0054v00000DjxE1AAJ,R$ 1.000 a R$ 1.500,2027,SAS,8.0,1.0,1 - Sim,2.0,Conexões 13/04 a 15/04 | Estudo de Geomarketing,1.0,2026-08-13,Satisfação com serviço do atual parceiro,0.0
006N400000a703OIAQ,0014v00002NCcYLAA1,Polígono,521244.0,2026-03-05,2026-05-26,2026-03-05 21:33:47,4,4,4,Oportunidade perdida,lost,82,0,3,0,0,27.0,Prospecção,250-500,C - Estruturação,575.0,Alta,106.0,103.0,38.0,54.0,Teresina,PI,Censo Escolar 2019,Não segue orientação religiosa específica,,0054v00000DjxE1AAJ,R$ 0 a R$ 500,2026,Bernoulli,3.0,1.0,3 - Não,,,1.0,2026-05-26,Satisfação com serviço do atual parceiro,0.0
006N400000a70BVIAY,001N400000B21BQIAZ,Poliedro,488532.9,2026-03-05,2026-05-27,2026-03-05 21:21:09,4,4,4,Oportunidade perdida,lost,83,0,3,0,0,28.0,Prospecção,250-500,B - Aceleração,775.0,Alta,123.0,123.0,43.0,84.0,Campo Maior,PI,Censo Escolar 2021,Não segue orientação religiosa específica,,0054v00000DjxE1AAJ,R$ 100 a R$ 500,2026,SAS,3.0,1.0,3 - Não,,,1.0,2026-05-27,Escola parou de responder,0.0
006N400000a71aYIAQ,001N400000EFuufIAD,Conviver,199403.56,2026-03-05,2026-07-21,2026-03-05 20:09:06,6,6,6,Oportunidade perdida,lost,138,0,5,0,0,69.0,Prospecção,500-750,B - Aceleração,700.0,Alta,273.0,287.0,32.0,141.0,Taboão da Serra,SP,Censo Escolar 2021,Não segue orientação religiosa específica,,005N400000P4NcLIAV,R$ 1.000 a R$ 1.500,2028,Anglo,5.0,1.0,1 - Sim,,,1.0,2026-07-21,Escola parou de responder,0.0
006N400000a7JFhIAM,001N400000NlD96IAF,Poliedro,371982.47,2026-03-05,2026-06-22,2026-03-05 22:47:36,5,5,5,Proposta personalizada,open,109,0,4,0,0,0.0,Prospecção,250-500,C - Estruturação,600.0,Alta,133.0,176.0,31.0,110.0,Fortaleza,CE,Censo Escolar 2023,Católica,Rede Jesuíta,0056g00000468kkAAA,R$ 1.500 a R$ 2.000,2026,Bernoulli,14.0,1.0,1 - Sim,3.0,Conexões 13/04 a 15/04 | Diálogos Fortaleza 2026-04-16 | Estudo de Geomarketing,1.0,2026-06-22,,
006N400000a7KTaIAM,001N400000KEHf6IAH,Polígono,350845.34,2026-03-06,2026-07-29,2026-03-06 01:54:47,2,2,2,Material entregue,open,145,0,1,0,0,145.0,Prospecção,500-750,C - Estruturação,575.0,Não prioritária,185.0,308.0,76.0,0.0,Morada Nova,CE,Censo Escolar 2021,Não segue orientação religiosa específica,,005N400000DAk0TIAT,R$ 100 a R$ 500,2027,Formando Cidadãos,1.0,1.0,3 - Não,,,1.0,2026-07-29,,
006N400000a7MLyIAM,001N400000JPzeuIAD,Polígono,118952.68,2026-03-06,2026-04-23,2026-03-06 03:52:45,6,6,6,Oportunidade perdida,lost,48,0,5,0,0,0.0,Prospecção,250-500,C - Estruturação,625.0,Média,156.0,138.0,36.0,63.0,São Paulo,SP,Censo Escolar 2021,Não segue orientação religiosa específica,,005N400000Dj7E2IAJ,R$ 2.500 a R$ 3.000,2028,FTD,5.0,1.0,3 - Não,,,1.0,2026-04-23,Satisfação com preço e serviço do atual parceiro,0.0
006N400000a7YMnIAM,0016g00000PROLEAA5,Poliedro,461278.2,2026-03-06,2026-06-08,2026-03-06 02:27:58,4,4,4,Oportunidade perdida,lost,94,0,3,0,0,10.0,Prospecção,250-500,B - Aceleração,700.0,Alta,169.0,164.0,35.0,78.0,Aracaju,SE,Censo Escolar 2019,Não segue orientação religiosa específica,,0056g0000034OkZAAU,R$ 1.000 a R$ 1.500,2026,Amplia,6.0,1.0,3 - Não,,,1.0,2026-06-08,Análise de Impacto de Escola Associada,0.0
006N400000a7YoKIAU,0016g00000CIzCMAA1,Poliedro,515960.9,2026-03-06,2026-05-15,2026-03-06 02:58:46,2,2,2,Oportunidade perdida,lost,70,0,1,0,0,70.0,,,,,,,,,,,,,,,,,,,,1.0,3 - Não,,,1.0,2026-05-15,Pacote agressivo de benefícios do concorrente,0.0
006N400000a7dBGIAY,001N400000MHgeFIAT,Conviver,252023.96,2026-03-06,2026-08-04,2026-03-06 06:32:31,6,6,6,Oportunidade perdida,lost,151,0,5,0,0,32.0,Prospecção,Acima de 1.000,C - Estruturação,500.0,Alta,372.0,408.0,0.0,275.0,São Paulo,SP,Censo Escolar/Fale conosco,Não segue orientação religiosa específica,,005N400000Dj7E2IAJ,Sem informação,2031,Bernoulli,29.0,1.0,1 - Sim,3.0,Diálogos GEduc 2026-03-26 | Estudo de Geomarketing | Inbound Poliedro 2025,2.0,2026-08-04,Pacote agressivo de benefícios do concorrente,0.0
006N400000a7h6qIAA,001N4000008eYjCIAU,Poliedro,345870.28,2026-03-06,2026-06-21,2026-03-06 10:21:38,4,4,4,Oportunidade perdida,lost,107,0,3,0,0,41.0,Prospecção,250-500,B - Aceleração,675.0,Média,107.0,200.0,55.0,0.0,Contagem,MG,Censo Escolar 2021,Não segue orientação religiosa específica,,0054v00000EkfjPAAR,R$ 500 a R$ 1.000,2027,PH,3.0,1.0,3 - Não,,,1.0,2026-06-21,Existe um contrato de longo prazo,0.0
006N400000a7vMfIAI,001N400000NmcN5IAJ,Poliedro,190940.41,2026-03-06,2026-08-07,2026-03-06 12:46:13,6,6,6,Negociação e ajuste financeiro,open,154,0,5,0,0,61.0,Prospecção,0-250,C - Estruturação,500.0,Baixa,58.0,77.0,25.0,0.0,Itaguaí,RJ,Censo Escolar 2023,Evangélica,Educação Cristã / Evangélica,005N400000CUSPxIAP,R$ 1.000 a R$ 1.500,2026,Anglo,19.0,1.0,1 - Sim,2.0,Conexões 13/04 a 15/04 | Estudo de Geomarketing,2.0,2026-08-07,Satisfação com preço do atual parceiro,
006N400000a837GIAQ,001N400000kZQQBIA4,Polígono,28842.48,2026-03-06,2026-05-07,2026-03-06 11:37:55,2,2,2,Oportunidade perdida,lost,62,0,1,0,0,62.0,,,,,,,,,,,,,,,,,,,,1.0,3 - Não,,,1.0,2026-05-07,Escola encerrou suas atividades,0.0
006N400000a85SYIAY,001N400000BZfq1IAD,Poliedro,156411.5,2026-03-06,2026-06-15,2026-03-06 12:44:29,4,4,4,Oportunidade perdida,lost,101,0,3,0,0,52.0,Prospecção,250-500,B - Aceleração,725.0,Alta,140.0,214.0,48.0,55.0,Armação de Búzios,RJ,Censo Escolar 2022,Não segue orientação religiosa específica,,0054v00000DvfXIAAZ,R$ 1.500 a R$ 2.000,2028,PH,3.0,1.0,3 - Não,,,1.0,2026-06-15,Satisfação com serviço do atual parceiro,0.0
006N400000a8BrDIAU,001N400000PZex7IAD,Polígono,40039.88,2026-03-06,2026-05-29,2026-03-06 11:53:52,4,4,4,Oportunidade perdida,lost,84,0,3,0,0,21.0,Prospecção,Sem Dados,D - Capilaridade,475.0,Baixa,0.0,0.0,0.0,0.0,São Paulo,SP,Fale Conosco,Não segue orientação religiosa específica,,005N400000OePRkIAN,R$ 500 a R$ 1.000,2028,Maxi,,1.0,3 - Não,2.0,Inbound Poliedro 2025 | Inbound Polígono 2025,1.0,2026-05-29,Escola parou de responder,0.0
006N400000a8CaMIAU,001N400000MdqTuIAJ,Conviver,14761.2,2026-03-06,2026-08-11,2026-03-06 11:52:46,4,4,4,Oportunidade perdida,lost,158,0,3,0,0,77.0,Prospecção,500-750,C - Estruturação,625.0,Alta,221.0,334.0,91.0,47.0,Porto Alegre,RS,Censo Escolar 2021,Não segue orientação religiosa específica,,005N400000OGlrZIAT,R$ 1.000 a R$ 1.500,2028,Moderna Compartilha,5.0,1.0,3 - Não,,,1.0,2026-08-11,Escola parou de responder,0.0
006N400000a8D50IAE,001N400000GljeoIAB,Polígono,998878.33,2026-03-06,2026-05-29,2026-03-06 12:25:38,5,5,5,Oportunidade perdida,lost,84,0,4,0,0,1.0,Prospecção,750-1.000,A - Referência,825.0,Alta,426.0,226.0,69.0,215.0,Queimados,RJ,Censo Escolar 2021,Não segue orientação religiosa específica,,005N400000Of55xIAB,R$ 500 a R$ 1.000,2026,Farias Brito,3.0,1.0,3 - Não,,,1.0,2026-05-29,Pacote agressivo de benefícios do concorrente,0.0
006N400000a8E7WIAU,001N400000NlLy9IAF,Polígono,170206.58,2026-03-06,2026-08-12,2026-03-06 11:58:46,4,4,4,Oportunidade perdida,lost,159,0,3,0,0,97.0,Prospecção,250-500,D - Capilaridade,475.0,Alta,119.0,150.0,29.0,0.0,São Paulo,SP,Censo Escolar 2023,Não segue orientação religiosa específica,,005N400000OePRkIAN,R$ 500 a R$ 1.000,2026,FTD,,1.0,3 - Não,,,1.0,2026-08-12,Escola parou de responder,0.0
006N400000a8HWqIAM,001N400000NlFgOIAV,Poliedro,79551.36,2026-03-06,2026-06-19,2026-03-06 12:59:39,6,6,6,Oportunidade perdida,lost,105,0,5,0,0,3.0,Prospecção,250-500,C - Estruturação,575.0,Alta,165.0,44.0,0.0,45.0,Campo Grande,MS,Censo Escolar 2023,Não segue orientação religiosa específica,Colegio Almirante Tamandare Ltda,005N400000OGlrZIAT,R$ 500 a R$ 1.000,2027,Farias Brito,9.0,1.0,1 - Sim,3.0,Conexões 13/04 a 15/04 | Estudo de Geomarketing | Relatório Enem,2.0,2026-06-19,Satisfação com serviço do atual parceiro,0.0
006N400000a8M6fIAE,0016g00000BIRbxAAH,Conviver,0.0,2026-03-06,2026-03-06,2026-03-06 12:26:40,1,1,1,Solicitação de material,open,0,0,0,0,0,,,,,,,,,,,,,,,,,,,,,1.0,3 - Não,,,1.0,2026-03-06,,
006N400000a8Oq2IAE,001N400000NlGL1IAN,Poliedro,369612.52,2026-03-06,2026-04-30,2026-03-06 12:55:34,3,3,3,Validação pedagógica,open,55,0,2,0,0,0.0,Prospecção,250-500,B - Aceleração,675.0,Média,153.0,179.0,43.0,40.0,Rio de Janeiro,RJ,Censo Escolar 2023,Católica,Rede Notre Dame,005N400000CUSPxIAP,R$ 2.000 a R$ 2.500,2027,Livros Didáticos,10.0,1.0,3 - Não,1.0,Inbound Poliedro 2026,2.0,2026-06-08,,
006N400000a8QK5IAM,001N400000NmcN5IAJ,Conviver,48237.2,2026-03-06,2026-06-13,2026-03-06 14:11:44,4,4,4,Oportunidade perdida,lost,99,0,3,0,0,53.0,Prospecção,0-250,C - Estruturação,500.0,Baixa,58.0,77.0,25.0,0.0,Itaguaí,RJ,Censo Escolar 2023,Evangélica,Educação Cristã / Evangélica,005N400000CUSPxIAP,R$ 1.000 a R$ 1.500,2026,Anglo,19.0,1.0,1 - Sim,2.0,Conexões 13/04 a 15/04 | Estudo de Geomarketing,2.0,2026-08-07,Satisfação com preço do atual parceiro,0.0
006N400000a8gDTIAY,001N400000MKb57IAD,Polígono,202879.24,2026-03-06,2026-04-17,2026-03-06 15:00:52,2,2,2,Oportunidade perdida,lost,42,0,1,0,0,42.0,Prospecção,250-500,B - Aceleração,700.0,Média,102.0,133.0,51.0,30.0,São Paulo,SP,Censo Escolar 2021,Não segue orientação religiosa específica,,005N40000035sinIAA,R$ 500 a R$ 1.000,2027,Positivo,2.0,1.0,3 - Não,,,1.0,2026-04-17,Existe um contrato de longo prazo,0.0
006N400000a8h6HIAQ,001N400000GhJnnIAF,Poliedro,142677.42,2026-03-06,2026-05-25,2026-03-06 14:05:06,4,4,4,Oportunidade perdida,lost,80,0,3,0,0,34.0,Prospecção,250-500,B - Aceleração,750.0,Média,84.0,112.0,24.0,46.0,Rio de Janeiro,RJ,Censo Escolar 2021,Católica,Congregação de São João Batista,005N400000CUSPxIAP,R$ 2.000 a R$ 2.500,2027,Líder em mim,18.0,1.0,3 - Não,,,2.0,2026-08-10,Satisfação com serviço do atual parceiro,0.0
006N400000a8i2OIAQ,0014v00002ghpnKAAQ,Conviver,286129.38,2026-03-06,2026-05-18,2026-03-06 15:48:50,3,3,3,Validação pedagógica,open,73,0,2,0,0,38.0,Prospecção,Acima de 1.000,A - Referência,825.0,Alta,312.0,699.0,114.0,223.0,Feira de Santana,BA,Censo Escolar 2021,Católica,Rede Dorotéias,0056g0000034OkWAAU,R$ 1.500 a R$ 2.000,2027,Anglo,2.0,1.0,3 - Não,1.0,Relatório Enem,1.0,2026-05-18,,
006N400000a8lBbIAI,001N400000Jvx6xIAB,Polígono,281358.95,2026-03-06,2026-05-08,2026-03-06 14:51:16,5,5,5,Oportunidade perdida,lost,63,0,4,0,0,53.0,Prospecção,250-500,B - Aceleração,650.0,Alta,101.0,69.0,16.0,79.0,Taboão da Serra,SP,Censo Escolar 2021,Não segue orientação religiosa específica,,005N400000P4NcLIAV,R$ 1.000 a R$ 1.500,2026,Positivo,3.0,1.0,1 - Sim,1.0,Relatório Enem,1.0,2026-05-08,Renovou com atual parceiro,0.0
006N400000a8wIEIAY,0014v00002gj71jAAA,Polígono,942864.08,2026-03-06,2026-08-08,2026-03-06 16:06:20,6,6,6,Oportunidade perdida,lost,155,0,5,0,0,78.0,Prospecção,750-1.000,B - Aceleração,700.0,Alta,304.0,374.0,97.0,124.0,São Pedro da Aldeia,RJ,Censo Escolar 2021,Não segue orientação religiosa específica,,0054v00000DvfXIAAZ,R$ 1.000 a R$ 1.500,2026,Amplia,12.0,1.0,1 - Sim,2.0,Conexões 13/04 a 15/04 | Estudo de Geomarketing,1.0,2026-08-08,Pacote agressivo de benefícios do concorrente,0.0
006N400000a8xcgIAA,0016g00000EE7RrAAL,Polígono,221317.53,2026-03-06,2026-05-15,2026-03-06 18:18:34,12,12,12,Contrato assinado,won,70,1,10,0,0,1.0,Prospecção,Acima de 1.000,B - Aceleração,750.0,Alta,326.0,463.0,116.0,196.0,São Paulo,SP,Censo Escolar 2019,Católica,,0054v00000EkXMDAA3,R$ 1.000 a R$ 1.500,2026,COC,24.0,1.0,1 - Sim,1.0,Imersão 2026-03-31,2.0,2026-05-15,,1.0
006N400000a92fRIAQ,001N400000NlGKVIA3,Poliedro,602506.3,2026-03-06,2026-03-12,2026-03-06 16:56:16,2,2,2,Oportunidade perdida,lost,6,0,1,0,0,6.0,Prospecção,250-500,B - Aceleração,725.0,Alta,169.0,153.0,48.0,54.0,Arapiraca,AL,Censo Escolar 2023,Não segue orientação religiosa específica,,0056g0000034OkZAAU,R$ 500 a R$ 1.000,2027,Anglo,3.0,1.0,3 - Não,1.0,Relatório Enem,1.0,2026-03-12,Satisfação com serviço do atual parceiro,0.0
006N400000a95BqIAI,0014v00002gjYucAAE,Polígono,68569.5,2026-03-06,2026-05-29,2026-03-06 17:57:12,3,3,3,Oportunidade perdida,lost,84,0,2,0,0,44.0,Prospecção,0-250,C - Estruturação,600.0,Alta,0.0,58.0,30.0,0.0,Pato Branco,PR,Censo Escolar 2021,Não segue orientação religiosa específica,,005N400000OeNBQIA3,R$ 500 a R$ 1.000,2026,Conquista,8.0,1.0,3 - Não,,,2.0,2026-08-14,Satisfação com serviço do atual parceiro,0.0
006N400000a96CnIAI,0016g00000NuhvpAAB,Poliedro,1118808.0,2026-03-06,2026-06-26,2026-03-06 17:43:43,4,4,4,Oportunidade perdida,lost,112,0,3,0,0,43.0,Prospecção,0-250,C - Estruturação,500.0,Média,0.0,0.0,0.0,112.0,Santa Rita do Sapucaí,MG,Censo Escolar 2019,Não segue orientação religiosa específica,,005N400000Of3liIAB,R$ 1.500 a R$ 2.000,2027,Uno Educação,2.0,1.0,3 - Não,,,1.0,2026-06-26,Existe um contrato de longo prazo,0.0
006N400000a9BqvIAE,001N400000DqReMIAV,Poliedro,0.0,2026-03-06,2026-04-30,2026-03-06 18:56:40,4,4,4,Oportunidade perdida,lost,55,0,3,0,0,6.0,Prospecção,250-500,B - Aceleração,650.0,Alta,165.0,164.0,51.0,0.0,São Pedro da Aldeia,RJ,Censo Escolar 2021,Não segue orientação religiosa específica,,0054v00000DvfXIAAZ,R$ 1.000 a R$ 1.500,2029,Farias Brito,2.0,1.0,3 - Não,,,1.0,2026-04-30,Satisfação com serviço do atual parceiro,0.0
006N400000a9HUjIAM,0014v00002OxojDAAR,Polígono,355506.96,2026-03-06,2026-06-30,2026-03-06 17:28:33,5,5,5,Proposta personalizada,open,116,0,4,0,0,0.0,Prospecção,0-250,D - Capilaridade,400.0,Média,59.0,72.0,9.0,61.0,Pouso Alegre,MG,Censo Escolar 2019,,,005N400000Of3liIAB,Sem informação,Sem Dados,Sem Dados,6.0,1.0,1 - Sim,,,1.0,2026-06-30,,
006N400000a9Ps7IAE,0014v00002m8GRdAAM,Polígono,225163.34,2026-03-06,2026-04-24,2026-03-06 18:41:11,3,3,3,Validação pedagógica,open,49,0,2,0,0,0.0,Prospecção,250-500,C - Estruturação,625.0,Média,199.0,110.0,36.0,0.0,Cachoeira,BA,Censo Escolar 2021,Católica,Rede Sacramentina,0056g0000034OkWAAU,R$ 500 a R$ 1.000,2027,Trilhas,1.0,1.0,3 - Não,,,1.0,2026-04-24,,
006N400000a9RymIAE,0014v00002gjXigAAE,Polígono,66264.04,2026-03-06,2026-04-30,2026-03-06 18:29:02,3,3,3,Validação pedagógica,open,55,0,2,0,0,0.0,Prospecção,250-500,C - Estruturação,625.0,Média,97.0,114.0,34.0,48.0,São Pedro da Aldeia,RJ,Censo Escolar 2021,Católica,,0054v00000DvfXIAAZ,R$ 1.000 a R$ 1.500,2028,SAE Digital,5.0,1.0,3 - Não,,,1.0,2026-04-30,,
006N400000a9fYhIAI,001N400000heN03IAE,Polígono,82283.4,2026-03-06,2026-05-29,2026-03-06 19:47:03,6,6,6,Oportunidade perdida,lost,84,0,5,0,0,44.0,Prospecção,Sem Dados,D - Capilaridade,375.0,Não prioritária,0.0,0.0,0.0,0.0,Curitiba,PR,Censo Escolar 2023,Não segue orientação religiosa específica,,005N400000OeNBQIA3,R$ 1.000 a R$ 1.500,2027,FTD,9.0,1.0,3 - Não,1.0,Inbound Polígono 2026,1.0,2026-05-29,Satisfação com serviço do atual parceiro,0.0
006N400000a9kq7IAA,0014v00002pSjz5AAC,Polígono,392957.25,2026-03-06,2026-05-20,2026-03-06 21:40:18,6,6,6,Oportunidade perdida,lost,75,0,5,0,0,68.0,Prospecção,250-500,B - Aceleração,675.0,Alta,152.0,166.0,36.0,40.0,Bauru,SP,Censo Escolar 2021,Não segue orientação religiosa específica,,0054v00000EkXMDAA3,R$ 1.000 a R$ 1.500,2029,Anglo,12.0,1.0,1 - Sim,2.0,Conexões 13/04 a 15/04 | Estudo de Geomarketing,3.0,2026-05-20,Análise de Impacto de Escola Associada | Existe um contrato de longo prazo,0.0
006N400000aAhTfIAK,001N400000RbKeaIAF,Poliedro,145085.4,2026-03-07,2026-06-08,2026-03-07 17:54:11,3,3,3,Validação pedagógica,open,93,0,2,0,0,19.0,Prospecção,Sem Dados,D - Capilaridade,350.0,Não prioritária,0.0,0.0,0.0,0.0,Rio de Janeiro,RJ,Prospeccao_ativa,Evangélica,Vine International Christian School,005N400000CUSPxIAP,R$ 1.500 a R$ 2.000,2025,Sem Dados,7.0,1.0,3 - Não,,,1.0,2026-06-08,,
006N400000aB9RSIA0,0014v00002git3yAAA,Polígono,300083.05,2026-03-07,2026-06-19,2026-03-07 21:30:38,6,6,6,Oportunidade perdida,lost,104,0,5,0,0,35.0,Prospecção,250-500,B - Aceleração,700.0,Alta,124.0,154.0,40.0,103.0,Maceió,AL,Censo Escolar 2021,Católica,Rede Saviniana,0056g00000468kkAAA,R$ 500 a R$ 1.000,2026,Bernoulli,11.0,1.0,3 - Não,,,2.0,2026-07-06,Renovou com atual parceiro | Satisfação com serviço do atual parceiro,0.0
006N400000aBG7zIAG,001N400000NlBlvIAF,Polígono,413780.26,2026-03-08,2026-08-06,2026-03-08 00:26:48,4,4,4,Oportunidade perdida,lost,151,0,3,0,0,59.0,Prospecção,500-750,C - Estruturação,625.0,Alta,206.0,249.0,79.0,0.0,Rio de Janeiro,RJ,Censo Escolar 2023,Católica,PBSCJ - Sagrado Rede de Educação,005N400000CUSPxIAP,R$ 1.000 a R$ 1.500,2026,SAE Digital,6.0,1.0,3 - Não,,,1.0,2026-08-06,Satisfação com preço do atual parceiro,0.0
006N400000aCVmYIAW,0014v00002muNm1AAE,Polígono,35828.53,2026-03-09,2026-06-02,2026-03-09 13:07:05,6,6,6,Negociação e ajuste financeiro,open,85,0,5,0,0,4.0,Prospecção,0-250,D - Capilaridade,450.0,Baixa,0.0,0.0,59.0,0.0,Mauá,SP,Censo Escolar 2021,Não segue orientação religiosa específica,,005N40000035sinIAA,R$ 500 a R$ 1.000,2028,SAE Digital,17.0,1.0,3 - Não,1.0,Diálogos GEduc 2026-03-26,2.0,2026-08-07,,
006N400000aDcUAIA0,001N400000hf20JIAQ,Polígono,118305.14,2026-03-09,2026-05-22,2026-03-09 16:23:27,4,4,4,Oportunidade perdida,lost,74,0,3,0,0,35.0,,,,,,,,,,,,,,,,,,,,1.0,3 - Não,,,1.0,2026-05-22,Escola parou de responder,0.0
006N400000aDfIMIA0,001N400000hejCGIAY,Polígono,65498.0,2026-03-09,2026-05-22,2026-03-09 16:00:56,4,4,4,Oportunidade perdida,lost,74,0,3,0,0,35.0,,,,,,,,,,,,,,,,,,,,1.0,3 - Não,,,1.0,2026-05-22,Escola parou de responder,0.0
006N400000aEMbtIAG,0014v00002pSjz5AAC,Poliedro,518548.4,2026-03-09,2026-04-23,2026-03-09 19:56:00,6,6,6,Oportunidade perdida,lost,45,0,5,0,0,34.0,Prospecção,250-500,B - Aceleração,675.0,Alta,152.0,166.0,36.0,40.0,Bauru,SP,Censo Escolar 2021,Não segue orientação religiosa específica,,0054v00000EkXMDAA3,R$ 1.000 a R$ 1.500,2029,Anglo,12.0,1.0,1 - Sim,2.0,Conexões 13/04 a 15/04 | Estudo de Geomarketing,3.0,2026-05-20,Análise de Impacto de Escola Associada | Existe um contrato de longo prazo,0.0
006N400000aEQPLIA4,001N400000lZNJgIAO,Poliedro,366219.66,2026-03-27,2026-07-29,2026-03-27 14:08:14,4,4,4,Oportunidade perdida,lost,124,0,3,0,0,76.0,,,,,,,,,,,,,,,,,,,,1.0,3 - Não,,,1.0,2026-07-29,Satisfação com serviço do atual parceiro,0.0
006N400000aEUG4IAO,001N400000heQlcIAE,Polígono,30866.18,2026-03-09,2026-07-02,2026-03-09 21:03:57,4,4,4,Oportunidade perdida,lost,115,0,3,0,0,58.0,Prospecção,0-250,C - Estruturação,575.0,Não prioritária,0.0,44.0,38.0,0.0,Contagem,MG,Censo Escolar 2023,Não segue orientação religiosa específica,,0054v00000EkfjPAAR,R$ 1.000 a R$ 1.500,2027,FTD,3.0,1.0,3 - Não,,,1.0,2026-07-02,Satisfação com serviço do atual parceiro,0.0
006N400000aEWD1IAO,001N400000KIS0oIAH,Polígono,102440.0,2026-03-09,2026-06-26,2026-03-09 21:59:56,4,4,4,Oportunidade perdida,lost,109,0,3,0,0,35.0,Prospecção,0-250,B - Aceleração,650.0,Baixa,38.0,66.0,18.0,13.0,Piranguinho,MG,Censo Escolar 2021,Não segue orientação religiosa específica,,005N400000Of3liIAB,R$ 500 a R$ 1.000,2027,Positivo,5.0,1.0,3 - Não,,,1.0,2026-06-26,Existe um contrato de longo prazo,0.0
006N400000aEmeNIAS,001N400000JOhotIAD,Poliedro,419553.0,2026-03-10,2026-08-11,2026-03-10 00:21:10,4,4,4,Oportunidade perdida,lost,154,0,3,0,0,99.0,Prospecção,500-750,A - Referência,825.0,Alta,324.0,321.0,0.0,0.0,Campo Grande,MS,Censo Escolar 2021,Não segue orientação religiosa específica,,005N400000OGlrZIAT,R$ 1.000 a R$ 1.500,2028,Anglo,7.0,1.0,3 - Não,1.0,Relatório Enem,2.0,2026-08-11,Existe um contrato de longo prazo | Satisfação com serviço do atual parceiro,0.0
006N400000aGd5ZIAS,001N4000008sImfIAE,Polígono,190069.44,2026-03-10,2026-04-01,2026-03-10 17:57:54,5,5,5,Oportunidade perdida,lost,22,0,4,0,0,19.0,Prospecção,0-250,C - Estruturação,600.0,Não prioritária,41.0,49.0,19.0,22.0,João Pessoa,PB,Censo Escolar 2021,Não segue orientação religiosa específica,,005N400000DevL3IAJ,R$ 500 a R$ 1.000,Sem Dados,Sistema Vortex,,1.0,3 - Não,,,1.0,2026-04-01,,0.0
006N400000aGk0dIAC,001N400000NlFgOIAV,Polígono,202732.0,2026-03-10,2026-05-25,2026-03-10 20:22:55,4,4,4,Oportunidade perdida,lost,76,0,3,0,0,21.0,Prospecção,250-500,C - Estruturação,575.0,Alta,165.0,44.0,0.0,45.0,Campo Grande,MS,Censo Escolar 2023,Não segue orientação religiosa específica,Colegio Almirante Tamandare Ltda,005N400000OGlrZIAT,R$ 500 a R$ 1.000,2027,Farias Brito,9.0,1.0,1 - Sim,3.0,Conexões 13/04 a 15/04 | Estudo de Geomarketing | Relatório Enem,2.0,2026-06-19,Satisfação com serviço do atual parceiro,0.0
006N400000aGnjDIAS,001N400000hIi6kIAC,Poliedro,353695.84,2026-03-10,2026-05-18,2026-03-10 18:25:34,4,4,4,Oportunidade perdida,lost,69,0,3,0,0,5.0,Prospecção,250-500,B - Aceleração,775.0,Média,172.0,136.0,55.0,88.0,Carangola,MG,Censo Escolar 2021,Católica,Associacao Civil Das Servas De Maria Do Brasil,005N40000035kTVIAY,R$ 500 a R$ 1.000,2026,Positivo,4.0,1.0,3 - Não,1.0,Inbound Poliedro 2026,1.0,2026-05-18,Satisfação com serviço do atual parceiro,0.0
006N400000aGtrsIAC,001N400000jgLWAIA2,Polígono,53448.79,2026-03-10,2026-08-05,2026-03-10 20:05:46,11,11,11,Enviado para a assinatura,open,148,1,9,0,0,0.0,Prospecção,0-250,Sem Clusterização Comercial em 2026,0.0,Não prioritária,0.0,50.0,40.0,0.0,Alexânia,GO,Fale Conosco,Não segue orientação religiosa específica,,005N400000PA8nVIAT,R$ 0 a R$ 500,2026,Material Próprio,13.0,1.0,1 - Sim,1.0,Inbound Polígono 2026,1.0,2026-08-05,,
006N400000aGzsPIAS,001N400000heakVIAQ,Polígono,58393.4,2026-03-10,2026-08-12,2026-03-10 18:24:06,10,10,10,Oportunidade perdida,lost,155,0,9,0,0,12.0,Prospecção,0-250,C - Estruturação,600.0,Não prioritária,13.0,0.0,0.0,56.0,Rio de Janeiro,RJ,Censo Escolar 2023,Não segue orientação religiosa específica,,005N400000Of55xIAB,R$ 2.500 a R$ 3.000,2026,Positivo,11.0,1.0,3 - Não,1.0,Inbound Poliedro 2026,1.0,2026-08-12,Perda automática por higienização,0.0
006N400000aHOm1IAG,0014v00002OwIU1AAN,Polígono,488961.0,2026-03-10,2026-06-12,2026-03-10 21:25:56,4,4,4,Oportunidade perdida,lost,94,0,3,0,0,29.0,Prospecção,500-750,A - Referência,800.0,Alta,246.0,380.0,0.0,104.0,Camboriú,SC,Censo Escolar 2019,Não segue orientação religiosa específica,,005N400000PJiOjIAL,R$ 1.500 a R$ 2.000,2028,Positivo,4.0,1.0,3 - Não,,,1.0,2026-06-12,Renovou com atual parceiro,0.0
006N400000aHPyAIAW,0014v00002oK9i1AAC,Polígono,565645.97,2026-03-10,2026-04-07,2026-03-10 21:03:00,5,5,5,Oportunidade perdida,lost,28,0,4,0,0,25.0,Prospecção,500-750,B - Aceleração,775.0,Alta,209.0,200.0,60.0,112.0,Palmares,PE,Censo Escolar 2021,Não segue orientação religiosa específica,,0056g0000034OkZAAU,R$ 0 a R$ 500,2026,SAE Digital,9.0,1.0,3 - Não,,,3.0,2026-05-15,Análise de Impacto de Escola Associada | Preço de venda abaixo do perfil do sistema de ensino,0.0
006N400000aHaX1IAK,001N400000EHcnBIAT,Poliedro,370298.65,2026-03-10,2026-05-21,2026-03-10 23:29:44,4,4,4,Oportunidade perdida,lost,72,0,3,0,0,34.0,,,,,,,,,,,,,,,,,,,,1.0,3 - Não,,,1.0,2026-05-21,Existe um contrato de longo prazo,0.0
006N400000aHdY5IAK,001N400000hf3FXIAY,Polígono,57746.6,2026-03-10,2026-05-07,2026-03-10 23:40:48,2,2,2,Oportunidade perdida,lost,58,0,1,0,0,58.0,Prospecção,0-250,C - Estruturação,525.0,Não prioritária,0.0,72.0,20.0,0.0,Ribeirão Preto,SP,Censo Escolar 2023,Não segue orientação religiosa específica,,005N400000Of3liIAB,R$ 1.000 a R$ 1.500,2028,Mackenzie,3.0,1.0,3 - Não,,,2.0,2026-05-07,Satisfação com serviço do atual parceiro,0.0
006N400000aHdrRIAS,001N400000hf3FXIAY,Conviver,17221.4,2026-03-10,2026-05-07,2026-03-10 23:44:35,3,3,3,Oportunidade perdida,lost,58,0,2,0,0,24.0,Prospecção,0-250,C - Estruturação,525.0,Não prioritária,0.0,72.0,20.0,0.0,Ribeirão Preto,SP,Censo Escolar 2023,Não segue orientação religiosa específica,,005N400000Of3liIAB,R$ 1.000 a R$ 1.500,2028,Mackenzie,3.0,1.0,3 - Não,,,2.0,2026-05-07,Satisfação com serviço do atual parceiro,0.0
006N400000aHobZIAS,001N400000AtbnbIAB,Poliedro,177999.02,2026-03-11,2026-05-13,2026-03-11 03:09:54,5,5,5,Oportunidade perdida,lost,63,0,4,0,0,47.0,Prospecção,Sem Dados,D - Capilaridade,475.0,Não prioritária,0.0,0.0,0.0,0.0,Viçosa do Ceará,CE,Censo Escolar 2019,Não segue orientação religiosa específica,,0056g00000468kkAAA,R$ 100 a R$ 500,2027,Formando Cidadãos,3.0,1.0,3 - Não,,,1.0,2026-05-13,Satisfação com serviço do atual parceiro,0.0
006N400000aI3qjIAC,001N400000AxezmIAB,Polígono,616504.46,2026-03-11,2026-03-23,2026-03-11 10:15:48,2,2,2,Oportunidade perdida,lost,12,0,1,0,0,12.0,Prospecção,750-1.000,B - Aceleração,700.0,Alta,289.0,392.0,94.0,89.0,Santo Estêvão,BA,Censo Escolar 2021,Não segue orientação religiosa específica,,005N400000DAcxOIAT,R$ 0 a R$ 500,2026,Livros Didáticos,1.0,1.0,3 - Não,,,1.0,2026-03-23,Satisfação com serviço do atual parceiro,0.0
006N400000aIB6jIAG,001N400000M8U7bIAF,Poliedro,248578.22,2026-03-11,2026-05-20,2026-03-11 10:58:42,3,3,3,Validação pedagógica,open,70,0,2,0,0,18.0,Prospecção,0-250,C - Estruturação,525.0,Média,69.0,112.0,26.0,19.0,São Paulo,SP,Censo Escolar 2021,Não segue orientação religiosa específica,,005N400000Dj7E2IAJ,R$ 1.500 a R$ 2.000,2027,Moderna Compartilha,6.0,1.0,3 - Não,,,2.0,2026-06-08,Escola não adota sistema de ensino,
006N400000aIOtaIAG,001N400000M8U7bIAF,Conviver,52995.45,2026-03-11,2026-06-08,2026-03-11 13:17:00,4,4,4,Oportunidade perdida,lost,89,0,3,0,0,19.0,Prospecção,0-250,C - Estruturação,525.0,Média,69.0,112.0,26.0,19.0,São Paulo,SP,Censo Escolar 2021,Não segue orientação religiosa específica,,005N400000Dj7E2IAJ,R$ 1.500 a R$ 2.000,2027,Moderna Compartilha,6.0,1.0,3 - Não,,,2.0,2026-06-08,Escola não adota sistema de ensino,0.0
006N400000aITV7IAO,001N400000CLmiiIAD,Poliedro,457572.84,2026-03-11,2026-06-17,2026-03-11 13:31:39,4,4,4,Proposta tabela,open,98,0,3,0,0,2.0,Prospecção,250-500,C - Estruturação,575.0,Alta,100.0,233.0,103.0,0.0,Colatina,ES,Censo Escolar 2021,Católica,Rede Passionista De Educação,005N400000HLGCrIAP,R$ 1.000 a R$ 1.500,2027,Moderna Compartilha,17.0,1.0,1 - Sim,3.0,Conexões 13/04 a 15/04 | Encontro de Lideranças Católicas | Estudo de Geomarketing,2.0,2026-06-19,,
006N400000aIffuIAC,001N400000CLmiiIAD,Conviver,179610.2,2026-03-11,2026-06-19,2026-03-11 13:36:33,4,4,4,Proposta tabela,open,100,0,3,0,0,28.0,Prospecção,250-500,C - Estruturação,575.0,Alta,100.0,233.0,103.0,0.0,Colatina,ES,Censo Escolar 2021,Católica,Rede Passionista De Educação,005N400000HLGCrIAP,R$ 1.000 a R$ 1.500,2027,Moderna Compartilha,17.0,1.0,1 - Sim,3.0,Conexões 13/04 a 15/04 | Encontro de Lideranças Católicas | Estudo de Geomarketing,2.0,2026-06-19,,
006N400000aK1rIIAS,0016g00000CJKP3AAP,Poliedro,414817.0,2026-03-11,2026-07-03,2026-03-11 21:12:17,3,3,3,Oportunidade perdida,lost,114,0,2,0,0,50.0,Prospecção,250-500,B - Aceleração,650.0,Alta,129.0,44.0,3.0,283.0,Florianópolis,SC,Censo Escolar 2019,Não segue orientação religiosa específica,,005N400000PJiOjIAL,R$ 2.000 a R$ 2.500,2027,SAS,3.0,1.0,3 - Não,1.0,Estudo de Geomarketing,1.0,2026-07-03,Satisfação com serviço do atual parceiro,0.0
006N400000aK5IFIA0,001N400000ivSb1IAE,Poliedro,174306.02,2026-03-12,2026-07-01,2026-03-12 00:05:17,6,6,6,Oportunidade perdida,lost,111,0,5,0,0,16.0,,,,,,,,,,,,,,,,,,,,1.0,2 - Agendado,2.0,Conexões 13/04 a 15/04 | Estudo de Geomarketing,1.0,2026-07-01,Satisfação com preço e serviço do atual parceiro,0.0
006N400000aK75SIAS,0014v00002NsdvBAAR,Conviver,30722.0,2026-03-11,2026-07-03,2026-03-11 21:27:57,2,2,2,Oportunidade perdida,lost,114,0,1,0,0,114.0,Prospecção,0-250,C - Estruturação,550.0,Não prioritária,30.0,55.0,6.0,0.0,Palhoça,SC,Fale Conosco,Não segue orientação religiosa específica,,005N400000PJiOjIAL,R$ 500 a R$ 1.000,2027,Fibonacci,2.0,1.0,3 - Não,,,1.0,2026-07-03,Satisfação com preço e serviço do atual parceiro,0.0
006N400000aKHxjIAG,0014v00002qhuwqAAA,Poliedro,48688.97,2026-03-12,2026-06-11,2026-03-12 02:51:43,4,4,4,Proposta tabela,open,91,0,3,0,0,48.0,Prospecção,250-500,B - Aceleração,675.0,Média,106.0,149.0,57.0,82.0,Guarapari,ES,Censo Escolar 2021,Não segue orientação religiosa específica,,0054v00000DvfXIAAZ,R$ 500 a R$ 1.000,2027,Pitágoras,5.0,1.0,3 - Não,,,1.0,2026-06-11,,
006N400000aKJ6dIAG,0014v00002ZiCeTAAV,Poliedro,108582.2,2026-03-12,2026-06-19,2026-03-12 00:14:51,6,6,6,Oportunidade perdida,lost,99,0,5,0,0,2.0,Prospecção,Sem Dados,D - Capilaridade,300.0,Não prioritária,0.0,0.0,0.0,0.0,Campo Grande,MS,Prospeccao_ativa,Não segue orientação religiosa específica,,005N400000OGlrZIAT,R$ 1.000 a R$ 1.500,2028,Livros Didáticos,6.0,1.0,3 - Não,1.0,Inbound Poliedro 2026,1.0,2026-06-19,Escola não adota sistema de ensino,0.0
006N400000aKK13IAG,0014v00002git3yAAA,Conviver,66779.24,2026-03-11,2026-07-06,2026-03-11 23:21:31,6,6,6,Oportunidade perdida,lost,117,0,5,0,0,17.0,Prospecção,250-500,B - Aceleração,700.0,Alta,124.0,154.0,40.0,103.0,Maceió,AL,Censo Escolar 2021,Católica,Rede Saviniana,0056g00000468kkAAA,R$ 500 a R$ 1.000,2026,Bernoulli,11.0,1.0,3 - Não,,,2.0,2026-07-06,Renovou com atual parceiro | Satisfação com serviço do atual parceiro,0.0
006N400000aKK4HIAW,001N400000NlDEFIA3,Polígono,155630.0,2026-03-11,2026-08-11,2026-03-11 23:22:34,4,4,4,Oportunidade perdida,lost,153,0,3,0,0,77.0,Prospecção,0-250,C - Estruturação,550.0,Não prioritária,101.0,0.0,0.0,52.0,Campo Grande,MS,Censo Escolar 2023,Não segue orientação religiosa específica,,005N400000OGlrZIAT,R$ 1.000 a R$ 1.500,2028,COC,12.0,1.0,3 - Não,,,2.0,2026-08-11,Satisfação com preço do atual parceiro,0.0
006N400000aKagvIAC,001N400000B4OIMIA3,Poliedro,198192.88,2026-03-12,2026-05-22,2026-03-12 03:49:01,4,4,4,Oportunidade perdida,lost,71,0,3,0,0,28.0,Prospecção,0-250,C - Estruturação,550.0,Alta,0.0,13.0,0.0,0.0,Guarapari,ES,Censo Escolar 2021,Não segue orientação religiosa específica,,0054v00000DvfXIAAZ,R$ 1.000 a R$ 1.500,2026,PH,5.0,1.0,3 - Não,1.0,Estudo de Geomarketing,1.0,2026-05-22,Satisfação com preço e serviço do atual parceiro,0.0
006N400000aKm3vIAC,0014v00002gjPZqAAM,Poliedro,168330.35,2026-03-12,2026-05-13,2026-03-12 11:33:13,4,4,4,Oportunidade perdida,lost,62,0,3,0,0,44.0,Prospecção,250-500,B - Aceleração,650.0,Média,147.0,156.0,45.0,105.0,Fortaleza,CE,Censo Escolar 2021,Católica,AEVSLM - Associação de Educação Vicentina Santa Luíza de Marillac,0056g00000468kkAAA,R$ 1.500 a R$ 2.000,2027,Material Próprio,3.0,1.0,3 - Não,,,2.0,2026-05-13,Satisfação com serviço do atual parceiro,0.0
006N400000aKpzRIAS,001N400000NlGI7IAN,Poliedro,275396.92,2026-03-12,2026-05-15,2026-03-12 12:55:02,3,3,3,Validação pedagógica,open,64,0,2,0,0,38.0,Prospecção,0-250,D - Capilaridade,425.0,Baixa,105.0,102.0,28.0,0.0,São Paulo,SP,Censo Escolar 2023,Católica,Rede Calvariana De Educação,005N400000HLGCrIAP,R$ 1.000 a R$ 1.500,2026,FTD,15.0,1.0,1 - Sim,3.0,Conexões 13/04 a 15/04 | Estudo de Geomarketing | Inbound Poliedro 2025,3.0,2026-05-15,,
006N400000aKyubIAC,0014v00002htZkjAAE,Poliedro,139793.5,2026-03-12,2026-06-23,2026-03-12 11:52:18,4,4,4,Oportunidade perdida,lost,103,0,3,0,0,0.0,Prospecção,250-500,B - Aceleração,700.0,Alta,83.0,128.0,28.0,102.0,Jaraguá do Sul,SC,Censo Escolar 2021,Não segue orientação religiosa específica,,005N400000PJiOjIAL,R$ 1.000 a R$ 1.500,2027,Arena das Emoções,4.0,1.0,3 - Não,2.0,Conexões 13/04 a 15/04 | Estudo de Geomarketing,2.0,2026-06-23,Satisfação com preço e serviço do atual parceiro,0.0
006N400000aL1NmIAK,001N400000BRbErIAL,Poliedro,458524.4,2026-03-12,2026-05-14,2026-03-12 11:37:51,3,3,3,Validação pedagógica,open,63,0,2,0,0,0.0,Prospecção,500-750,B - Aceleração,675.0,Média,233.0,246.0,38.0,0.0,Florianópolis,SC,Censo Escolar 2021,Não segue orientação religiosa específica,,005N400000PJiOjIAL,R$ 500 a R$ 1.000,2027,COC,2.0,1.0,3 - Não,1.0,Estudo de Geomarketing,1.0,2026-05-14,,
006N400000aLUGBIA4,001N400000NlLpkIAF,Poliedro,458083.4,2026-03-12,2026-05-02,2026-03-12 15:17:10,2,2,2,Oportunidade perdida,lost,51,0,1,0,0,51.0,Prospecção,250-500,Sem Clusterização Comercial em 2026,0.0,Não prioritária,159.0,155.0,42.0,56.0,São Paulo,SP,Censo Escolar 2023,Católica,Rede Agostiniana,0056g0000034OkkAAE,R$ 2.000 a R$ 2.500,2027,Santillana,1.0,1.0,3 - Não,1.0,Estudo de Geomarketing,1.0,2026-05-02,Pacote agressivo de benefícios do concorrente,0.0
006N400000aM1WzIAK,0014v00002ta6gEAAQ,Poliedro,1027714.22,2026-03-12,2026-07-07,2026-03-12 16:40:01,5,5,5,Proposta personalizada,open,117,0,4,0,0,21.0,Prospecção,750-1.000,B - Aceleração,650.0,Alta,248.0,422.0,62.0,178.0,São Paulo,SP,Censo Escolar 2021,Católica,Rede Missionárias Servas do Espírito Santo,0056g0000034OkkAAE,R$ 2.000 a R$ 2.500,2027,Livros Didáticos,18.0,1.0,3 - Não,1.0,Encontro de Lideranças Católicas,2.0,2026-07-07,,
006N400000aM4wHIAS,001N400000Az3RUIAZ,Poliedro,450000.0,2026-03-12,2026-07-29,2026-03-12 16:53:53,5,5,5,Proposta personalizada,open,139,0,4,0,0,41.0,Prospecção,250-500,B - Aceleração,700.0,Média,118.0,132.0,28.0,39.0,Belo Horizonte,MG,Censo Escolar 2021,Não segue orientação religiosa específica,,005N400000OGlMvIAL,R$ 500 a R$ 1.000,2026,Amplia,6.0,1.0,1 - Sim,1.0,Diálogos Belo Horizonte 2026-04-08,1.0,2026-07-29,,
006N400000aMI87IAG,001N400000heaPNIAY,Polígono,13655.4,2026-03-12,2026-05-07,2026-03-12 19:09:31,4,4,4,Oportunidade perdida,lost,56,0,3,0,0,20.0,Prospecção,0-250,D - Capilaridade,475.0,Não prioritária,0.0,0.0,17.0,0.0,Osasco,SP,Censo Escolar 2023,Não segue orientação religiosa específica,,005N400000OePRkIAN,R$ 500 a R$ 1.000,2027,Pitágoras,1.0,1.0,3 - Não,,,1.0,2026-05-07,Satisfação com serviço do atual parceiro,0.0
006N400000aMOGiIAO,0014v00002drHvcAAE,Polígono,415373.96,2026-03-12,2026-04-24,2026-03-12 19:01:37,3,3,3,Validação pedagógica,open,43,0,2,0,0,0.0,Prospecção,500-750,C - Estruturação,575.0,Alta,283.0,296.0,81.0,0.0,Aparecida de Goiânia,GO,Censo Escolar 2019,Evangélica,Assembleiana (Pentecostal),0056g0000034OkWAAU,R$ 0 a R$ 500,2027,Sucesso,2.0,1.0,3 - Não,,,1.0,2026-04-24,,
006N400000aMXS7IAO,001N400000NlGI7IAN,Conviver,68338.15,2026-03-12,2026-04-07,2026-03-12 20:03:49,3,3,3,Validação pedagógica,open,26,0,2,0,0,0.0,Prospecção,0-250,D - Capilaridade,425.0,Baixa,105.0,102.0,28.0,0.0,São Paulo,SP,Censo Escolar 2023,Católica,Rede Calvariana De Educação,005N400000HLGCrIAP,R$ 1.000 a R$ 1.500,2026,FTD,15.0,1.0,1 - Sim,3.0,Conexões 13/04 a 15/04 | Estudo de Geomarketing | Inbound Poliedro 2025,3.0,2026-05-15,,
006N400000aMnLVIA0,001N400000BBWF2IAP,Polígono,202228.5,2026-03-12,2026-06-19,2026-03-12 19:59:11,4,4,4,Oportunidade perdida,lost,99,0,3,0,0,28.0,Prospecção,250-500,B - Aceleração,650.0,Média,108.0,82.0,4.0,63.0,Campina Grande,PB,Censo Escolar 2021,Não segue orientação religiosa específica,,005N400000DevL3IAJ,R$ 500 a R$ 1.000,2027,Uno Educação,4.0,1.0,3 - Não,1.0,Relatório Enem,1.0,2026-06-19,Renovou com atual parceiro,0.0
006N400000aMwOnIAK,0016g00000MC4lwAAD,Conviver,154324.17,2026-03-12,2026-06-10,2026-03-12 20:53:59,3,3,3,Validação pedagógica,open,90,0,2,0,0,58.0,Prospecção,500-750,B - Aceleração,725.0,Alta,191.0,290.0,80.0,100.0,Marília,SP,Censo Escolar 2019,Evangélica,,005N400000HLGCrIAP,R$ 1.000 a R$ 1.500,2026,Bernoulli,10.0,1.0,3 - Não,2.0,Diálogos Bett Brasil 2026-05-07 | Estudo de Geomarketing,2.0,2026-06-10,Satisfação com serviço do atual parceiro,
006N400000aMyH2IAK,0014v00002vIojWAAS,Polígono,79392.4,2026-03-12,2026-08-12,2026-03-12 21:50:26,4,4,4,Oportunidade perdida,lost,153,0,3,0,0,82.0,Prospecção,0-250,D - Capilaridade,450.0,Alta,0.0,116.0,45.0,0.0,Ribeirão Preto,SP,Censo Escolar/Fale conosco,Não segue orientação religiosa específica,,005N400000Of3liIAB,R$ 500 a R$ 1.000,2026,FTD,3.0,1.0,3 - Não,,,1.0,2026-08-12,Pacote agressivo de benefícios do concorrente,0.0
006N400000aN4RCIA0,001N400000AHjW7IAL,Polígono,265155.14,2026-03-12,2026-04-17,2026-03-12 22:33:50,2,2,2,Oportunidade perdida,lost,36,0,1,0,0,36.0,Prospecção,250-500,B - Aceleração,775.0,Alta,142.0,108.0,44.0,78.0,Ribeirão,PE,Censo Escolar 2021,Não segue orientação religiosa específica,,0056g0000034OkZAAU,R$ 500 a R$ 1.000,2026,SAE Digital,2.0,1.0,3 - Não,,,1.0,2026-04-17,Perda automática por higienização,0.0
006N400000aN6BFIA0,001N400000heeRTIAY,Polígono,50857.7,2026-03-12,2026-05-28,2026-03-12 22:36:45,5,5,5,Proposta personalizada,open,77,0,4,0,0,0.0,Prospecção,0-250,C - Estruturação,600.0,Não prioritária,29.0,73.0,36.0,0.0,São Gonçalo,RJ,Censo Escolar 2023,Não segue orientação religiosa específica,,005N400000Of55xIAB,R$ 1.000 a R$ 1.500,2026,Amplia,6.0,1.0,3 - Não,1.0,Inbound Polígono 2026,1.0,2026-05-28,,
006N400000aN9CUIA0,0014v00002iQHFxAAO,Poliedro,399372.78,2026-03-13,2026-06-08,2026-03-13 01:02:28,4,4,4,Oportunidade perdida,lost,87,0,3,0,0,60.0,Prospecção,500-750,C - Estruturação,575.0,Alta,219.0,324.0,0.0,0.0,Fortaleza,CE,Censo Escolar 2021,Não segue orientação religiosa específica,,005N400000P9zIoIAJ,R$ 500 a R$ 1.000,2026,Amplia,3.0,1.0,3 - Não,1.0,Diálogos Fortaleza 2026-04-16,1.0,2026-06-08,Satisfação com preço do atual parceiro,0.0
006N400000aNHRfIAO,001N400000MzBOVIA3,Polígono,119560.32,2026-03-13,2026-08-13,2026-03-13 00:13:51,4,4,4,Proposta tabela,open,153,0,3,0,0,113.0,,,,,,,,,,,,,,,,,,,,1.0,3 - Não,,,1.0,2026-08-13,,
006N400000aNybXIAS,0014v00002oK9i1AAC,Conviver,125155.55,2026-03-13,2026-04-17,2026-03-13 11:41:46,2,2,2,Oportunidade perdida,lost,35,0,1,0,0,35.0,Prospecção,500-750,B - Aceleração,775.0,Alta,209.0,200.0,60.0,112.0,Palmares,PE,Censo Escolar 2021,Não segue orientação religiosa específica,,0056g0000034OkZAAU,R$ 0 a R$ 500,2026,SAE Digital,9.0,1.0,3 - Não,,,3.0,2026-05-15,Análise de Impacto de Escola Associada | Preço de venda abaixo do perfil do sistema de ensino,0.0
006N400000aO6kHIAS,001N400000BzU1GIAV,Polígono,94566.48,2026-03-13,2026-06-25,2026-03-13 11:21:28,3,3,3,Validação pedagógica,open,104,0,2,0,0,61.0,Prospecção,0-250,C - Estruturação,550.0,Média,0.0,130.0,31.0,0.0,Baturité,CE,Censo Escolar 2021,Não segue orientação religiosa específica,,005N400000DAk0TIAT,R$ 500 a R$ 1.000,2026,Livros Didáticos,4.0,1.0,3 - Não,,,1.0,2026-06-25,,
006N400000aOjnSIAS,001N400000DqVMpIAN,Polígono,180820.09,2026-03-13,2026-07-03,2026-03-13 16:13:25,7,7,7,Oportunidade perdida,lost,112,0,6,0,0,49.0,Prospecção,250-500,C - Estruturação,575.0,Alta,155.0,260.0,82.0,0.0,São Paulo,SP,Censo Escolar 2021,Não segue orientação religiosa específica,,005N40000035sinIAA,R$ 500 a R$ 1.000,2026,Uno Educação,21.0,1.0,1 - Sim,1.0,Imersão 2026-06-16,3.0,2026-07-03,Pacote agressivo de benefícios do concorrente,0.0
006N400000aOskBIAS,0014v00002qkMSGAA2,Poliedro,91036.0,2026-03-13,2026-04-10,2026-03-13 16:51:14,4,4,4,Proposta tabela,open,28,0,3,0,0,0.0,Prospecção,500-750,B - Aceleração,775.0,Alta,180.0,248.0,113.0,86.0,Rio Real,BA,Censo Escolar 2021,Não segue orientação religiosa específica,,005N400000Dew5pIAB,R$ 100 a R$ 500,2026,Bernoulli,10.0,1.0,1 - Sim,,,1.0,2026-04-10,,
006N400000aP2l3IAC,0014v00002OzuA9AAJ,Polígono,253232.0,2026-03-13,2026-05-11,2026-03-13 16:38:41,3,3,3,Validação pedagógica,open,59,0,2,0,0,6.0,Prospecção,0-250,C - Estruturação,550.0,Alta,0.0,0.0,0.0,0.0,Belo Horizonte,MG,Censo Escolar 2019,Não segue orientação religiosa específica,Servico De Apoio As Micro E Pequenas Empresas De Minas Gerais - Sebrae/Mg,0054v00000EkfjPAAR,R$ 1.000 a R$ 1.500,2026,FTD,11.0,1.0,1 - Sim,2.0,Diálogos Belo Horizonte 2026-04-08 | Inbound Poliedro 2026,1.0,2026-05-11,,
006N400000aP2miIAC,0014v00002u4GvPAAU,Conviver,46808.86,2026-03-13,2026-08-03,2026-03-13 17:23:29,4,4,4,Oportunidade perdida,lost,143,0,3,0,0,73.0,Prospecção,0-250,C - Estruturação,500.0,Baixa,0.0,0.0,0.0,49.0,Bebedouro,SP,Censo Escolar 2021,Não segue orientação religiosa específica,,005N400000P4NcLIAV,R$ 500 a R$ 1.000,2030,Objetivo,1.0,1.0,3 - Não,,,1.0,2026-08-03,Escola não adota sistema de ensino,0.0
006N400000aP91qIAC,001N400000KIBJQIA5,Polígono,233688.74,2026-03-13,2026-03-24,2026-03-13 18:37:56,2,2,2,Oportunidade perdida,lost,11,0,1,0,0,11.0,Prospecção,250-500,D - Capilaridade,475.0,Alta,153.0,143.0,33.0,78.0,Campina Grande,PB,Censo Escolar 2021,Não segue orientação religiosa específica,,005N400000DevL3IAJ,R$ 500 a R$ 1.000,2026,Ético,3.0,1.0,3 - Não,,,2.0,2026-03-07,Preço de venda abaixo do perfil do sistema de ensino | Satisfação com serviço do atual parceiro,0.0
006N400000aPQHFIA4,001N400000AbpFVIAZ,Polígono,128050.0,2026-03-13,2026-06-26,2026-03-13 19:55:45,4,4,4,Oportunidade perdida,lost,105,0,3,0,0,35.0,Prospecção,0-250,C - Estruturação,600.0,Alta,0.0,0.0,44.0,0.0,Três Corações,MG,Censo Escolar 2021,Não segue orientação religiosa específica,Cooperativa De Ensino E Cultura De Tres Coracoes - Coopec-Tc,005N400000Of3liIAB,R$ 1.500 a R$ 2.000,2026,SAS,4.0,1.0,3 - Não,1.0,Diálogos Bett Brasil 2026-05-07,2.0,2026-06-26,Existe um contrato de longo prazo,0.0
006N400000aPTYOIA4,0016g00000KMocZAAT,Polígono,0.0,2026-03-13,2026-03-13,2026-03-13 18:50:07,1,1,1,Solicitação de material,open,0,0,0,0,0,,Prospecção,500-750,A - Referência,800.0,Alta,243.0,242.0,89.0,105.0,Currais Novos,RN,Censo Escolar 2019,Não segue orientação religiosa específica,,005N400000DevL3IAJ,R$ 500 a R$ 1.000,2026,SAE Digital,2.0,1.0,3 - Não,2.0,Estudo de Geomarketing | Inbound Poliedro 2025,2.0,2026-04-24,Escola parou de responder,
006N400000aPg2YIAS,001N400000AbpFVIAZ,Poliedro,705897.5,2026-03-13,2026-06-23,2026-03-13 20:05:21,5,5,5,Proposta personalizada,open,102,0,4,0,0,0.0,Prospecção,0-250,C - Estruturação,600.0,Alta,0.0,0.0,44.0,0.0,Três Corações,MG,Censo Escolar 2021,Não segue orientação religiosa específica,Cooperativa De Ensino E Cultura De Tres Coracoes - Coopec-Tc,005N400000Of3liIAB,R$ 1.500 a R$ 2.000,2026,SAS,4.0,1.0,3 - Não,1.0,Diálogos Bett Brasil 2026-05-07,2.0,2026-06-26,Existe um contrato de longo prazo,
006N400000aRVRBIA4,001N400000CjQh1IAF,Poliedro,902206.7,2026-03-14,2026-05-13,2026-03-14 18:08:28,3,3,3,Validação pedagógica,open,60,0,2,0,0,16.0,Prospecção,500-750,A - Referência,875.0,Alta,243.0,235.0,97.0,0.0,Alfenas,MG,Censo Escolar 2021,Católica,INSSC - Rede Sagrado Coração,005N40000035kTVIAY,R$ 1.000 a R$ 1.500,2027,Positivo,6.0,1.0,1 - Sim,2.0,Imersão 2026-06-25 - Poliedro (CEV) | Relatório Enem,1.0,2026-05-13,,
006N400000aSMvPIAW,001N400000NlBtRIAV,Polígono,158454.26,2026-03-15,2026-06-01,2026-03-15 19:46:57,4,4,4,Oportunidade perdida,lost,78,0,3,0,0,38.0,Prospecção,250-500,C - Estruturação,600.0,Média,68.0,154.0,49.0,0.0,Rio Verde,GO,Censo Escolar 2023,Evangélica,Rede Não Localizada,0056g0000034OkWAAU,R$ 500 a R$ 1.000,2026,SAE Digital,2.0,1.0,3 - Não,,,1.0,2026-06-01,Satisfação com serviço do atual parceiro,0.0
006N400000aTqEjIAK,0016g00000BIRYKAA5,Poliedro,738452.31,2026-03-15,2026-07-07,2026-03-15 20:40:04,4,4,4,Proposta tabela,open,114,0,3,0,0,53.0,,,,,,,,,,,,,,,,,,,,1.0,1 - Sim,2.0,Estudo de Geomarketing | Inbound Poliedro 2025,1.0,2026-07-07,,
006N400000aTtSoIAK,0014v00002ht9m7AAA,Poliedro,502200.78,2026-03-15,2026-03-15,2026-03-15 21:43:44,2,2,2,Oportunidade perdida,lost,0,0,1,0,0,0.0,Prospecção,250-500,A - Referência,825.0,Alta,147.0,161.0,54.0,54.0,Francisco Beltrão,PR,Censo Escolar 2021,Não segue orientação religiosa específica,,005N400000CUSPxIAP,R$ 1.500 a R$ 2.000,2028,Anglo,1.0,1.0,3 - Não,,,1.0,2026-03-15,Satisfação com serviço do atual parceiro,0.0
006N400000aUtFJIA0,0014v00002NBhwZAAT,Poliedro,422437.19,2026-03-16,2026-04-24,2026-03-16 12:26:28,4,4,4,Oportunidade perdida,lost,39,0,3,0,0,0.0,Prospecção,250-500,B - Aceleração,700.0,Alta,140.0,102.0,36.0,23.0,São Luís de Montes Belos,GO,Censo Escolar 2019,Católica,Rede Não Localizada,0056g0000034OkWAAU,R$ 500 a R$ 1.000,2026,Farias Brito,2.0,1.0,3 - Não,1.0,Relatório Enem,1.0,2026-04-24,Satisfação com serviço do atual parceiro,0.0
006N400000aVvzlIAC,001N400000NlDDnIAN,Poliedro,729469.96,2026-03-16,2026-05-12,2026-03-16 12:39:21,3,3,3,Validação pedagógica,open,57,0,2,0,0,0.0,Prospecção,750-1.000,C - Estruturação,625.0,Alta,276.0,291.0,72.0,180.0,Maringá,PR,Censo Escolar 2023,Não segue orientação religiosa específica,,005N400000Q8sVmIAJ,R$ 500 a R$ 1.000,2028,Amplia,1.0,1.0,3 - Não,1.0,Inbound Poliedro 2025,1.0,2026-05-12,,
006N400000aXPXgIAO,001N400000MiCYjIAN,Poliedro,455000.0,2026-03-16,2026-06-18,2026-03-16 18:39:50,5,5,5,Oportunidade perdida,lost,94,0,4,0,0,34.0,Prospecção,250-500,D - Capilaridade,475.0,Média,108.0,156.0,53.0,0.0,Fortaleza,CE,Censo Escolar 2021,,,005N400000P9zIoIAJ,Sem informação,Sem Dados,Sem Dados,6.0,1.0,3 - Não,,,2.0,2026-06-18,Análise de Impacto de Escola Associada,0.0
006N400000aXW7hIAG,001N400000Nl8SeIAJ,Polígono,137139.0,2026-03-16,2026-05-28,2026-03-16 18:39:33,3,3,3,Validação pedagógica,open,73,0,2,0,0,28.0,Prospecção,0-250,C - Estruturação,625.0,Média,0.0,125.0,87.0,0.0,Barbacena,MG,Censo Escolar 2023,Não segue orientação religiosa específica,Escola Miro S/S Ltda,005N400000OGlMvIAL,R$ 1.000 a R$ 1.500,2026,FTD,1.0,1.0,3 - Não,,,1.0,2026-05-28,,
006N400000aY0DqIAK,0016g00000BIRYNAA5,Poliedro,295245.44,2026-03-16,2026-06-16,2026-03-16 18:00:46,4,4,4,Oportunidade perdida,lost,92,0,3,0,0,32.0,,,,,,,,,,,,,,,,,,,,1.0,3 - Não,,,1.0,2026-06-16,Análise de Impacto de Escola Associada,0.0
006N400000aYF9cIAG,0016g00000BIRXCAA5,Conviver,0.0,2026-03-16,2026-03-16,2026-03-16 18:14:03,1,1,1,Solicitação de material,open,0,0,0,0,0,,,,,,,,,,,,,,,,,,,,,1.0,3 - Não,,,1.0,2026-03-16,,
006N400000aZ2mzIAC,001N400000NlF4qIAF,Poliedro,583441.47,2026-03-16,2026-06-15,2026-03-16 18:44:27,4,4,4,Oportunidade perdida,lost,91,0,3,0,0,31.0,,,,,,,,,,,,,,,,,,,,1.0,3 - Não,1.0,Estudo de Geomarketing,1.0,2026-06-15,Satisfação com serviço do atual parceiro,0.0
006N400000aa8YcIAI,001N400000Mk0jXIAR,Polígono,670685.6,2026-03-16,2026-06-11,2026-03-16 22:11:55,4,4,4,Oportunidade perdida,lost,87,0,3,0,0,24.0,,,,,,,,,,,,,,,,,,,,1.0,3 - Não,,,1.0,2026-06-11,Renovou com atual parceiro,0.0
006N400000acVuAIAU,0014v00002oLW1AAAW,Poliedro,1572765.18,2026-03-17,2026-05-23,2026-03-17 13:57:43,4,4,4,Oportunidade perdida,lost,67,0,3,0,0,31.0,Prospecção,Acima de 1.000,C - Estruturação,625.0,Alta,409.0,397.0,65.0,293.0,São Paulo,SP,Censo Escolar 2021,Não segue orientação religiosa específica,,005N400000Dj7E2IAJ,R$ 1.000 a R$ 1.500,2029,Geekie One,17.0,1.0,3 - Não,3.0,Conexões 13/04 a 15/04 | Diálogos GEduc 2026-03-26 | Estudo de Geomarketing,3.0,2026-07-30,Escola não adota sistema de ensino | Existe um contrato de longo prazo,0.0
006N400000acdjaIAA,0014v00002htZkjAAE,Polígono,170476.8,2026-03-17,2026-06-23,2026-03-17 13:44:06,4,4,4,Oportunidade perdida,lost,98,0,3,0,0,0.0,Prospecção,250-500,B - Aceleração,700.0,Alta,83.0,128.0,28.0,102.0,Jaraguá do Sul,SC,Censo Escolar 2021,Não segue orientação religiosa específica,,005N400000PJiOjIAL,R$ 1.000 a R$ 1.500,2027,Arena das Emoções,4.0,1.0,3 - Não,2.0,Conexões 13/04 a 15/04 | Estudo de Geomarketing,2.0,2026-06-23,Satisfação com preço e serviço do atual parceiro,0.0
006N400000acpcfIAA,0014v00002SKwkZAAT,Polígono,227391.0,2026-03-17,2026-05-05,2026-03-17 13:52:28,2,2,2,Oportunidade perdida,lost,49,0,1,0,0,49.0,Prospecção,750-1.000,B - Aceleração,750.0,Alta,319.0,396.0,70.0,111.0,Florianópolis,SC,Censo Escolar 2019,Não segue orientação religiosa específica,,005N400000PJiOjIAL,R$ 1.000 a R$ 1.500,Sem Dados,SAS,4.0,1.0,3 - Não,2.0,Conexões 13/04 a 15/04 | Estudo de Geomarketing,2.0,2026-05-05,Pacote agressivo de benefícios do concorrente | Perda automática por higienização,0.0
006N400000adBa3IAE,001N400000IJhN3IAL,Polígono,47793.9,2026-03-17,2026-05-29,2026-03-17 16:16:43,4,4,4,Oportunidade perdida,lost,73,0,3,0,0,15.0,Prospecção,0-250,D - Capilaridade,450.0,Não prioritária,0.0,0.0,23.0,0.0,São Paulo,SP,Censo Escolar/Fale conosco,Não segue orientação religiosa específica,,005N40000035sinIAA,R$ 2.500 a R$ 3.000,2026,Material Próprio,4.0,1.0,3 - Não,,,1.0,2026-05-29,Satisfação com serviço do atual parceiro,0.0
006N400000aeq6RIAQ,0014v00002qkGqvAAE,Poliedro,483086.0,2026-03-17,2026-05-29,2026-03-17 18:46:27,3,3,3,Oportunidade perdida,lost,73,0,2,0,0,52.0,Prospecção,250-500,C - Estruturação,600.0,Média,86.0,220.0,69.0,0.0,São Paulo,SP,Censo Escolar/Fale conosco,Não segue orientação religiosa específica,,005N40000035sinIAA,R$ 500 a R$ 1.000,2026,Farias Brito,1.0,1.0,3 - Não,,,1.0,2026-05-29,Satisfação com serviço do atual parceiro,0.0
006N400000aezxhIAA,001N400000NlM28IAF,Polígono,236037.62,2026-03-17,2026-07-06,2026-03-17 18:41:43,3,3,3,Validação pedagógica,open,111,0,2,0,0,52.0,Prospecção,0-250,D - Capilaridade,375.0,Alta,82.0,93.0,0.0,41.0,Santo André,SP,Censo Escolar 2023,Não segue orientação religiosa específica,,005N40000035sinIAA,R$ 1.000 a R$ 1.500,2027,FTD,9.0,1.0,3 - Não,,,1.0,2026-07-06,,
006N400000af6MUIAY,001N400000BFVYEIA5,Poliedro,222723.54,2026-03-17,2026-05-20,2026-03-17 18:58:29,6,6,6,Negociação e ajuste financeiro,open,64,0,5,0,0,0.0,Prospecção,0-250,B - Aceleração,675.0,Média,0.0,171.0,67.0,0.0,Porto Seguro,BA,Censo Escolar 2021,Não segue orientação religiosa específica,,005N400000Dew5pIAB,R$ 1.000 a R$ 1.500,2026,Positivo,18.0,1.0,1 - Sim,,,1.0,2026-05-20,,
006N400000afdn4IAA,001N400000OB1h3IAD,Polígono,179277.34,2026-03-17,2026-05-29,2026-03-17 21:00:52,3,3,3,Oportunidade perdida,lost,73,0,2,0,0,51.0,Prospecção,0-250,C - Estruturação,625.0,Não prioritária,69.0,76.0,18.0,0.0,Santo André,SP,Censo Escolar 2023,Não segue orientação religiosa específica,,005N40000035sinIAA,R$ 500 a R$ 1.000,2026,OPEE,13.0,1.0,3 - Não,,,2.0,2026-08-07,Existe um contrato de longo prazo,0.0
006N400000ag5jNIAQ,001N400000B4LqpIAF,Poliedro,369275.57,2026-03-18,2026-08-07,2026-03-18 02:13:23,5,5,5,Proposta personalizada,open,142,0,4,0,0,52.0,Prospecção,250-500,B - Aceleração,675.0,Alta,71.0,115.0,41.0,52.0,Rio de Janeiro,RJ,Censo Escolar 2021,Católica,,005N400000CUSPxIAP,R$ 1.500 a R$ 2.000,2026,SAS,8.0,1.0,1 - Sim,3.0,Conexões 13/04 a 15/04 | Estudo de Geomarketing | Relatório Enem,1.0,2026-08-07,,
006N400000ag95QIAQ,001N400000HXVrJIAX,Poliedro,313343.4,2026-03-18,2026-06-01,2026-03-18 01:51:20,4,4,4,Oportunidade perdida,lost,75,0,3,0,0,26.0,Prospecção,0-250,B - Aceleração,650.0,Alta,0.0,105.0,145.0,0.0,Fortaleza,CE,Censo Escolar 2021,Não segue orientação religiosa específica,,005N400000P9zIoIAJ,R$ 2.500 a R$ 3.000,2027,Livros Didáticos,4.0,1.0,3 - Não,,,2.0,2026-06-01,Escola não adota sistema de ensino,0.0
006N400000agBbrIAE,001N400000GhJnnIAF,Conviver,51760.41,2026-03-18,2026-08-10,2026-03-18 01:04:35,5,5,5,Proposta personalizada,open,145,0,4,0,0,56.0,Prospecção,250-500,B - Aceleração,750.0,Média,84.0,112.0,24.0,46.0,Rio de Janeiro,RJ,Censo Escolar 2021,Católica,Congregação de São João Batista,005N400000CUSPxIAP,R$ 2.000 a R$ 2.500,2027,Líder em mim,18.0,1.0,3 - Não,,,2.0,2026-08-10,Satisfação com serviço do atual parceiro,
006N400000agunRIAQ,001N400000JSzf9IAD,Polígono,154367.6,2026-03-18,2026-07-22,2026-03-18 11:09:02,4,4,4,Oportunidade perdida,lost,126,0,3,0,0,72.0,Prospecção,250-500,C - Estruturação,550.0,Média,0.0,215.0,80.0,0.0,Belo Horizonte,MG,Censo Escolar 2021,Não segue orientação religiosa específica,,0054v00000EkfjPAAR,R$ 1.000 a R$ 1.500,2027,Livros Didáticos,4.0,1.0,1 - Sim,,,1.0,2026-07-22,Satisfação com serviço do atual parceiro,0.0
006N400000ah51LIAQ,001N400000m4PHBIA2,Polígono,225102.91,2026-03-18,2026-03-18,2026-03-18 11:46:01,13,13,13,Contrato Ativo,open,0,1,11,0,0,0.0,,,,,,,,,,,,,,,,,,,,1.0,3 - Não,,,2.0,2026-08-13,,
006N400000ahMLVIA2,001N400000heocCIAQ,Polígono,511948.2,2026-03-18,2026-06-08,2026-03-18 12:05:36,4,4,4,Oportunidade perdida,lost,82,0,3,0,0,46.0,Prospecção,750-1.000,B - Aceleração,675.0,Alta,375.0,343.0,87.0,175.0,Marília,SP,Censo Escolar 2023,Não segue orientação religiosa específica,,005N400000Dj7E2IAJ,R$ 1.500 a R$ 2.000,2028,Geekie One,3.0,1.0,3 - Não,,,3.0,2026-08-03,Escola não adota sistema de ensino | Existe um contrato de longo prazo,0.0
006N400000ahZDtIAM,001N400000heocCIAQ,Conviver,209292.35,2026-03-18,2026-06-08,2026-03-18 12:28:32,4,4,4,Oportunidade perdida,lost,82,0,3,0,0,19.0,Prospecção,750-1.000,B - Aceleração,675.0,Alta,375.0,343.0,87.0,175.0,Marília,SP,Censo Escolar 2023,Não segue orientação religiosa específica,,005N400000Dj7E2IAJ,R$ 1.500 a R$ 2.000,2028,Geekie One,3.0,1.0,3 - Não,,,3.0,2026-08-03,Escola não adota sistema de ensino | Existe um contrato de longo prazo,0.0
006N400000ahlTbIAI,0014v00002qh3nyAAA,Polígono,0.0,2026-03-18,2026-03-18,2026-03-18 13:35:52,2,2,2,Oportunidade perdida,lost,0,0,1,0,0,0.0,Prospecção,250-500,B - Aceleração,700.0,Alta,91.0,136.0,47.0,0.0,Campo Bom,RS,Censo Escolar 2021,Não segue orientação religiosa específica,,005N400000OGlrZIAT,R$ 500 a R$ 1.000,2027,Livros Didáticos,2.0,1.0,3 - Não,,,1.0,2026-03-18,Escola não adota sistema de ensino,0.0
006N400000aiDmPIAU,001N400000NlDEBIA3,Polígono,62356.56,2026-03-18,2026-05-04,2026-03-18 13:46:14,3,3,3,Validação pedagógica,open,47,0,2,0,0,0.0,Prospecção,500-750,B - Aceleração,700.0,Alta,167.0,326.0,9.0,58.0,Porto Alegre,RS,Censo Escolar 2023,Não segue orientação religiosa específica,,005N400000OGlrZIAT,R$ 500 a R$ 1.000,2028,SAE Digital,6.0,1.0,3 - Não,2.0,Estudo de Geomarketing | Relatório Enem,2.0,2026-08-11,Escola parou de responder,
006N400000aiRe9IAE,0016g00000BIRbuAAH,Conviver,0.0,2026-03-18,2026-07-08,2026-03-18 14:25:34,2,2,2,Oportunidade perdida,lost,112,0,1,0,0,112.0,,,,,,,,,,,,,,,,,,,,1.0,1 - Sim,,,1.0,2026-07-08,Renovou com atual parceiro,0.0
006N400000aiWQtIAM,0014v00002NCZs5AAH,Polígono,71467.84,2026-03-18,2026-06-25,2026-03-18 14:33:16,4,4,4,Oportunidade perdida,lost,99,0,3,0,0,28.0,Prospecção,0-250,C - Estruturação,500.0,Baixa,0.0,109.0,42.0,0.0,Barbacena,MG,Censo Escolar 2019,Não segue orientação religiosa específica,,005N400000OGlMvIAL,R$ 1.000 a R$ 1.500,2026,Compartilha,3.0,1.0,3 - Não,,,1.0,2026-06-25,Renovou com atual parceiro,0.0
006N400000ajbZoIAI,001N400000BKHzHIAX,Poliedro,142335.2,2026-03-18,2026-05-06,2026-03-18 18:32:10,3,3,3,Validação pedagógica,open,49,0,2,0,0,7.0,Prospecção,250-500,C - Estruturação,625.0,Média,80.0,104.0,41.0,29.0,Ipu,CE,Censo Escolar 2021,Não segue orientação religiosa específica,,005N400000P9zIoIAJ,R$ 500 a R$ 1.000,2027,SAS,1.0,1.0,3 - Não,,,1.0,2026-05-06,,
006N400000ajyrJIAQ,001N400000B70wHIAR,Polígono,197847.88,2026-03-18,2026-07-28,2026-03-18 17:30:03,13,13,13,Contrato assinado,won,132,2,10,0,0,0.0,Prospecção,Acima de 1.000,B - Aceleração,725.0,Alta,326.0,399.0,126.0,164.0,Taboão da Serra,SP,Censo Escolar/Fale conosco,Não segue orientação religiosa específica,,005N400000P4NcLIAV,R$ 1.000 a R$ 1.500,2026,PH,16.0,1.0,1 - Sim,4.0,Conexões 13/04 a 15/04 | Estudo de Geomarketing | Inbound Poliedro 2025 | Relatório Enem,2.0,2026-07-28,,1.0
006N400000ak5PqIAI,001N400000m9EOJIA2,Polígono,585188.56,2026-03-18,2026-07-29,2026-03-18 18:58:05,6,6,6,Oportunidade perdida,lost,133,0,5,0,0,91.0,,,,,,,,,,,,,,,,,,,,1.0,1 - Sim,1.0,Imersão 2026-05-19,1.0,2026-07-29,Escola parou de responder,0.0
006N400000akSkeIAE,001N400000B6vtLIAR,Polígono,135262.06,2026-03-18,2026-07-17,2026-03-18 20:14:32,4,4,4,Oportunidade perdida,lost,121,0,3,0,0,84.0,Prospecção,0-250,C - Estruturação,525.0,Não prioritária,0.0,165.0,54.0,0.0,Eunápolis,BA,Censo Escolar 2021,Não segue orientação religiosa específica,,005N400000Dew5pIAB,R$ 100 a R$ 500,2026,Amplia,9.0,1.0,1 - Sim,,,1.0,2026-07-17,Satisfação com serviço do atual parceiro,0.0
006N400000akTYaIAM,001N400000JvtCwIAJ,Poliedro,420198.02,2026-03-18,2026-05-08,2026-03-18 20:39:13,2,2,2,Oportunidade perdida,lost,51,0,1,0,0,51.0,Prospecção,250-500,D - Capilaridade,475.0,Média,123.0,190.0,54.0,0.0,Taboão da Serra,SP,Censo Escolar 2021,Não segue orientação religiosa específica,,005N400000P4NcLIAV,R$ 500 a R$ 1.000,2028,Mackenzie,1.0,1.0,3 - Não,,,1.0,2026-05-08,Existe um contrato de longo prazo,0.0
006N400000akoZoIAI,001N400000Cz6chIAB,Polígono,197720.84,2026-03-18,2026-07-24,2026-03-18 20:49:23,4,4,4,Oportunidade perdida,lost,128,0,3,0,0,63.0,Prospecção,250-500,C - Estruturação,600.0,Média,0.0,238.0,81.0,0.0,Eunápolis,BA,Censo Escolar 2021,,,005N400000Dew5pIAB,Sem informação,Sem Dados,Positivo,7.0,1.0,3 - Não,,,1.0,2026-07-24,Escola parou de responder,0.0
006N400000alRZYIA2,0014v00002UkfJmAAJ,Polígono,86065.18,2026-03-19,2026-06-01,2026-03-19 03:16:57,4,4,4,Oportunidade perdida,lost,74,0,3,0,0,26.0,Prospecção,0-250,B - Aceleração,650.0,Alta,97.0,93.0,40.0,0.0,São Benedito,CE,Censo Escolar 2019,Não segue orientação religiosa específica,,005N400000P9zIoIAJ,R$ 500 a R$ 1.000,2027,Farias Brito,5.0,1.0,3 - Não,,,1.0,2026-06-01,Satisfação com serviço do atual parceiro,0.0
006N400000alajFIAQ,0014v00002OwvbjAAB,Polígono,79000.0,2026-03-19,2026-07-31,2026-03-19 03:40:18,6,6,6,Oportunidade perdida,lost,134,0,5,0,0,45.0,Prospecção,250-500,B - Aceleração,750.0,Não prioritária,124.0,153.0,67.0,81.0,Ubajara,CE,Censo Escolar 2019,Não segue orientação religiosa específica,,005N400000P9zIoIAJ,R$ 100 a R$ 500,2027,Editora Construir,9.0,1.0,3 - Não,,,1.0,2026-07-31,Pacote agressivo de benefícios do concorrente,0.0
006N400000andulIAA,001N400000hf21TIAQ,Polígono,67201.0,2026-03-19,2026-05-15,2026-03-19 14:12:24,4,4,4,Oportunidade perdida,lost,57,0,3,0,0,1.0,Prospecção,0-250,C - Estruturação,500.0,Média,38.0,21.0,0.0,0.0,Ribeirão Preto,SP,Censo Escolar 2023,Não segue orientação religiosa específica,,005N400000Of3liIAB,R$ 1.000 a R$ 1.500,2026,Maxi,4.0,1.0,3 - Não,,,1.0,2026-05-15,Satisfação com serviço do atual parceiro,0.0
006N400000ao4uvIAA,0014v00002htoCiAAI,Polígono,109476.4,2026-03-19,2026-05-22,2026-03-19 14:39:16,3,3,3,Validação pedagógica,open,64,0,2,0,0,0.0,Prospecção,0-250,D - Capilaridade,450.0,Não prioritária,0.0,121.0,0.0,0.0,Ribeirão Preto,SP,Censo Escolar 2021,Não segue orientação religiosa específica,,005N400000Of3liIAB,R$ 1.000 a R$ 1.500,2026,Trilhas,5.0,1.0,3 - Não,,,1.0,2026-05-22,,
006N400000aoQyhIAE,0014v00002fAzxBAAS,Polígono,450810.47,2026-03-19,2026-05-15,2026-03-19 16:41:37,5,5,5,Proposta personalizada,open,57,0,4,0,0,36.0,Prospecção,500-750,B - Aceleração,775.0,Alta,205.0,236.0,61.0,83.0,São Luís,MA,Censo Escolar 2019,Não segue orientação religiosa específica,,0054v00000DjxE1AAJ,R$ 0 a R$ 500,2027,FTD,19.0,1.0,1 - Sim,2.0,Imersão 2026-05-19 | Relatório Enem,1.0,2026-05-15,,
006N400000ap0KcIAI,0014v00002lYdciAAC,Polígono,210112.72,2026-03-19,2026-06-26,2026-03-19 17:43:40,4,4,4,Oportunidade perdida,lost,99,0,3,0,0,49.0,Prospecção,250-500,B - Aceleração,675.0,Baixa,115.0,107.0,19.0,90.0,Osasco,SP,Censo Escolar/Fale conosco,Não segue orientação religiosa específica,,005N400000OePRkIAN,R$ 500 a R$ 1.000,2029,FTD,1.0,1.0,3 - Não,1.0,Inbound Poliedro 2026,1.0,2026-06-26,,0.0
006N400000apCbxIAE,001N400000JncNoIAJ,Polígono,201994.06,2026-03-19,2026-06-17,2026-03-19 17:30:20,4,4,4,Oportunidade perdida,lost,90,0,3,0,0,71.0,Prospecção,250-500,C - Estruturação,575.0,Alta,91.0,192.0,40.0,0.0,Curitiba,PR,Censo Escolar 2021,Católica,Associacao Das Irmas Teatinas Da Imacula Conceicao,005N40000035kTVIAY,R$ 500 a R$ 1.000,2026,SAE Digital,7.0,1.0,3 - Não,,,1.0,2026-06-17,Existe um contrato de longo prazo,0.0
006N400000apHuyIAE,001N400000hejTxIAI,Polígono,31999.1,2026-03-19,2026-08-06,2026-03-19 18:45:52,4,4,4,Oportunidade perdida,lost,140,0,3,0,0,69.0,Prospecção,0-250,D - Capilaridade,450.0,Não prioritária,0.0,31.0,14.0,0.0,São Pedro do Ivaí,PR,Censo Escolar 2023,Não segue orientação religiosa específica,,005N400000OeNBQIA3,R$ 500 a R$ 1.000,2026,FTD,6.0,1.0,3 - Não,1.0,Inbound Poliedro 2026,1.0,2026-08-06,,0.0
006N400000apYNwIAM,001N400000NlM0uIAF,Polígono,291422.6,2026-03-19,2026-05-29,2026-03-19 17:58:19,4,4,4,Oportunidade perdida,lost,71,0,3,0,0,22.0,Prospecção,250-500,C - Estruturação,575.0,Média,95.0,125.0,36.0,51.0,São Paulo,SP,Censo Escolar 2023,Não segue orientação religiosa específica,,005N400000OePRkIAN,R$ 1.000 a R$ 1.500,2027,Objetivo,2.0,1.0,3 - Não,,,1.0,2026-05-29,Satisfação com serviço do atual parceiro,0.0
006N400000apwQMIAY,0014v00002rqJlRAAU,Poliedro,390538.36,2026-03-19,2026-06-18,2026-03-19 20:16:58,4,4,4,Oportunidade perdida,lost,91,0,3,0,0,38.0,Prospecção,500-750,B - Aceleração,675.0,Alta,178.0,234.0,36.0,90.0,Belo Horizonte,MG,Censo Escolar 2021,,,0054v00000EkfjPAAR,R$ 2.500 a R$ 3.000,2027,Livros Didáticos,3.0,1.0,3 - Não,1.0,Diálogos Belo Horizonte 2026-04-08,1.0,2026-06-18,Satisfação com serviço do atual parceiro,0.0
006N400000aq1ONIAY,001N400000NlM0MIAV,Poliedro,1222649.7,2026-03-19,2026-07-29,2026-03-19 21:42:46,4,4,4,Oportunidade perdida,lost,132,0,3,0,0,70.0,Prospecção,Acima de 1.000,A - Referência,850.0,Alta,375.0,394.0,64.0,224.0,São Paulo,SP,Censo Escolar 2023,Não segue orientação religiosa específica,,005N400000Dj7E2IAJ,R$ 3.000 ou mais,2026,Livros Didáticos,7.0,1.0,3 - Não,2.0,Conexões 13/04 a 15/04 | Estudo de Geomarketing,2.0,2026-07-29,Análise de Impacto de Escola Associada,0.0
006N400000aqVMQIA2,001N400000NlM0MIAV,Conviver,216180.91,2026-03-19,2026-07-29,2026-03-19 22:18:24,4,4,4,Oportunidade perdida,lost,132,0,3,0,0,70.0,Prospecção,Acima de 1.000,A - Referência,850.0,Alta,375.0,394.0,64.0,224.0,São Paulo,SP,Censo Escolar 2023,Não segue orientação religiosa específica,,005N400000Dj7E2IAJ,R$ 3.000 ou mais,2026,Livros Didáticos,7.0,1.0,3 - Não,2.0,Conexões 13/04 a 15/04 | Estudo de Geomarketing,2.0,2026-07-29,Análise de Impacto de Escola Associada,0.0
006N400000aqelUIAQ,001N400000FZMd3IAH,Conviver,432398.42,2026-03-19,2026-06-08,2026-03-19 23:26:58,4,4,4,Oportunidade perdida,lost,81,0,3,0,0,19.0,Prospecção,Acima de 1.000,C - Estruturação,550.0,Alta,702.0,809.0,161.0,325.0,São Paulo,SP,Censo Escolar 2021,Não segue orientação religiosa específica,,005N400000Dj7E2IAJ,R$ 1.500 a R$ 2.000,2028,FTD,6.0,1.0,3 - Não,,,2.0,2026-06-08,Escola não adota sistema de ensino | Existe um contrato de longo prazo,0.0
006N400000aqk21IAA,001N400000GyvQRIAZ,Conviver,208041.32,2026-03-19,2026-06-25,2026-03-19 22:39:50,6,6,6,Oportunidade perdida,lost,98,0,5,0,0,15.0,Prospecção,500-750,C - Estruturação,625.0,Alta,257.0,354.0,58.0,64.0,São Paulo,SP,Censo Escolar 2021,Não segue orientação religiosa específica,,005N400000Dj7E2IAJ,R$ 500 a R$ 1.000,2028,SAS,9.0,1.0,1 - Sim,1.0,Diálogos GEduc 2026-03-26,1.0,2026-06-25,Escola não adota sistema de ensino,0.0
006N400000aqlCbIAI,0014v00002ZjB8dAAF,Poliedro,2660977.78,2026-03-19,2026-06-01,2026-03-19 22:54:31,3,3,3,Oportunidade perdida,lost,74,0,2,0,0,18.0,Prospecção,Acima de 1.000,A - Referência,875.0,Alta,896.0,893.0,220.0,176.0,Recife,PE,Censo Escolar 2019,Católica,Rede Damas,0056g00000468kkAAA,R$ 1.000 a R$ 1.500,2026,Bernoulli,4.0,1.0,2 - Agendado,1.0,Encontro de Lideranças Católicas,1.0,2026-06-01,Existe um contrato de longo prazo,0.0
006N400000aqnj3IAA,001N400000FZMd3IAH,Poliedro,1795637.76,2026-03-19,2026-06-08,2026-03-19 23:21:22,4,4,4,Oportunidade perdida,lost,81,0,3,0,0,19.0,Prospecção,Acima de 1.000,C - Estruturação,550.0,Alta,702.0,809.0,161.0,325.0,São Paulo,SP,Censo Escolar 2021,Não segue orientação religiosa específica,,005N400000Dj7E2IAJ,R$ 1.500 a R$ 2.000,2028,FTD,6.0,1.0,3 - Não,,,2.0,2026-06-08,Escola não adota sistema de ensino | Existe um contrato de longo prazo,0.0
006N400000arawfIAA,001N400000E3wZ3IAJ,Polígono,164830.96,2026-03-20,2026-05-15,2026-03-20 10:42:32,3,3,3,Validação pedagógica,open,56,0,2,0,0,1.0,Prospecção,500-750,C - Estruturação,525.0,Alta,230.0,232.0,76.0,0.0,Paulista,PE,Censo Escolar 2021,Não segue orientação religiosa específica,,005N400000DAk0TIAT,R$ 100 a R$ 500,2027,FTD,1.0,1.0,3 - Não,,,1.0,2026-05-15,,
006N400000arcNWIAY,001N4000008s2Q9IAI,Polígono,512200.0,2026-03-20,2026-05-04,2026-03-20 12:06:38,3,3,3,Validação pedagógica,open,45,0,2,0,0,6.0,Prospecção,500-750,C - Estruturação,600.0,Alta,203.0,328.0,121.0,0.0,Porto Alegre,RS,Censo Escolar 2021,Não segue orientação religiosa específica,,005N400000OGlrZIAT,R$ 1.000 a R$ 1.500,2027,Geekie One,7.0,1.0,1 - Sim,2.0,Estudo de Geomarketing | Relatório Enem,1.0,2026-05-04,,
006N400000asUMAIA2,001N400000LGE1SIAX,Polígono,106585.4,2026-03-20,2026-07-17,2026-03-20 12:50:54,4,4,4,Oportunidade perdida,lost,119,0,3,0,0,25.0,Prospecção,0-250,C - Estruturação,550.0,Alta,0.0,127.0,91.0,0.0,Feira de Santana,BA,Censo Escolar 2019,Não segue orientação religiosa específica,,005N400000Dew5pIAB,R$ 500 a R$ 1.000,2026,SAE Digital,7.0,1.0,1 - Sim,,,1.0,2026-07-17,Existe um contrato de longo prazo,0.0
006N400000at0abIAA,001N400000NlGK3IAN,Poliedro,284153.6,2026-03-20,2026-04-30,2026-03-20 15:02:07,12,12,12,Contrato assinado,won,41,1,10,0,0,0.0,,,,,,,,,,,,,,,,,,,,1.0,3 - Não,3.0,Conexões 13/04 a 15/04 | Estudo de Geomarketing | Inbound Poliedro 2026,1.0,2026-04-30,,1.0
006N400000atMJTIA2,001N400000FEZOiIAP,Polígono,109403.0,2026-03-20,2026-05-22,2026-03-20 15:29:46,3,3,3,Validação pedagógica,open,63,0,2,0,0,0.0,Prospecção,Acima de 1.000,B - Aceleração,775.0,Alta,395.0,555.0,190.0,159.0,João Pessoa,PB,Censo Escolar 2021,Não segue orientação religiosa específica,,005N400000DevL3IAJ,R$ 100 a R$ 500,2026,Conquista,5.0,1.0,3 - Não,,,1.0,2026-05-22,,
006N400000atRxPIAU,001N400000hevcKIAQ,Polígono,117211.6,2026-03-20,2026-05-08,2026-03-20 16:10:18,4,4,4,Oportunidade perdida,lost,49,0,3,0,0,14.0,Prospecção,0-250,D - Capilaridade,475.0,Não prioritária,0.0,123.0,19.0,0.0,Vitória,ES,Censo Escolar 2023,Católica,,0054v00000DvfXIAAZ,R$ 1.000 a R$ 1.500,2028,FTD,3.0,1.0,3 - Não,,,1.0,2026-05-08,Satisfação com serviço do atual parceiro,0.0
006N400000atpBfIAI,001N400000hQnqsIAC,Poliedro,414384.65,2026-03-20,2026-06-26,2026-03-20 16:24:33,4,4,4,Oportunidade perdida,lost,98,0,3,0,0,63.0,Prospecção,250-500,B - Aceleração,675.0,Média,104.0,161.0,62.0,45.0,Angra dos Reis,RJ,Censo Escolar 2021,Não segue orientação religiosa específica,,0054v00000DvfXIAAZ,R$ 1.500 a R$ 2.000,2027,Amplia,3.0,1.0,3 - Não,,,1.0,2026-06-26,Satisfação com serviço do atual parceiro,0.0
006N400000au44LIAQ,001N400000SN8WHIA1,Poliedro,483626.31,2026-03-20,2026-07-07,2026-03-20 17:29:30,4,4,4,Proposta tabela,open,109,0,3,0,0,53.0,Prospecção,Sem Dados,D - Capilaridade,250.0,Alta,0.0,0.0,0.0,0.0,São Paulo,SP,Prospeccao_ativa,Católica,Rede Agostiniana,0056g0000034OkkAAE,R$ 2.000 a R$ 2.500,2026,Livros Didáticos,10.0,1.0,3 - Não,,,1.0,2026-07-07,,
006N400000auITmIAM,001N400000hegMJIAY,Polígono,226400.08,2026-03-20,2026-06-19,2026-03-20 16:57:45,6,6,6,Oportunidade perdida,lost,91,0,5,0,0,28.0,Prospecção,0-250,D - Capilaridade,450.0,Não prioritária,85.0,70.0,0.0,60.0,Angra dos Reis,RJ,Censo Escolar 2023,Não segue orientação religiosa específica,,0054v00000DvfXIAAZ,R$ 500 a R$ 1.000,2026,PH,4.0,1.0,3 - Não,1.0,Inbound Poliedro 2026,1.0,2026-06-19,Satisfação com serviço do atual parceiro,0.0
006N400000awSX4IAM,0014v00002sabfSAAQ,Poliedro,1191976.33,2026-03-21,2026-05-24,2026-03-21 01:40:39,4,4,4,Oportunidade perdida,lost,64,0,3,0,0,5.0,Prospecção,Acima de 1.000,B - Aceleração,725.0,Alta,328.0,384.0,121.0,187.0,Rio de Janeiro,RJ,Censo Escolar 2021,Católica,Rede Notre Dame,005N400000CUSPxIAP,R$ 2.000 a R$ 2.500,2026,Geekie One,3.0,1.0,1 - Sim,,,1.0,2026-05-24,Satisfação com serviço do atual parceiro,0.0
006N400000awTmTIAU,001N400000NlF83IAF,Poliedro,627859.72,2026-03-21,2026-05-24,2026-03-21 02:04:49,3,3,3,Oportunidade perdida,lost,64,0,2,0,0,9.0,Prospecção,500-750,B - Aceleração,675.0,Alta,0.0,503.0,179.0,0.0,Rio de Janeiro,RJ,Censo Escolar 2023,Católica,Rede Notre Dame,005N400000CUSPxIAP,R$ 500 a R$ 1.000,2026,SM - Educamos,2.0,1.0,3 - Não,,,1.0,2026-05-24,Satisfação com serviço do atual parceiro,0.0
006N400000axqdnIAA,001N400000NlFkfIAF,Poliedro,167196.18,2026-03-21,2026-03-21,2026-03-21 22:47:04,2,2,2,Oportunidade perdida,lost,0,0,1,0,0,0.0,Prospecção,0-250,C - Estruturação,575.0,Baixa,59.0,69.0,14.0,0.0,Niterói,RJ,Censo Escolar 2023,Católica,Rede De Educação Franciscana Da Scalifra-Zn,005N400000CUSPxIAP,R$ 1.000 a R$ 1.500,2027,FTD,1.0,1.0,3 - Não,,,1.0,2026-03-21,Escola encerrou suas atividades,0.0
006N400000b0J2HIAU,001N400000AhKvNIAV,Polígono,161666.84,2026-03-23,2026-05-26,2026-03-23 01:19:48,4,4,4,Oportunidade perdida,lost,64,0,3,0,0,27.0,Prospecção,0-250,B - Aceleração,700.0,Alta,77.0,109.0,45.0,0.0,Morrinhos,CE,Censo Escolar 2021,,,005N400000P9zIoIAJ,R$ 100 a R$ 500,2026,Maxi,2.0,1.0,3 - Não,,,1.0,2026-05-26,Satisfação com serviço do atual parceiro,0.0
006N400000b0sJKIAY,001N400000hejgjIAA,Polígono,186817.28,2026-03-23,2026-08-07,2026-03-23 12:15:46,6,6,6,Oportunidade perdida,lost,137,0,5,0,0,37.0,Prospecção,0-250,D - Capilaridade,450.0,Não prioritária,0.0,0.0,11.0,0.0,Ribeirão Preto,SP,Censo Escolar 2023,Não segue orientação religiosa específica,,005N400000Of3liIAB,R$ 1.000 a R$ 1.500,2026,Trilhas,6.0,1.0,3 - Não,,,1.0,2026-08-07,Perda automática por higienização,0.0
006N400000b0zjkIAA,001N400000AsSzVIAV,Poliedro,594505.08,2026-03-23,2026-06-01,2026-03-23 12:32:20,4,4,4,Oportunidade perdida,lost,70,0,3,0,0,14.0,Prospecção,500-750,B - Aceleração,750.0,Alta,195.0,202.0,49.0,84.0,Campo Grande,MS,Censo Escolar 2021,Católica,Rede Salesiana,0056g0000034OkWAAU,R$ 2.000 a R$ 2.500,2026,Editora Própria Salesiana,2.0,1.0,3 - Não,,,1.0,2026-06-01,Existe um contrato de longo prazo,0.0
006N400000b11wrIAA,001N400000heiDKIAY,Poliedro,65818.4,2026-03-23,2026-08-13,2026-03-23 11:44:36,4,4,4,Oportunidade perdida,lost,143,0,3,0,0,87.0,Prospecção,0-250,C - Estruturação,575.0,Não prioritária,0.0,25.0,30.0,0.0,Campo Grande,MS,Censo Escolar 2023,Católica,SDB - Salesianos de Dom Bosco,0056g0000034OkWAAU,R$ 1.000 a R$ 1.500,2027,Editora Brasil,6.0,1.0,1 - Sim,1.0,Encontro de Lideranças Católicas,1.0,2026-08-13,Satisfação com serviço do atual parceiro,0.0
006N400000b1GF7IAM,001N400000DJMrmIAH,Polígono,121063.88,2026-03-23,2026-06-15,2026-03-23 11:38:40,3,3,3,Validação pedagógica,open,84,0,2,0,0,0.0,Prospecção,0-250,D - Capilaridade,475.0,Alta,0.0,163.0,52.0,0.0,Porto Seguro,BA,Censo Escolar 2021,Não segue orientação religiosa específica,,005N400000Dew5pIAB,R$ 0 a R$ 500,2026,Sucesso,2.0,1.0,3 - Não,,,1.0,2026-06-15,,
006N400000b1P2JIAU,0014v00002IdrONAAZ,Poliedro,634312.03,2026-03-23,2026-08-13,2026-03-23 12:43:01,4,4,4,Oportunidade perdida,lost,143,0,3,0,0,87.0,Prospecção,500-750,B - Aceleração,750.0,Alta,289.0,187.0,56.0,195.0,Campo Grande,MS,Censo Escolar 2019,Católica,SDB - Salesianos de Dom Bosco,0056g0000034OkWAAU,R$ 1.000 a R$ 1.500,2026,Objetivo,6.0,1.0,1 - Sim,1.0,Imersão 2026-06-10,1.0,2026-08-13,Satisfação com serviço do atual parceiro,0.0
006N400000b1SmYIAU,001N400000Me0eAIAR,Conviver,104406.0,2026-03-23,2026-05-08,2026-03-23 13:13:22,3,3,3,Validação pedagógica,open,46,0,2,0,0,0.0,Prospecção,250-500,C - Estruturação,600.0,Alta,154.0,224.0,0.0,109.0,Porto Alegre,RS,Censo Escolar 2021,Não segue orientação religiosa específica,,005N400000OGlrZIAT,R$ 1.000 a R$ 1.500,2027,Uno Educação,3.0,1.0,1 - Sim,1.0,Relatório Enem,2.0,2026-05-08,,
006N400000b1UmkIAE,001N400000HvsjWIAR,Polígono,0.0,2026-03-23,2026-03-23,2026-03-23 13:32:29,2,2,2,Oportunidade perdida,lost,0,0,1,0,0,0.0,Prospecção,750-1.000,A - Referência,925.0,Alta,287.0,340.0,32.0,118.0,São Leopoldo,RS,Censo Escolar 2021,Não segue orientação religiosa específica,,005N400000OGlrZIAT,R$ 1.000 a R$ 1.500,2028,Anglo,2.0,1.0,3 - Não,,,1.0,2026-03-23,Satisfação com serviço do atual parceiro,0.0
006N400000b1VngIAE,001N400000Mj3EnIAJ,Polígono,110022.48,2026-03-23,2026-06-23,2026-03-23 13:21:59,4,4,4,Oportunidade perdida,lost,92,0,3,0,0,32.0,Prospecção,0-250,C - Estruturação,525.0,Não prioritária,59.0,95.0,29.0,0.0,Aquidauana,MS,Censo Escolar 2021,Não segue orientação religiosa específica,,005N400000OGlrZIAT,R$ 500 a R$ 1.000,2030,Conquista,3.0,1.0,3 - Não,,,1.0,2026-06-23,Satisfação com serviço do atual parceiro,0.0
006N400000b1xNMIAY,001N400000hEDWKIA4,Poliedro,1562583.26,2026-03-23,2026-08-13,2026-03-23 13:13:41,4,4,4,Oportunidade perdida,lost,143,0,3,0,0,87.0,Prospecção,Acima de 1.000,A - Referência,825.0,Alta,495.0,467.0,117.0,288.0,Dourados,MS,Censo Escolar 2021,Evangélica,Escola Presbiteriana Erasmo Braga,0056g0000034OkWAAU,R$ 500 a R$ 1.000,2028,Mackenzie,3.0,1.0,3 - Não,,,1.0,2026-08-13,Existe um contrato de longo prazo,0.0
006N400000b1zlhIAA,001N400000Me0eAIAR,Polígono,289605.2,2026-03-23,2026-05-04,2026-03-23 13:10:36,3,3,3,Validação pedagógica,open,42,0,2,0,0,0.0,Prospecção,250-500,C - Estruturação,600.0,Alta,154.0,224.0,0.0,109.0,Porto Alegre,RS,Censo Escolar 2021,Não segue orientação religiosa específica,,005N400000OGlrZIAT,R$ 1.000 a R$ 1.500,2027,Uno Educação,3.0,1.0,1 - Sim,1.0,Relatório Enem,2.0,2026-05-08,,
006N400000b21vkIAA,0016g00000Oml0TAAR,Polígono,0.0,2026-03-23,2026-03-23,2026-03-23 13:51:54,2,2,2,Oportunidade perdida,lost,0,0,1,0,0,0.0,Prospecção,500-750,C - Estruturação,575.0,Alta,209.0,197.0,19.0,104.0,Porto Alegre,RS,Censo Escolar 2019,Não segue orientação religiosa específica,,005N400000OGlrZIAT,R$ 500 a R$ 1.000,2028,Geekie One,2.0,1.0,3 - Não,,,1.0,2026-03-23,Satisfação com serviço do atual parceiro,0.0
006N400000b3oRGIAY,001N400000EIEKgIAP,Polígono,999965.8,2026-03-23,2026-03-26,2026-03-23 17:56:46,2,2,2,Oportunidade perdida,lost,3,0,1,0,0,3.0,Prospecção,Acima de 1.000,B - Aceleração,725.0,Alta,516.0,780.0,0.0,0.0,São Luís,MA,Censo Escolar 2021,Não segue orientação religiosa específica,,0054v00000DjxE1AAJ,R$ 500 a R$ 1.000,2028,Pitágoras,3.0,1.0,3 - Não,1.0,Inbound Poliedro 2026,1.0,2026-03-26,Satisfação com serviço do atual parceiro,0.0
006N400000b40SQIAY,0014v00002mwkN0AAI,Conviver,108528.5,2026-03-23,2026-07-07,2026-03-23 18:39:38,4,4,4,Proposta tabela,open,106,0,3,0,0,53.0,Prospecção,250-500,B - Aceleração,700.0,Média,106.0,108.0,47.0,62.0,Salto,SP,Censo Escolar 2021,Católica,Instituto Das Filhas De São José Do Caburlotto No Brasi,0056g0000034OkkAAE,R$ 1.000 a R$ 1.500,2026,Positivo,14.0,1.0,3 - Não,1.0,Inbound Poliedro 2026,2.0,2026-08-04,Satisfação com serviço do atual parceiro,
006N400000b4DMQIA2,0014v00002mwkN0AAI,Polígono,197937.24,2026-03-23,2026-08-04,2026-03-23 18:23:32,5,5,5,Oportunidade perdida,lost,134,0,4,0,0,49.0,Prospecção,250-500,B - Aceleração,700.0,Média,106.0,108.0,47.0,62.0,Salto,SP,Censo Escolar 2021,Católica,Instituto Das Filhas De São José Do Caburlotto No Brasi,0056g0000034OkkAAE,R$ 1.000 a R$ 1.500,2026,Positivo,14.0,1.0,3 - Não,1.0,Inbound Poliedro 2026,2.0,2026-08-04,Satisfação com serviço do atual parceiro,0.0
006N400000b4STYIA2,001N400000PaPSwIAN,Polígono,97842.74,2026-03-23,2026-03-23,2026-03-23 19:14:12,12,12,12,Contrato assinado,won,0,1,10,0,0,0.0,Prospecção,Sem Dados,D - Capilaridade,300.0,Alta,0.0,0.0,0.0,0.0,Raposa,MA,Fale Conosco,,,005N400000CUSPxIAP,Sem informação,2026,Livros Didáticos,2.0,1.0,3 - Não,,,1.0,2026-03-23,,1.0
006N400000b6zgDIAQ,0014v00002Kw117AAB,Conviver,62049.9,2026-03-24,2026-05-20,2026-03-24 11:22:40,4,4,4,Oportunidade perdida,lost,57,0,3,0,0,8.0,Prospecção,0-250,C - Estruturação,625.0,Alta,74.0,85.0,34.0,33.0,Campo Verde,MT,Censo Escolar 2019,Não segue orientação religiosa específica,,005N400000PA8nVIAT,R$ 1.500 a R$ 2.000,2026,Objetivo,5.0,1.0,3 - Não,,,1.0,2026-05-20,Satisfação com serviço do atual parceiro,0.0
006N400000b97UoIAI,001N4000004zvv7IAA,Polígono,30420.97,2026-03-24,2026-08-06,2026-03-24 15:50:24,12,12,12,Contrato assinado,won,135,1,10,0,0,6.0,Prospecção,0-250,D - Capilaridade,450.0,Alta,0.0,0.0,45.0,0.0,São Paulo,SP,Censo Escolar 2021,Não segue orientação religiosa específica,,005N40000035sinIAA,R$ 2.000 a R$ 2.500,2026,Jean Piaget,13.0,1.0,3 - Não,2.0,Inbound Poliedro 2025 | Inbound Polígono 2025,1.0,2026-08-06,,1.0
006N400000bABZqIAO,0014v00002fEupFAAS,Polígono,55199.07,2026-03-24,2026-06-18,2026-03-24 19:52:56,6,6,6,Oportunidade perdida,lost,86,0,5,0,0,28.0,Prospecção,0-250,C - Estruturação,575.0,Não prioritária,86.0,71.0,12.0,46.0,São José de Mipibu,RN,Censo Escolar 2021,,,005N400000DevL3IAJ,Sem informação,Sem Dados,Jean Piaget,6.0,1.0,1 - Sim,,,1.0,2026-06-18,Renovou com atual parceiro,0.0
006N400000bByZrIAK,001N400000NlAcbIAF,Polígono,143155.0,2026-03-25,2026-04-14,2026-03-25 09:39:51,2,2,2,Oportunidade perdida,lost,20,0,1,0,0,20.0,Prospecção,0-250,C - Estruturação,600.0,Alta,103.0,98.0,15.0,0.0,Feira de Santana,BA,Censo Escolar 2023,Não segue orientação religiosa específica,,005N400000DAcxOIAT,R$ 100 a R$ 500,2027,Conquista,3.0,1.0,3 - Não,,,1.0,2026-04-14,Satisfação com serviço do atual parceiro,0.0
006N400000bDXH2IAO,0014v00002NBHBcAAP,Conviver,109326.4,2026-03-25,2026-06-25,2026-03-25 14:07:58,3,3,3,Validação pedagógica,open,92,0,2,0,0,61.0,Prospecção,500-750,A - Referência,875.0,Alta,194.0,206.0,78.0,227.0,Limoeiro do Norte,CE,Censo Escolar 2019,Não segue orientação religiosa específica,,005N400000DAk0TIAT,R$ 500 a R$ 1.000,2026,Pleno,4.0,1.0,3 - Não,,,1.0,2026-06-25,,
006N400000bFnRMIA0,0016g00000MAnLoAAL,Poliedro,434582.9,2026-03-25,2026-06-25,2026-03-25 19:59:54,5,5,5,Proposta personalizada,open,92,0,4,0,0,2.0,Prospecção,Acima de 1.000,A - Referência,925.0,Alta,457.0,502.0,131.0,257.0,Uberlândia,MG,Censo Escolar 2019,Não segue orientação religiosa específica,,0054v00000EkfjPAAR,R$ 1.500 a R$ 2.000,2026,COC,16.0,1.0,1 - Sim,,,2.0,2026-08-12,,
006N400000bFz19IAC,001N400000m8NbjIAE,Poliedro,319002.6,2026-03-25,2026-06-07,2026-03-25 20:37:54,4,4,4,Oportunidade perdida,lost,74,0,3,0,0,27.0,Prospecção,250-500,C - Estruturação,600.0,Alta,97.0,101.0,0.0,66.0,São Vicente,SP,Fale Conosco,Não segue orientação religiosa específica,Associacao Notre Dame De Educacao E Cultura,005N400000P4NcLIAV,R$ 1.000 a R$ 1.500,2026,Anglo,3.0,1.0,3 - Não,2.0,Inbound Poliedro 2026 | Relatório Enem,3.0,2026-06-07,Análise de Impacto de Escola Associada,0.0
006N400000bGJ9RIAW,001N400000NlD8WIAV,Poliedro,294262.32,2026-03-25,2026-06-17,2026-03-25 19:33:38,4,4,4,Oportunidade perdida,lost,84,0,3,0,0,9.0,Prospecção,250-500,C - Estruturação,575.0,Média,129.0,141.0,44.0,0.0,Curitiba,PR,Censo Escolar 2023,Evangélica,Educação Batista,005N40000035kTVIAY,R$ 1.000 a R$ 1.500,2028,Mackenzie,3.0,1.0,1 - Sim,,,1.0,2026-06-17,Satisfação com serviço do atual parceiro,0.0
006N400000bGLEVIA4,001N400000JkC1eIAF,Polígono,260538.19,2026-03-25,2026-06-03,2026-03-25 20:46:22,5,5,5,Proposta personalizada,open,70,0,4,0,0,0.0,Prospecção,500-750,A - Referência,825.0,Alta,228.0,291.0,131.0,61.0,Uberlândia,MG,Censo Escolar 2019,Não segue orientação religiosa específica,,0054v00000EkfjPAAR,R$ 1.000 a R$ 1.500,2028,SAE Digital,18.0,1.0,1 - Sim,1.0,Diálogos Bett Brasil 2026-05-07,2.0,2026-06-03,,
006N400000bGResIAG,0014v00002SMSCOAA5,Polígono,1208994.01,2026-03-25,2026-06-03,2026-03-25 21:50:10,6,6,6,Negociação e ajuste financeiro,open,70,0,5,0,0,26.0,Prospecção,750-1.000,A - Referência,800.0,Alta,250.0,311.0,87.0,228.0,Natal,RN,Censo Escolar 2019,Não segue orientação religiosa específica,,005N400000DAk0TIAT,R$ 100 a R$ 500,2028,Amplia,12.0,1.0,2 - Agendado,,,1.0,2026-06-03,,
006N400000bGSO3IAO,001N400000IxnIbIAJ,Polígono,109711.2,2026-03-25,2026-06-03,2026-03-25 21:04:53,4,4,4,Oportunidade perdida,lost,70,0,3,0,0,23.0,Prospecção,250-500,B - Aceleração,725.0,Média,86.0,99.0,74.0,0.0,Contagem,MG,Censo Escolar 2021,Não segue orientação religiosa específica,,0054v00000EkfjPAAR,R$ 500 a R$ 1.000,2028,Farias Brito,6.0,1.0,3 - Não,,,2.0,2026-06-03,Satisfação com preço do atual parceiro,0.0
006N400000bGX61IAG,001N400000m8NbjIAE,Polígono,194590.04,2026-03-25,2026-05-11,2026-03-25 20:24:40,3,3,3,Validação pedagógica,open,47,0,2,0,0,0.0,Prospecção,250-500,C - Estruturação,600.0,Alta,97.0,101.0,0.0,66.0,São Vicente,SP,Fale Conosco,Não segue orientação religiosa específica,Associacao Notre Dame De Educacao E Cultura,005N400000P4NcLIAV,R$ 1.000 a R$ 1.500,2026,Anglo,3.0,1.0,3 - Não,2.0,Inbound Poliedro 2026 | Relatório Enem,3.0,2026-06-07,Análise de Impacto de Escola Associada,
006N400000bGqqAIAS,001N400000NlBleIAF,Polígono,220554.04,2026-03-26,2026-06-02,2026-03-26 00:03:16,3,3,3,Validação pedagógica,open,68,0,2,0,0,14.0,Prospecção,250-500,C - Estruturação,625.0,Alta,102.0,169.0,50.0,0.0,Barão de Grajaú,MA,Censo Escolar 2023,Não segue orientação religiosa específica,,0054v00000DjxE1AAJ,R$ 500 a R$ 1.000,2026,Formando Cidadãos,3.0,1.0,3 - Não,,,1.0,2026-06-02,,
006N400000bGrhPIAS,0014v00002lpGzRAAU,Poliedro,426968.5,2026-03-25,2026-05-15,2026-03-25 23:56:15,3,3,3,Oportunidade perdida,lost,51,0,2,0,0,1.0,Prospecção,250-500,B - Aceleração,700.0,Alta,107.0,167.0,65.0,34.0,São Francisco de Itabapoana,RJ,Censo Escolar 2021,Não segue orientação religiosa específica,,005N400000Of55xIAB,R$ 1.000 a R$ 1.500,2026,Farias Brito,3.0,1.0,3 - Não,1.0,Estudo de Geomarketing,2.0,2026-06-25,Escola com pendência financeira | Pacote agressivo de benefícios do concorrente,0.0
006N400000bH65JIAS,001N400000MjoP9IAJ,Poliedro,397459.5,2026-03-26,2026-05-18,2026-03-26 00:31:56,4,4,4,Oportunidade perdida,lost,53,0,3,0,0,21.0,,,,,,,,,,,,,,,,,,,,1.0,3 - Não,,,1.0,2026-05-18,Satisfação com serviço do atual parceiro,0.0
006N400000bHSqbIAG,001N400000NlDDyIAN,Polígono,179847.22,2026-03-26,2026-05-12,2026-03-26 05:35:06,3,3,3,Validação pedagógica,open,47,0,2,0,0,0.0,Prospecção,0-250,C - Estruturação,625.0,Alta,62.0,71.0,26.0,41.0,São José dos Pinhais,PR,Censo Escolar 2023,Não segue orientação religiosa específica,,005N400000Q8sVmIAJ,R$ 1.000 a R$ 1.500,2026,FTD,1.0,1.0,3 - Não,1.0,Estudo de Geomarketing,1.0,2026-05-12,,
006N400000bIlOKIA0,001N4000008qtFJIAY,Poliedro,613896.55,2026-03-26,2026-06-23,2026-03-26 14:27:32,6,6,6,Oportunidade perdida,lost,89,0,5,0,0,39.0,Prospecção,500-750,B - Aceleração,675.0,Alta,230.0,229.0,0.0,151.0,Criciúma,SC,Censo Escolar 2021,Não segue orientação religiosa específica,,005N400000PJiOjIAL,R$ 1.500 a R$ 2.000,2027,Positivo,8.0,1.0,1 - Sim,2.0,Estudo de Geomarketing | Inbound Poliedro 2026,2.0,2026-06-23,Pacote agressivo de benefícios do concorrente | Perda automática por higienização,0.0
006N400000bJ1ZPIA0,001N400000RkQZWIA3,Poliedro,400000.0,2026-03-26,2026-07-24,2026-03-26 15:20:45,5,5,5,Proposta personalizada,open,120,0,4,0,0,0.0,Prospecção,Sem Dados,D - Capilaridade,325.0,Não prioritária,0.0,0.0,0.0,0.0,Nova Lima,MG,Prospeccao_ativa,,Escola Infantil Doce Mel Ltda,005N400000OGlMvIAL,R$ 1.500 a R$ 2.000,2026,FTD,6.0,1.0,1 - Sim,1.0,Diálogos Belo Horizonte 2026-04-08,1.0,2026-07-24,,
006N400000bJ2X7IAK,001N400000mg0w6IAA,Poliedro,178401.18,2026-03-26,2026-08-10,2026-03-26 14:33:12,12,12,12,Contrato assinado,won,137,1,10,0,0,7.0,Prospecção,0-250,C - Estruturação,0.0,Média,0.0,89.0,0.0,0.0,Vitória,ES,Fale Conosco,Não segue orientação religiosa específica,,0054v00000DvfXIAAZ,R$ 1.000 a R$ 1.500,2026,FTD,18.0,1.0,3 - Não,2.0,Estudo de Geomarketing | Inbound Poliedro 2026,3.0,2026-08-11,Satisfação com preço e serviço do atual parceiro,1.0
006N400000bJNYIIA4,001N400000mg0w6IAA,Conviver,33926.74,2026-03-26,2026-08-11,2026-03-26 14:36:14,12,12,12,Contrato assinado,won,138,1,10,0,0,8.0,Prospecção,0-250,C - Estruturação,0.0,Média,0.0,89.0,0.0,0.0,Vitória,ES,Fale Conosco,Não segue orientação religiosa específica,,0054v00000DvfXIAAZ,R$ 1.000 a R$ 1.500,2026,FTD,18.0,1.0,3 - Não,2.0,Estudo de Geomarketing | Inbound Poliedro 2026,3.0,2026-08-11,Satisfação com preço e serviço do atual parceiro,1.0
006N400000bJV2oIAG,001N400000mg0w6IAA,Polígono,162615.0,2026-03-26,2026-05-29,2026-03-26 14:30:03,4,4,4,Oportunidade perdida,lost,64,0,3,0,0,29.0,Prospecção,0-250,C - Estruturação,0.0,Média,0.0,89.0,0.0,0.0,Vitória,ES,Fale Conosco,Não segue orientação religiosa específica,,0054v00000DvfXIAAZ,R$ 1.000 a R$ 1.500,2026,FTD,18.0,1.0,3 - Não,2.0,Estudo de Geomarketing | Inbound Poliedro 2026,3.0,2026-08-11,Satisfação com preço e serviço do atual parceiro,0.0
006N400000bJeHNIA0,001N400000m8NbjIAE,Conviver,60315.56,2026-03-26,2026-05-11,2026-03-26 14:33:34,3,3,3,Validação pedagógica,open,46,0,2,0,0,0.0,Prospecção,250-500,C - Estruturação,600.0,Alta,97.0,101.0,0.0,66.0,São Vicente,SP,Fale Conosco,Não segue orientação religiosa específica,Associacao Notre Dame De Educacao E Cultura,005N400000P4NcLIAV,R$ 1.000 a R$ 1.500,2026,Anglo,3.0,1.0,3 - Não,2.0,Inbound Poliedro 2026 | Relatório Enem,3.0,2026-06-07,Análise de Impacto de Escola Associada,
006N400000bKouhIAC,001N400000KYHB0IAP,Poliedro,494560.34,2026-03-26,2026-08-03,2026-03-26 19:13:30,4,4,4,Oportunidade perdida,lost,130,0,3,0,0,82.0,Prospecção,250-500,B - Aceleração,650.0,Média,160.0,178.0,45.0,79.0,Guarujá,SP,Censo Escolar 2021,Não segue orientação religiosa específica,,005N400000P4NcLIAV,R$ 1.000 a R$ 1.500,2027,Anglo,1.0,1.0,3 - Não,1.0,Relatório Enem,2.0,2026-08-03,Satisfação com serviço do atual parceiro,0.0
006N400000bLVLJIA4,001N400000hedFxIAI,Poliedro,105508.53,2026-03-26,2026-07-28,2026-03-26 20:24:29,5,5,5,Proposta personalizada,open,124,0,4,0,0,5.0,Prospecção,0-250,C - Estruturação,550.0,Não prioritária,0.0,0.0,92.0,0.0,Belo Horizonte,MG,Censo Escolar 2023,,Colegio S E S Ltda,0054v00000EkfjPAAR,Sem informação,Sem Dados,Sem Dados,9.0,1.0,1 - Sim,1.0,Diálogos Belo Horizonte 2026-04-08,1.0,2026-07-28,,
006N400000bLVwOIAW,001N400000KYHB0IAP,Conviver,91307.47,2026-03-26,2026-08-03,2026-03-26 19:16:00,4,4,4,Oportunidade perdida,lost,130,0,3,0,0,82.0,Prospecção,250-500,B - Aceleração,650.0,Média,160.0,178.0,45.0,79.0,Guarujá,SP,Censo Escolar 2021,Não segue orientação religiosa específica,,005N400000P4NcLIAV,R$ 1.000 a R$ 1.500,2027,Anglo,1.0,1.0,3 - Não,1.0,Relatório Enem,2.0,2026-08-03,Satisfação com serviço do atual parceiro,0.0
006N400000bLY1QIAW,001N400000NlDFSIA3,Polígono,169614.32,2026-03-26,2026-05-19,2026-03-26 19:45:29,5,5,5,Oportunidade perdida,lost,54,0,4,0,0,0.0,Prospecção,0-250,C - Estruturação,550.0,Alta,54.0,103.0,32.0,0.0,São João de Meriti,RJ,Censo Escolar 2023,Não segue orientação religiosa específica,,005N400000DAfNPIA1,R$ 500 a R$ 1.000,2026,Material Próprio,3.0,1.0,3 - Não,1.0,Estudo de Geomarketing,1.0,2026-05-19,Pacote agressivo de benefícios do concorrente,0.0
006N400000bLjL3IAK,001N400000HQOPtIAP,Poliedro,82831.38,2026-03-26,2026-07-22,2026-03-26 20:47:55,6,6,6,Oportunidade perdida,lost,118,0,5,0,0,28.0,Prospecção,0-250,C - Estruturação,525.0,Não prioritária,0.0,27.0,63.0,0.0,Araguari,MG,Censo Escolar/Fale conosco,,,0054v00000EkfjPAAR,R$ 1.000 a R$ 1.500,Sem Dados,Material Próprio,7.0,1.0,3 - Não,,,2.0,2026-08-12,Análise de Impacto de Escola Associada,0.0
006N400000bM92XIAS,001N400000NlDw9IAF,Polígono,338527.72,2026-03-26,2026-08-04,2026-03-26 20:06:01,4,4,4,Proposta tabela,open,131,0,3,0,0,102.0,Prospecção,250-500,C - Estruturação,500.0,Alta,118.0,140.0,0.0,58.0,Natal,RN,Censo Escolar 2023,Não segue orientação religiosa específica,,005N400000DevL3IAJ,R$ 500 a R$ 1.000,2026,AZ - Conexia Educação,3.0,1.0,1 - Sim,,,1.0,2026-08-04,,
006N400000bMF39IAG,001N400000NlDndIAF,Conviver,92439.49,2026-03-26,2026-07-31,2026-03-26 21:02:40,12,12,12,Contrato assinado,won,127,1,10,0,0,0.0,Prospecção,Acima de 1.000,B - Aceleração,750.0,Alta,394.0,459.0,117.0,192.0,Petrolina,PE,Censo Escolar 2023,Evangélica,Rede Não Localizada,0056g00000468kkAAA,R$ 1.000 a R$ 1.500,2026,Mackenzie,22.0,1.0,1 - Sim,3.0,Estudo de Geomarketing | Inbound Conviver 2025 | Inbound Poliedro 2025,2.0,2026-07-31,,1.0
006N400000bMTHNIA4,001N400000NlBr9IAF,Polígono,109803.9,2026-03-26,2026-05-29,2026-03-26 23:07:17,3,3,3,Validação pedagógica,open,64,0,2,0,0,14.0,Prospecção,0-250,C - Estruturação,625.0,Não prioritária,64.0,90.0,32.0,0.0,Jaicós,PI,Censo Escolar 2023,Não segue orientação religiosa específica,,0054v00000DjxE1AAJ,R$ 500 a R$ 1.000,2026,Maxi,6.0,1.0,3 - Não,1.0,Inbound Polígono 2026,1.0,2026-05-29,,
006N400000bMZxxIAG,001N400000E3vPvIAJ,Polígono,191710.31,2026-03-27,2026-05-28,2026-03-27 01:18:43,5,5,5,Proposta personalizada,open,62,0,4,0,0,34.0,Prospecção,0-250,B - Aceleração,750.0,Alta,58.0,54.0,4.0,11.0,Natal,RN,Censo Escolar 2021,Não segue orientação religiosa específica,,005N400000DAk0TIAT,R$ 500 a R$ 1.000,2025,Anglo,8.0,1.0,3 - Não,,,1.0,2026-05-28,,
006N400000bMeccIAC,001N400000AdMapIAF,Conviver,82803.0,2026-03-27,2026-06-25,2026-03-27 01:10:41,3,3,3,Validação pedagógica,open,90,0,2,0,0,61.0,Prospecção,250-500,B - Aceleração,675.0,Alta,134.0,180.0,57.0,92.0,Natal,RN,Censo Escolar 2021,Não segue orientação religiosa específica,,005N400000DAk0TIAT,R$ 1.000 a R$ 1.500,2030,SAS,1.0,1.0,3 - Não,,,1.0,2026-06-25,,
006N400000bMhllIAC,001N400000heeR1IAI,Poliedro,460020.5,2026-03-27,2026-05-18,2026-03-27 01:30:33,2,2,2,Oportunidade perdida,lost,52,0,1,0,0,52.0,,,,,,,,,,,,,,,,,,,,1.0,3 - Não,,,1.0,2026-05-18,Satisfação com serviço do atual parceiro,0.0
006N400000bMkRtIAK,0014v00002m7ogZAAQ,Polígono,170305.95,2026-03-27,2026-08-05,2026-03-27 01:48:25,5,5,5,Proposta personalizada,open,131,0,4,0,0,0.0,Prospecção,0-250,C - Estruturação,525.0,Alta,64.0,52.0,0.0,50.0,Natal,RN,Censo Escolar 2021,Não segue orientação religiosa específica,,005N400000DAk0TIAT,R$ 1.000 a R$ 1.500,2027,FTD,2.0,1.0,3 - Não,1.0,Diálogos Poliedro - Expoeduc,1.0,2026-08-05,,
006N400000bMvjtIAC,001N400000hJxN0IAK,Poliedro,1307542.43,2026-03-27,2026-06-12,2026-03-27 03:29:30,4,4,4,Proposta tabela,open,77,0,3,0,0,43.0,Prospecção,500-750,B - Aceleração,700.0,Alta,239.0,264.0,51.0,168.0,Resende,RJ,Censo Escolar 2021,Não segue orientação religiosa específica,,0054v00000DvfXIAAZ,R$ 1.500 a R$ 2.000,2026,Anglo,5.0,1.0,3 - Não,2.0,Estudo de Geomarketing | Inbound Polígono 2026,1.0,2026-06-12,,
006N400000bMwZaIAK,001N400000heI7qIAE,Polígono,91426.0,2026-03-27,2026-05-18,2026-03-27 05:38:31,3,3,3,Validação pedagógica,open,52,0,2,0,0,0.0,,,,,,,,,,,,,,,,,,,,1.0,1 - Sim,,,1.0,2026-05-18,,
006N400000bNXFoIAO,0014v00002nKiyxAAC,Polígono,233133.6,2026-03-27,2026-08-05,2026-03-27 12:04:58,4,4,4,Oportunidade perdida,lost,131,0,3,0,0,68.0,Prospecção,250-500,C - Estruturação,550.0,Média,104.0,296.0,0.0,0.0,Curitiba,PR,Censo Escolar 2021,,,005N400000OeNBQIA3,R$ 1.000 a R$ 1.500,2027,Livros Didáticos,5.0,1.0,3 - Não,,,1.0,2026-08-05,Escola parou de responder,0.0
006N400000bNbZVIA0,001N400000NlDmSIAV,Poliedro,0.0,2026-03-27,2026-03-27,2026-03-27 13:15:34,2,2,2,Oportunidade perdida,lost,0,0,1,0,0,0.0,Prospecção,250-500,C - Estruturação,525.0,Média,101.0,0.0,0.0,196.0,Campo Grande,MS,Censo Escolar 2023,Não segue orientação religiosa específica,,005N400000OGlrZIAT,R$ 500 a R$ 1.000,2027,Material Próprio,1.0,1.0,3 - Não,,,1.0,2026-03-27,Escola não adota sistema de ensino,0.0
006N400000bOaEnIAK,001N400000NlAcLIAV,Conviver,79115.25,2026-03-27,2026-06-18,2026-03-27 15:01:23,2,2,2,Oportunidade perdida,lost,83,0,1,0,0,83.0,Prospecção,250-500,C - Estruturação,575.0,Alta,98.0,128.0,36.0,0.0,Aracaju,SE,Censo Escolar 2023,Não segue orientação religiosa específica,,0056g0000034OkZAAU,R$ 100 a R$ 500,2027,Farias Brito,3.0,1.0,3 - Não,,,1.0,2026-06-18,Existe um contrato de longo prazo,0.0
006N400000bP1QFIA0,001N400000NlGKaIAN,Polígono,429443.3,2026-03-27,2026-05-08,2026-03-27 14:41:11,4,4,4,Oportunidade perdida,lost,42,0,3,0,0,14.0,Prospecção,500-750,B - Aceleração,650.0,Alta,224.0,86.0,7.0,192.0,Aracaju,SE,Censo Escolar 2023,,,005N400000Dew5pIAB,R$ 500 a R$ 1.000,2027,PH,6.0,1.0,1 - Sim,,,2.0,2026-05-08,Análise de Impacto de Escola Associada | Satisfação com serviço do atual parceiro,0.0
006N400000bPVubIAG,001N400000he3IFIAY,Poliedro,344641.2,2026-03-27,2026-08-14,2026-03-27 16:43:18,4,4,4,Oportunidade perdida,lost,140,0,3,0,0,102.0,Prospecção,0-250,C - Estruturação,500.0,Não prioritária,0.0,102.0,40.0,0.0,Campo Grande,MS,Censo Escolar 2023,Não segue orientação religiosa específica,,005N400000OGlrZIAT,R$ 1.000 a R$ 1.500,2027,Bernoulli,6.0,1.0,3 - Não,,,1.0,2026-08-14,Satisfação com serviço do atual parceiro,0.0
006N400000bPYkNIAW,001N400000DJJh5IAH,Polígono,117915.0,2026-03-27,2026-06-26,2026-03-27 16:34:15,4,4,4,Oportunidade perdida,lost,91,0,3,0,0,11.0,Prospecção,0-250,D - Capilaridade,475.0,Não prioritária,0.0,41.0,8.0,0.0,Eunápolis,BA,Censo Escolar 2021,Não segue orientação religiosa específica,,005N400000Dew5pIAB,R$ 500 a R$ 1.000,2026,Maxi,1.0,1.0,3 - Não,,,1.0,2026-06-26,Escola parou de responder,0.0
006N400000bPoHFIA0,001N400000NlAaBIAV,Poliedro,477039.55,2026-03-27,2026-05-04,2026-03-27 16:39:41,3,3,3,Validação pedagógica,open,38,0,2,0,0,0.0,Prospecção,250-500,B - Aceleração,650.0,Média,140.0,139.0,30.0,0.0,Campo Grande,MS,Censo Escolar 2023,Não segue orientação religiosa específica,Centro Educacional Status Ltda,005N400000OGlrZIAT,R$ 1.000 a R$ 1.500,2027,SAS,6.0,1.0,3 - Não,,,1.0,2026-05-04,,
006N400000bPodqIAC,001N400000NlDwOIAV,Poliedro,672931.7,2026-03-27,2026-05-04,2026-03-27 16:41:34,3,3,3,Validação pedagógica,open,38,0,2,0,0,0.0,Prospecção,0-250,D - Capilaridade,375.0,Não prioritária,0.0,0.0,0.0,90.0,Campo Grande,MS,Censo Escolar 2023,Não segue orientação religiosa específica,,005N400000OGlrZIAT,R$ 1.000 a R$ 1.500,2027,Bernoulli,6.0,1.0,3 - Não,2.0,Estudo de Geomarketing | Relatório Enem,1.0,2026-05-04,,
006N400000bQEBmIAO,0014v00002KudGhAAJ,Conviver,111786.6,2026-03-27,2026-05-18,2026-03-27 17:51:48,3,3,3,Validação pedagógica,open,52,0,2,0,0,0.0,Prospecção,250-500,B - Aceleração,750.0,Média,91.0,114.0,16.0,53.0,Manaus,AM,Censo Escolar 2019,Não segue orientação religiosa específica,,005N400000NsHxxIAF,R$ 500 a R$ 1.000,2027,Anglo,3.0,1.0,1 - Sim,,,1.0,2026-05-18,,
006N400000bQwJDIA0,001N400000hevNOIAY,Poliedro,131013.6,2026-03-27,2026-07-30,2026-03-27 19:37:01,4,4,4,Oportunidade perdida,lost,125,0,3,0,0,73.0,Prospecção,0-250,D - Capilaridade,450.0,Não prioritária,90.0,0.0,0.0,88.0,Porto Velho,RO,Censo Escolar 2023,Católica,Rede Salesiana Brasil (RSB) e internacionalmente às Filhas de Maria Auxiliadora (FMA).,0056g0000034OkWAAU,R$ 1.000 a R$ 1.500,2027,Editora do Brasil,1.0,1.0,3 - Não,,,1.0,2026-07-30,Satisfação com serviço do atual parceiro,0.0
006N400000bRMSBIA4,001N400000Bl9ZNIAZ,Poliedro,720818.02,2026-03-27,2026-05-22,2026-03-27 20:26:25,4,4,4,Oportunidade perdida,lost,56,0,3,0,0,9.0,Prospecção,500-750,A - Referência,825.0,Alta,237.0,202.0,60.0,57.0,Mariana,MG,Censo Escolar 2021,Católica,Educação Vicentina,005N40000035kTVIAY,R$ 1.000 a R$ 1.500,2026,Anglo,6.0,1.0,1 - Sim,4.0,Conexões 13/04 a 15/04 | Encontro de Lideranças Católicas | Estudo de Geomarketing | Relatório Enem,2.0,2026-05-22,Existe um contrato de longo prazo,0.0
006N400000bS65CIAS,001N400000NlF4sIAF,Poliedro,1079749.79,2026-03-28,2026-06-15,2026-03-28 01:51:14,3,3,3,Validação pedagógica,open,79,0,2,0,0,31.0,Prospecção,750-1.000,B - Aceleração,775.0,Alta,303.0,367.0,102.0,178.0,Botucatu,SP,Censo Escolar 2023,Católica,Rede La Salle,005N400000HLGCrIAP,R$ 1.500 a R$ 2.000,2026,COC,11.0,1.0,3 - Não,1.0,Encontro de Lideranças Católicas,2.0,2026-08-10,,
006N400000bS68TIAS,001N400000HNj4JIAT,Poliedro,400606.94,2026-03-28,2026-04-07,2026-03-28 02:02:29,2,2,2,Oportunidade perdida,lost,10,0,1,0,0,10.0,Prospecção,250-500,C - Estruturação,600.0,Alta,101.0,156.0,27.0,68.0,São Paulo,SP,Censo Escolar/Fale conosco,Católica,Religiosas Das Escolas Pias -Escolápias,005N400000HLGCrIAP,R$ 1.500 a R$ 2.000,2028,Moderna Compartilha,1.0,1.0,3 - Não,1.0,Inbound Poliedro 2025,2.0,2026-03-28,,0.0
006N400000bSDGLIA4,001N400000NlF4sIAF,Conviver,237435.72,2026-03-28,2026-08-10,2026-03-28 01:55:55,3,3,3,Validação pedagógica,open,135,0,2,0,0,87.0,Prospecção,750-1.000,B - Aceleração,775.0,Alta,303.0,367.0,102.0,178.0,Botucatu,SP,Censo Escolar 2023,Católica,Rede La Salle,005N400000HLGCrIAP,R$ 1.500 a R$ 2.000,2026,COC,11.0,1.0,3 - Não,1.0,Encontro de Lideranças Católicas,2.0,2026-08-10,,
006N400000bSDUsIAO,001N400000HNj4JIAT,Conviver,75112.85,2026-03-28,2026-04-07,2026-03-28 02:06:36,2,2,2,Oportunidade perdida,lost,10,0,1,0,0,10.0,Prospecção,250-500,C - Estruturação,600.0,Alta,101.0,156.0,27.0,68.0,São Paulo,SP,Censo Escolar/Fale conosco,Católica,Religiosas Das Escolas Pias -Escolápias,005N400000HLGCrIAP,R$ 1.500 a R$ 2.000,2028,Moderna Compartilha,1.0,1.0,3 - Não,1.0,Inbound Poliedro 2025,2.0,2026-03-28,,0.0
006N400000bSdxHIAS,001N400000BJBr8IAH,Poliedro,2431767.95,2026-03-28,2026-06-01,2026-03-28 11:54:47,3,3,3,Oportunidade perdida,lost,65,0,2,0,0,19.0,Prospecção,Acima de 1.000,A - Referência,825.0,Alta,777.0,574.0,171.0,468.0,Maceió,AL,Censo Escolar 2021,Católica,Rede Damas,0056g00000468kkAAA,R$ 500 a R$ 1.000,2027,Bernoulli,4.0,1.0,3 - Não,1.0,Relatório Enem,1.0,2026-06-01,Existe um contrato de longo prazo,0.0
006N400000bTUzxIAG,001N400000NlDGzIAN,Polígono,211958.14,2026-03-28,2026-05-15,2026-03-28 23:59:29,3,3,3,Validação pedagógica,open,48,0,2,0,0,0.0,Prospecção,250-500,B - Aceleração,700.0,Média,135.0,140.0,42.0,0.0,Campos dos Goytacazes,RJ,Censo Escolar 2023,Evangélica,Educação Presbiteriana,005N400000CUSPxIAP,R$ 500 a R$ 1.000,2027,Mackenzie,11.0,1.0,1 - Sim,,,3.0,2026-08-07,Satisfação com preço do atual parceiro,
006N400000bTVZOIA4,001N400000NlDGzIAN,Conviver,93353.91,2026-03-28,2026-05-15,2026-03-28 23:16:13,3,3,3,Validação pedagógica,open,48,0,2,0,0,0.0,Prospecção,250-500,B - Aceleração,700.0,Média,135.0,140.0,42.0,0.0,Campos dos Goytacazes,RJ,Censo Escolar 2023,Evangélica,Educação Presbiteriana,005N400000CUSPxIAP,R$ 500 a R$ 1.000,2027,Mackenzie,11.0,1.0,1 - Sim,,,3.0,2026-08-07,Satisfação com preço do atual parceiro,
006N400000bTb8XIAS,001N400000NlDGzIAN,Poliedro,355026.94,2026-03-28,2026-08-07,2026-03-28 23:50:03,4,4,4,Oportunidade perdida,lost,132,0,3,0,0,84.0,Prospecção,250-500,B - Aceleração,700.0,Média,135.0,140.0,42.0,0.0,Campos dos Goytacazes,RJ,Censo Escolar 2023,Evangélica,Educação Presbiteriana,005N400000CUSPxIAP,R$ 500 a R$ 1.000,2027,Mackenzie,11.0,1.0,1 - Sim,,,3.0,2026-08-07,Satisfação com preço do atual parceiro,0.0
006N400000bVL65IAG,0014v00002gjPZqAAM,Conviver,35391.1,2026-03-30,2026-05-13,2026-03-30 03:50:59,4,4,4,Oportunidade perdida,lost,44,0,3,0,0,44.0,Prospecção,250-500,B - Aceleração,650.0,Média,147.0,156.0,45.0,105.0,Fortaleza,CE,Censo Escolar 2021,Católica,AEVSLM - Associação de Educação Vicentina Santa Luíza de Marillac,0056g00000468kkAAA,R$ 1.500 a R$ 2.000,2027,Material Próprio,3.0,1.0,3 - Não,,,2.0,2026-05-13,Satisfação com serviço do atual parceiro,0.0
006N400000bWvcBIAS,001N400000hO981IAC,Conviver,553879.7,2026-03-30,2026-07-08,2026-03-30 13:33:51,3,3,3,Validação pedagógica,open,100,0,2,0,0,19.0,Prospecção,Acima de 1.000,B - Aceleração,700.0,Alta,815.0,595.0,87.0,363.0,São Bernardo do Campo,SP,Censo Escolar/Fale conosco,Evangélica,,005N400000HLGCrIAP,R$ 2.500 a R$ 3.000,2027,Anglo,14.0,1.0,3 - Não,,,2.0,2026-07-08,,
006N400000bWx7iIAC,001N400000hO981IAC,Poliedro,1950612.43,2026-03-30,2026-07-30,2026-03-30 13:27:31,7,7,7,Documentação enviada,open,122,0,6,0,0,45.0,Prospecção,Acima de 1.000,B - Aceleração,700.0,Alta,815.0,595.0,87.0,363.0,São Bernardo do Campo,SP,Censo Escolar/Fale conosco,Evangélica,,005N400000HLGCrIAP,R$ 2.500 a R$ 3.000,2027,Anglo,14.0,1.0,3 - Não,,,2.0,2026-07-08,,
006N400000bX0C1IAK,001N400000JgWOnIAN,Poliedro,187305.0,2026-03-30,2026-07-22,2026-03-30 13:24:31,4,4,4,Oportunidade perdida,lost,114,0,3,0,0,72.0,Prospecção,0-250,C - Estruturação,500.0,Não prioritária,0.0,36.0,24.0,0.0,Patos de Minas,MG,Censo Escolar 2021,Não segue orientação religiosa específica,,0054v00000EkfjPAAR,R$ 1.500 a R$ 2.000,2026,Farias Brito,3.0,1.0,2 - Agendado,1.0,Inbound Poliedro 2026,1.0,2026-07-22,Satisfação com serviço do atual parceiro,0.0
006N400000bX4tyIAC,001N400000NlLpcIAF,Polígono,87522.4,2026-03-30,2026-07-03,2026-03-30 13:45:59,3,3,3,Validação pedagógica,open,95,0,2,0,0,18.0,Prospecção,0-250,C - Estruturação,500.0,Média,0.0,0.0,100.0,0.0,Botucatu,SP,Censo Escolar 2023,Católica,Rede La Salle,005N400000HLGCrIAP,R$ 1.500 a R$ 2.000,2026,COC,6.0,1.0,3 - Não,,,1.0,2026-07-03,,
006N400000bYW6eIAG,001N4000008qtFJIAY,Polígono,368502.4,2026-03-30,2026-05-05,2026-03-30 17:52:15,2,2,2,Oportunidade perdida,lost,36,0,1,0,0,36.0,Prospecção,500-750,B - Aceleração,675.0,Alta,230.0,229.0,0.0,151.0,Criciúma,SC,Censo Escolar 2021,Não segue orientação religiosa específica,,005N400000PJiOjIAL,R$ 1.500 a R$ 2.000,2027,Positivo,8.0,1.0,1 - Sim,2.0,Estudo de Geomarketing | Inbound Poliedro 2026,2.0,2026-06-23,Pacote agressivo de benefícios do concorrente | Perda automática por higienização,0.0
006N400000bYn95IAC,001N400000EDbPzIAL,Poliedro,579336.0,2026-03-30,2026-06-19,2026-03-30 18:12:33,4,4,4,Oportunidade perdida,lost,81,0,3,0,0,50.0,Prospecção,250-500,B - Aceleração,650.0,Média,146.0,257.0,77.0,0.0,Ribeirão das Neves,MG,Censo Escolar 2021,Não segue orientação religiosa específica,,005N400000OGlMvIAL,R$ 500 a R$ 1.000,2027,Pitágoras,4.0,1.0,3 - Não,2.0,Diálogos Belo Horizonte 2026-04-08 | Inbound Poliedro 2026,2.0,2026-06-19,Renovou com atual parceiro,0.0
006N400000bYqoUIAS,001N4000010AxzHIAS,Polígono,40331.62,2026-03-30,2026-08-11,2026-03-30 17:17:09,12,12,12,Contrato assinado,won,134,1,10,0,0,6.0,Prospecção,Sem Dados,Sem Clusterização Comercial em 2026,0.0,Não prioritária,0.0,0.0,0.0,0.0,Belo Horizonte,MG,SDR,Não segue orientação religiosa específica,,0054v00000EkfjPAAR,R$ 500 a R$ 1.000,2026,Sem Dados,7.0,1.0,1 - Sim,1.0,Diálogos Belo Horizonte 2026-04-08,1.0,2026-08-11,,1.0
006N400000baYPFIA2,001N400000NlGAKIA3,Poliedro,375366.0,2026-03-30,2026-06-08,2026-03-30 22:44:00,3,3,3,Oportunidade perdida,lost,70,0,2,0,0,26.0,Prospecção,750-1.000,B - Aceleração,700.0,Alta,336.0,271.0,36.0,212.0,Natal,RN,Censo Escolar 2023,Católica,Rede Salesiana,0056g00000468kkAAA,R$ 1.500 a R$ 2.000,2027,Salesianos,3.0,1.0,1 - Sim,1.0,Relatório Enem,1.0,2026-06-08,Satisfação com preço do atual parceiro,0.0
006N400000bbI0mIAE,0014v00002Nso3uAAB,Conviver,453318.52,2026-03-31,2026-07-07,2026-03-31 10:10:02,4,4,4,Proposta tabela,open,98,0,3,0,0,53.0,Prospecção,750-1.000,A - Referência,900.0,Alta,351.0,410.0,87.0,66.0,São Carlos,SP,Censo Escolar 2019,Católica,Rede La Salle,0056g0000034OkkAAE,R$ 1.500 a R$ 2.000,2028,COC,20.0,1.0,3 - Não,1.0,Estudo de Geomarketing,3.0,2026-08-04,Análise de Impacto de Escola Associada | Satisfação com serviço do atual parceiro,
006N400000bdTjBIAU,001N400000hemtpIAA,Poliedro,110007.4,2026-03-31,2026-05-14,2026-03-31 14:23:09,2,2,2,Oportunidade perdida,lost,44,0,1,0,0,44.0,Prospecção,0-250,C - Estruturação,525.0,Não prioritária,0.0,0.0,41.0,0.0,Gaspar,SC,Censo Escolar 2023,Não segue orientação religiosa específica,,005N400000PJiOjIAL,R$ 1.000 a R$ 1.500,2028,Livros Didáticos,1.0,1.0,3 - Não,1.0,Inbound Poliedro 2026,1.0,2026-05-14,Satisfação com serviço do atual parceiro,0.0
006N400000bdiDZIAY,001N400000hevv8IAA,Poliedro,61091.2,2026-03-31,2026-05-29,2026-03-31 14:57:29,3,3,3,Oportunidade perdida,lost,59,0,2,0,0,30.0,Prospecção,0-250,D - Capilaridade,425.0,Não prioritária,75.0,65.0,0.0,65.0,Caraguatatuba,SP,Censo Escolar 2023,Não segue orientação religiosa específica,,005N40000035sinIAA,R$ 1.000 a R$ 1.500,2027,COC,1.0,1.0,3 - Não,,,1.0,2026-05-29,Análise de Impacto de Escola Associada,0.0
006N400000bdlrNIAQ,0014v00002NBH8iAAH,Poliedro,704756.27,2026-03-31,2026-05-22,2026-03-31 15:05:56,6,6,6,Negociação e ajuste financeiro,open,52,0,5,0,0,7.0,Prospecção,250-500,C - Estruturação,550.0,Alta,132.0,149.0,45.0,76.0,Guarulhos,SP,Censo Escolar 2019,Não segue orientação religiosa específica,,005N400000P4NcLIAV,R$ 1.000 a R$ 1.500,2026,FTD,6.0,1.0,1 - Sim,1.0,Relatório Enem,2.0,2026-05-27,,
006N400000bf8FdIAI,0014v00002NBH8iAAH,Conviver,44640.65,2026-03-31,2026-05-27,2026-03-31 17:53:30,6,6,6,Negociação e ajuste financeiro,open,57,0,5,0,0,12.0,Prospecção,250-500,C - Estruturação,550.0,Alta,132.0,149.0,45.0,76.0,Guarulhos,SP,Censo Escolar 2019,Não segue orientação religiosa específica,,005N400000P4NcLIAV,R$ 1.000 a R$ 1.500,2026,FTD,6.0,1.0,1 - Sim,1.0,Relatório Enem,2.0,2026-05-27,,
006N400000bfCBFIA2,001N400000DAC5QIAX,Polígono,203627.82,2026-03-31,2026-05-14,2026-03-31 20:21:12,4,4,4,Oportunidade perdida,lost,44,0,3,0,0,17.0,Prospecção,750-1.000,B - Aceleração,750.0,Alta,333.0,435.0,136.0,34.0,Manaus,AM,Prospeccao_ativa,Não segue orientação religiosa específica,,005N400000NsHxxIAF,R$ 100 a R$ 500,2027,FTD,3.0,1.0,3 - Não,,,1.0,2026-05-14,Satisfação com preço do atual parceiro,0.0
006N400000bfrCmIAI,001N400000FR1NeIAL,Poliedro,192252.76,2026-03-31,2026-08-07,2026-03-31 20:17:35,12,12,12,Contrato assinado,won,129,1,10,0,0,1.0,Prospecção,0-250,B - Aceleração,700.0,Média,69.0,0.0,0.0,147.0,Itaguaí,RJ,Censo Escolar 2021,Não segue orientação religiosa específica,,0054v00000DvfXIAAZ,R$ 500 a R$ 1.000,2026,Amplia,12.0,1.0,3 - Não,1.0,Estudo de Geomarketing,1.0,2026-08-07,,1.0
006N400000bfu7PIAQ,0014v00002mvjh4AAA,Poliedro,1599532.37,2026-03-31,2026-03-31,2026-03-31 21:28:20,1,1,1,Solicitação de material,open,0,0,0,0,0,,Prospecção,Acima de 1.000,B - Aceleração,675.0,Alta,450.0,437.0,84.0,189.0,Manaus,AM,Censo Escolar/Fale conosco,,,005N400000NsHxxIAF,R$ 1.500 a R$ 2.000,Sem Dados,Material Próprio,4.0,1.0,3 - Não,,,1.0,2026-03-31,,
006N400000bgWe9IAE,001N400000TPWE3IAP,Polígono,148432.24,2026-03-31,2026-08-07,2026-03-31 20:47:26,6,6,6,Negociação e ajuste financeiro,open,129,0,5,0,0,43.0,Prospecção,0-250,D - Capilaridade,400.0,Não prioritária,0.0,0.0,29.0,0.0,Caraguatatuba,SP,Censo Escolar 2021,Não segue orientação religiosa específica,,005N40000035sinIAA,R$ 500 a R$ 1.000,2026,AZ - Conexia Educação,6.0,1.0,3 - Não,,,1.0,2026-08-07,,
006N400000bgXblIAE,001N400000GwnlVIAR,Polígono,259913.08,2026-03-31,2026-07-31,2026-03-31 20:36:42,4,4,4,Oportunidade perdida,lost,122,0,3,0,0,92.0,Prospecção,0-250,B - Aceleração,675.0,Média,89.0,0.0,0.0,126.0,Itaguaí,RJ,Fale Conosco,Não segue orientação religiosa específica,,0054v00000DvfXIAAZ,R$ 500 a R$ 1.000,2027,Aude,8.0,1.0,1 - Sim,,,1.0,2026-07-31,Satisfação com serviço do atual parceiro,0.0
006N400000bgXyMIAU,001N400000NlBt2IAF,Polígono,143943.56,2026-03-31,2026-06-19,2026-03-31 20:49:23,4,4,4,Oportunidade perdida,lost,80,0,3,0,0,35.0,Prospecção,0-250,C - Estruturação,575.0,Média,83.0,79.0,27.0,0.0,Feira de Santana,BA,Censo Escolar 2023,Não segue orientação religiosa específica,,005N400000Dew5pIAB,R$ 100 a R$ 500,2026,FTD,3.0,1.0,1 - Sim,1.0,Diálogos Feira de Santana 2026-04-22,1.0,2026-06-19,Escola parou de responder,0.0
006N400000bgYG5IAM,0014v00002iQFBUAA4,Polígono,106975.48,2026-03-31,2026-07-17,2026-03-31 20:40:54,4,4,4,Oportunidade perdida,lost,108,0,3,0,0,25.0,Prospecção,0-250,C - Estruturação,550.0,Alta,61.0,100.0,28.0,0.0,Feira de Santana,BA,Censo Escolar 2021,Não segue orientação religiosa específica,,005N400000Dew5pIAB,R$ 0 a R$ 500,2026,Moderna Compartilha,7.0,1.0,3 - Não,,,1.0,2026-07-17,Existe um contrato de longo prazo,0.0
006N400000bhELlIAM,001N400000Ghzv3IAB,Polígono,213552.0,2026-03-31,2026-06-13,2026-03-31 22:22:09,3,3,3,Validação pedagógica,open,74,0,2,0,0,27.0,Prospecção,250-500,B - Aceleração,750.0,Média,119.0,138.0,24.0,38.0,Campos dos Goytacazes,RJ,Censo Escolar 2021,Católica,,005N400000CUSPxIAP,R$ 500 a R$ 1.000,2027,SAE Digital,15.0,1.0,1 - Sim,,,2.0,2026-06-08,,
006N400000bhHd5IAE,0014v00002gjnCaAAI,Poliedro,263788.6,2026-04-01,2026-05-21,2026-04-01 03:04:42,4,4,4,Oportunidade perdida,lost,50,0,3,0,0,1.0,Prospecção,250-500,B - Aceleração,650.0,Alta,81.0,221.0,73.0,0.0,Vinhedo,SP,Censo Escolar 2021,Não segue orientação religiosa específica,,005N400000Dj7E2IAJ,R$ 1.000 a R$ 1.500,2026,Livros Didáticos,2.0,1.0,3 - Não,,,2.0,2026-05-21,Escola não adota sistema de ensino | Satisfação com serviço do atual parceiro,0.0
006N400000bhNgqIAE,001N400000Mfx7jIAB,Poliedro,0.0,2026-03-31,2026-03-31,2026-03-31 23:54:16,2,2,2,Oportunidade perdida,lost,0,0,1,0,0,0.0,Prospecção,250-500,C - Estruturação,625.0,Média,56.0,43.0,0.0,161.0,Porto Alegre,RS,Censo Escolar 2021,Não segue orientação religiosa específica,Grupo Educacional Unificado Ltda.,005N400000OGlrZIAT,R$ 1.000 a R$ 1.500,2027,ProRaiz,1.0,1.0,3 - Não,,,1.0,2026-03-31,Escola encerrou suas atividades,0.0
006N400000bhQ0MIAU,001N400000Mdt0AIAR,Poliedro,0.0,2026-03-31,2026-03-31,2026-03-31 23:52:14,2,2,2,Oportunidade perdida,lost,0,0,1,0,0,0.0,Prospecção,250-500,D - Capilaridade,450.0,Alta,132.0,92.0,0.0,203.0,Porto Alegre,RS,Censo Escolar 2021,Não segue orientação religiosa específica,Grupo Educacional Unificado Ltda.,005N400000OGlrZIAT,R$ 1.000 a R$ 1.500,2027,SAE Digital,2.0,1.0,3 - Não,1.0,Estudo de Geomarketing,1.0,2026-03-31,Escola vendida para grupo educacional,0.0
006N400000bhTJCIA2,001N400000NmcN3IAJ,Conviver,105984.8,2026-03-31,2026-08-10,2026-03-31 23:58:47,4,4,4,Oportunidade perdida,lost,132,0,3,0,0,58.0,Prospecção,250-500,B - Aceleração,700.0,Média,146.0,225.0,38.0,0.0,Campos dos Goytacazes,RJ,Censo Escolar 2023,Católica,Rede Salesiana,005N400000CUSPxIAP,R$ 500 a R$ 1.000,2027,Livros Didáticos,4.0,1.0,1 - Sim,,,1.0,2026-08-10,Satisfação com serviço do atual parceiro,0.0
006N400000bhTe9IAE,001N400000hea6QIAQ,Poliedro,0.0,2026-03-31,2026-03-31,2026-03-31 23:56:14,2,2,2,Oportunidade perdida,lost,0,0,1,0,0,0.0,Prospecção,Sem Dados,D - Capilaridade,375.0,Não prioritária,0.0,0.0,0.0,0.0,Porto Alegre,RS,Censo Escolar 2023,,,005N400000OGlrZIAT,Sem informação,Sem Dados,Sem Dados,1.0,1.0,3 - Não,,,1.0,2026-03-31,Escola encerrou suas atividades,0.0
006N400000bhehgIAA,0014v00002gjnCaAAI,Conviver,72329.88,2026-04-01,2026-05-21,2026-04-01 03:10:33,4,4,4,Oportunidade perdida,lost,50,0,3,0,0,1.0,Prospecção,250-500,B - Aceleração,650.0,Alta,81.0,221.0,73.0,0.0,Vinhedo,SP,Censo Escolar 2021,Não segue orientação religiosa específica,,005N400000Dj7E2IAJ,R$ 1.000 a R$ 1.500,2026,Livros Didáticos,2.0,1.0,3 - Não,,,2.0,2026-05-21,Escola não adota sistema de ensino | Satisfação com serviço do atual parceiro,0.0
006N400000bjhGRIAY,0014v00002vIoBHAA0,Poliedro,106895.45,2026-04-01,2026-06-15,2026-04-01 15:26:00,6,6,6,Negociação e ajuste financeiro,open,75,0,5,0,0,0.0,Prospecção,0-250,C - Estruturação,500.0,Baixa,0.0,49.0,36.0,0.0,Rio de Janeiro,RJ,Censo Escolar/Fale conosco,Não segue orientação religiosa específica,,0054v00000DvfXIAAZ,R$ 500 a R$ 1.000,2026,SAE Digital,9.0,1.0,3 - Não,1.0,Inbound Poliedro 2026,1.0,2026-06-15,,
006N400000bkIz9IAE,001N400000hew1ZIAQ,Poliedro,453719.32,2026-04-01,2026-06-02,2026-04-01 15:33:49,4,4,4,Oportunidade perdida,lost,62,0,3,0,0,25.0,Prospecção,250-500,C - Estruturação,500.0,Média,108.0,291.0,25.0,0.0,Serra,ES,Censo Escolar 2023,Não segue orientação religiosa específica,,0054v00000DvfXIAAZ,R$ 500 a R$ 1.000,2028,Amplia,2.0,1.0,3 - Não,,,1.0,2026-06-02,Satisfação com serviço do atual parceiro,0.0
006N400000bkMt5IAE,001N400000Gx15JIAR,Polígono,196836.86,2026-04-01,2026-06-26,2026-04-01 15:44:06,4,4,4,Oportunidade perdida,lost,86,0,3,0,0,57.0,Prospecção,250-500,B - Aceleração,650.0,Alta,108.0,169.0,40.0,0.0,Itaguaí,RJ,Censo Escolar 2021,Evangélica,,0054v00000DvfXIAAZ,R$ 500 a R$ 1.000,2028,Mackenzie,3.0,1.0,3 - Não,,,1.0,2026-06-26,Satisfação com preço e serviço do atual parceiro,0.0
006N400000blRM1IAM,001N400000F7Uf4IAF,Poliedro,375366.0,2026-04-01,2026-07-06,2026-04-01 17:46:35,4,4,4,Oportunidade perdida,lost,96,0,3,0,0,14.0,Prospecção,750-1.000,C - Estruturação,625.0,Alta,296.0,372.0,143.0,0.0,São Luís,MA,Censo Escolar 2021,Católica,Associação Irmãs Missionárias Capuchinhas,0056g00000468kkAAA,R$ 500 a R$ 1.000,2026,Livros Didáticos,5.0,1.0,1 - Sim,,,1.0,2026-07-06,Satisfação com serviço do atual parceiro,0.0
006N400000bq5PjIAI,0014v00002giNAeAAM,Conviver,140283.24,2026-04-02,2026-06-11,2026-04-02 12:32:13,3,3,3,Validação pedagógica,open,70,0,2,0,0,29.0,Prospecção,500-750,B - Aceleração,725.0,Alta,168.0,182.0,83.0,111.0,Paranaguá,PR,Censo Escolar/Fale conosco,Católica,,005N40000035kTVIAY,R$ 1.000 a R$ 1.500,2027,Anglo,10.0,1.0,1 - Sim,,,2.0,2026-06-11,,
006N400000bqKrpIAE,001N400000IJS9XIAX,Poliedro,295706.92,2026-04-02,2026-07-07,2026-04-02 13:52:14,4,4,4,Proposta tabela,open,96,0,3,0,0,53.0,Prospecção,750-1.000,C - Estruturação,550.0,Alta,267.0,377.0,90.0,107.0,São Paulo,SP,Censo Escolar 2021,Católica,Rede Santa Marcelina,0056g0000034OkkAAE,R$ 1.500 a R$ 2.000,2026,Livros Didáticos,9.0,1.0,3 - Não,,,1.0,2026-07-07,,
006N400000bqW05IAE,0014v00002fAstcAAC,Poliedro,573620.0,2026-04-02,2026-06-25,2026-04-02 13:03:18,4,4,4,Oportunidade perdida,lost,84,0,3,0,0,48.0,Prospecção,750-1.000,A - Referência,850.0,Alta,213.0,244.0,119.0,363.0,Ivoti,RS,Censo Escolar 2019,Não segue orientação religiosa específica,,005N400000OGlrZIAT,R$ 500 a R$ 1.000,2028,Livros Didáticos,4.0,1.0,3 - Não,2.0,Estudo de Geomarketing | Relatório Enem,1.0,2026-06-25,Satisfação com serviço do atual parceiro,0.0
006N400000brWSfIAM,0014v00002gjPA2AAM,Poliedro,338415.93,2026-04-02,2026-06-19,2026-04-02 14:51:05,5,5,5,Proposta personalizada,open,78,0,4,0,0,32.0,Prospecção,500-750,B - Aceleração,725.0,Alta,267.0,348.0,87.0,35.0,Aracati,CE,Censo Escolar 2021,Católica,Rede Vicentina De Educação,0056g00000468kkAAA,R$ 500 a R$ 1.000,2028,Bernoulli,16.0,1.0,1 - Sim,2.0,Diálogos Bett Brasil 2026-05-07 | Relatório Enem,1.0,2026-06-19,,
006N400000brvEDIAY,0014v00002lYPqmAAG,Conviver,50052.3,2026-04-02,2026-06-18,2026-04-02 17:39:32,6,6,6,Oportunidade perdida,lost,77,0,5,0,0,0.0,Prospecção,500-750,A - Referência,800.0,Alta,226.0,266.0,72.0,123.0,São Luís,MA,Censo Escolar 2021,Católica,AEVSLM - Associação de Educação Vicentina Santa Luíza de Marillac,0056g00000468kkAAA,R$ 1.000 a R$ 1.500,2028,SM - Educamos,17.0,1.0,1 - Sim,4.0,Diálogos Bett Brasil 2026-05-07 | Encontro de Lideranças Católicas | Imersão 2026-06-25 - Poliedro (CEV) | Relatório Enem,2.0,2026-08-10,Pacote agressivo de benefícios do concorrente,0.0
006N400000bszR0IAI,001N400000NlM1pIAF,Polígono,165331.28,2026-04-02,2026-05-21,2026-04-02 18:17:52,2,2,2,Oportunidade perdida,lost,49,0,1,0,0,49.0,Prospecção,0-250,D - Capilaridade,425.0,Não prioritária,75.0,114.0,37.0,0.0,Jacareí,SP,Censo Escolar 2023,Não segue orientação religiosa específica,,005N40000035sinIAA,R$ 1.000 a R$ 1.500,2026,Livros Didáticos,2.0,1.0,3 - Não,,,1.0,2026-05-21,Satisfação com serviço do atual parceiro,0.0
006N400000bzJEwIAM,0014v00002mx3uTAAQ,Poliedro,529946.0,2026-04-06,2026-04-06,2026-04-06 01:44:42,1,1,1,Solicitação de material,open,0,0,0,0,0,,Prospecção,500-750,A - Referência,875.0,Alta,236.0,231.0,33.0,187.0,Manaus,AM,Censo Escolar 2021,Não segue orientação religiosa específica,,005N400000NsHxxIAF,R$ 500 a R$ 1.000,2027,Geekie One,7.0,1.0,3 - Não,2.0,Estudo de Geomarketing | Relatório Enem,1.0,2026-04-06,,
006N400000bzczCIAQ,001N400000hJOUDIA4,Polígono,423493.66,2026-04-06,2026-05-07,2026-04-06 10:09:22,4,4,4,Oportunidade perdida,lost,31,0,3,0,0,7.0,Prospecção,500-750,B - Aceleração,725.0,Alta,191.0,296.0,37.0,93.0,São Bernardo do Campo,SP,Censo Escolar 2021,Não segue orientação religiosa específica,,005N400000P4NcLIAV,R$ 2.000 a R$ 2.500,2028,Geekie One,8.0,1.0,3 - Não,1.0,Relatório Enem,1.0,2026-05-07,Satisfação com serviço do atual parceiro,0.0
006N400000c0ZxbIAE,0014v00002qh8yMAAQ,Polígono,240421.42,2026-04-06,2026-05-26,2026-04-06 12:32:36,3,3,3,Validação pedagógica,open,50,0,2,0,0,0.0,Prospecção,250-500,D - Capilaridade,450.0,Média,90.0,180.0,0.0,9.0,Esteio,RS,Censo Escolar 2021,Não segue orientação religiosa específica,Instituicao Educacional E Beneficente Assembleia De Deus -Iebad,005N400000OGlrZIAT,R$ 500 a R$ 1.000,2027,Moderna Compartilha,2.0,1.0,3 - Não,,,1.0,2026-05-26,,
006N400000c1EKuIAM,001N400000sPQ3ZIAW,Polígono,49541.77,2026-04-06,2026-07-06,2026-04-06 15:02:33,12,12,12,Contrato assinado,won,91,1,10,0,0,28.0,Prospecção,Sem Dados,Sem Clusterização Comercial em 2026,0.0,Alta,0.0,0.0,0.0,0.0,São Paulo,SP,SDR,Não segue orientação religiosa específica,,005N400000OePRkIAN,R$ 500 a R$ 1.000,2026,Maxi,5.0,1.0,3 - Não,2.0,Diálogos GEduc 2026-03-26 | Imersão 2026-05-19,1.0,2026-07-06,,1.0
006N400000c366FIAQ,001N400000NlDrGIAV,Poliedro,674654.8,2026-04-06,2026-05-26,2026-04-06 17:47:19,4,4,4,Oportunidade perdida,lost,50,0,3,0,0,0.0,Prospecção,750-1.000,B - Aceleração,725.0,Alta,241.0,306.0,97.0,125.0,Belo Horizonte,MG,Censo Escolar 2023,Não segue orientação religiosa específica,,005N400000OGlMvIAL,R$ 1.500 a R$ 2.000,2028,Livros Didáticos,4.0,1.0,3 - Não,1.0,Diálogos Belo Horizonte 2026-04-08,1.0,2026-05-26,Satisfação com preço do atual parceiro,0.0
006N400000c4PDGIA2,001N400000JMa9xIAD,Polígono,215205.4,2026-04-06,2026-06-09,2026-04-06 19:59:00,2,2,2,Oportunidade perdida,lost,64,0,1,0,0,64.0,Prospecção,500-750,B - Aceleração,675.0,Alta,220.0,341.0,84.0,75.0,São Gonçalo,RJ,Censo Escolar 2021,Não segue orientação religiosa específica,,005N400000DAfNPIA1,R$ 500 a R$ 1.000,2026,Editora Brasil,5.0,1.0,3 - Não,1.0,Relatório Enem,2.0,2026-08-06,,0.0
006N400000c54uuIAA,001N400000NlLpmIAF,Conviver,128815.86,2026-04-07,2026-07-03,2026-04-07 00:09:21,3,3,3,Validação pedagógica,open,87,0,2,0,0,18.0,Prospecção,500-750,C - Estruturação,550.0,Alta,223.0,209.0,43.0,98.0,Ribeirão Preto,SP,Censo Escolar 2023,Católica,Rede Salesiana,005N400000HLGCrIAP,R$ 1.500 a R$ 2.000,2028,Material Próprio,9.0,1.0,3 - Não,1.0,Estudo de Geomarketing,2.0,2026-07-03,,
006N400000c58iDIAQ,0014v00002nWBLHAA4,Polígono,33446.06,2026-04-06,2026-04-07,2026-04-06 23:58:07,2,2,2,Oportunidade perdida,lost,1,0,1,0,0,1.0,Prospecção,0-250,C - Estruturação,550.0,Baixa,0.0,0.0,44.0,0.0,Batatais,SP,Censo Escolar 2021,Espírita,Sociedade Espirita,005N400000HLGCrIAP,R$ 500 a R$ 1.000,2029,SAE Digital,1.0,1.0,3 - Não,,,1.0,2026-04-07,Preço de venda abaixo do perfil do sistema de ensino,0.0
006N400000c58rtIAA,0014v00002dpjwBAAQ,Polígono,38321.14,2026-04-07,2026-04-07,2026-04-07 00:00:39,2,2,2,Oportunidade perdida,lost,0,0,1,0,0,0.0,Prospecção,0-250,C - Estruturação,525.0,Baixa,0.0,44.0,58.0,0.0,Batatais,SP,Censo Escolar 2019,Espírita,Sociedade Espirita,005N400000HLGCrIAP,R$ 500 a R$ 1.000,2026,Livros Didáticos,2.0,1.0,3 - Não,,,2.0,2026-04-07,Preço de venda abaixo do perfil do sistema de ensino,0.0
006N400000c58zxIAA,0014v00002dpjwBAAQ,Conviver,22879.86,2026-04-07,2026-04-07,2026-04-07 00:02:01,2,2,2,Oportunidade perdida,lost,0,0,1,0,0,0.0,Prospecção,0-250,C - Estruturação,525.0,Baixa,0.0,44.0,58.0,0.0,Batatais,SP,Censo Escolar 2019,Espírita,Sociedade Espirita,005N400000HLGCrIAP,R$ 500 a R$ 1.000,2026,Livros Didáticos,2.0,1.0,3 - Não,,,2.0,2026-04-07,Preço de venda abaixo do perfil do sistema de ensino,0.0
006N400000c59XpIAI,001N400000NlLpmIAF,Poliedro,123068.88,2026-04-07,2026-07-03,2026-04-07 00:07:54,3,3,3,Validação pedagógica,open,87,0,2,0,0,18.0,Prospecção,500-750,C - Estruturação,550.0,Alta,223.0,209.0,43.0,98.0,Ribeirão Preto,SP,Censo Escolar 2023,Católica,Rede Salesiana,005N400000HLGCrIAP,R$ 1.500 a R$ 2.000,2028,Material Próprio,9.0,1.0,3 - Não,1.0,Estudo de Geomarketing,2.0,2026-07-03,,
006N400000c6zCkIAI,001N400000NlG8tIAF,Polígono,127104.16,2026-04-07,2026-05-21,2026-04-07 14:26:12,4,4,4,Oportunidade perdida,lost,44,0,3,0,0,0.0,Prospecção,0-250,C - Estruturação,500.0,Média,0.0,98.0,40.0,0.0,Itapipoca,CE,Censo Escolar 2023,Não segue orientação religiosa específica,,005N400000P9zIoIAJ,R$ 100 a R$ 500,2029,FTD,2.0,1.0,3 - Não,,,1.0,2026-05-21,Existe um contrato de longo prazo,0.0
006N400000c75TKIAY,001N400000FK9ZZIA1,Polígono,167337.07,2026-04-07,2026-07-20,2026-04-07 13:22:39,6,6,6,Oportunidade perdida,lost,104,0,5,0,0,82.0,Prospecção,250-500,B - Aceleração,650.0,Alta,105.0,93.0,38.0,68.0,João Pessoa,PB,Censo Escolar 2021,Não segue orientação religiosa específica,,005N400000DevL3IAJ,R$ 100 a R$ 500,2026,FTD,5.0,1.0,1 - Sim,2.0,Estudo de Geomarketing | Relatório Enem,1.0,2026-07-20,Pacote agressivo de benefícios do concorrente,0.0
006N400000c7LTFIA2,001N400000NlLsjIAF,Polígono,53769.85,2026-04-07,2026-08-07,2026-04-07 13:41:57,6,6,6,Negociação e ajuste financeiro,open,122,0,5,0,0,43.0,,,,,,,,,,,,,,,,,,,,1.0,3 - Não,,,1.0,2026-08-07,,
006N400000c8mo5IAA,0014v00002oKAlgAAG,Conviver,175739.09,2026-04-07,2026-04-23,2026-04-07 18:21:49,4,4,4,Oportunidade perdida,lost,16,0,3,0,0,16.0,Prospecção,0-250,A - Referência,875.0,Alta,0.0,0.0,0.0,231.0,Indaiatuba,SP,Censo Escolar 2021,,Parque Ecologico Educacao Ltda,0054v00000EkXMDAA3,R$ 1.000 a R$ 1.500,2026,Geekie One,21.0,1.0,1 - Sim,1.0,Relatório Enem,2.0,2026-06-23,Satisfação com serviço do atual parceiro,0.0
006N400000c9Pe5IAE,001N400000AY9knIAD,Poliedro,0.0,2026-04-07,2026-05-19,2026-04-07 18:17:36,4,4,4,Oportunidade perdida,lost,42,0,3,0,0,0.0,Prospecção,250-500,C - Estruturação,575.0,Alta,171.0,126.0,30.0,0.0,Itapipoca,CE,Censo Escolar 2021,Não segue orientação religiosa específica,,005N400000P9zIoIAJ,R$ 500 a R$ 1.000,2026,PH,3.0,1.0,3 - Não,,,1.0,2026-05-19,Existe um contrato de longo prazo,0.0
006N400000c9SCCIA2,0014v00002pSjz5AAC,Conviver,96869.86,2026-04-07,2026-05-20,2026-04-07 18:55:50,4,4,4,Oportunidade perdida,lost,43,0,3,0,0,0.0,Prospecção,250-500,B - Aceleração,675.0,Alta,152.0,166.0,36.0,40.0,Bauru,SP,Censo Escolar 2021,Não segue orientação religiosa específica,,0054v00000EkXMDAA3,R$ 1.000 a R$ 1.500,2029,Anglo,12.0,1.0,1 - Sim,2.0,Conexões 13/04 a 15/04 | Estudo de Geomarketing,3.0,2026-05-20,Análise de Impacto de Escola Associada | Existe um contrato de longo prazo,0.0
006N400000c9hkcIAA,0014v00002lqVO3AAM,Conviver,96497.78,2026-04-07,2026-04-23,2026-04-07 18:31:42,4,4,4,Oportunidade perdida,lost,16,0,3,0,0,16.0,Prospecção,250-500,B - Aceleração,650.0,Alta,136.0,136.0,38.0,0.0,Indaiatuba,SP,Censo Escolar 2021,,,0054v00000EkXMDAA3,R$ 500 a R$ 1.000,2026,Geekie One,15.0,1.0,1 - Sim,,,2.0,2026-06-23,Satisfação com serviço do atual parceiro,0.0
006N400000cAmezIAC,001N400000B3Cr7IAF,Poliedro,354570.0,2026-04-07,2026-07-21,2026-04-07 22:49:23,4,4,4,Oportunidade perdida,lost,105,0,3,0,0,82.0,Prospecção,250-500,B - Aceleração,675.0,Média,196.0,93.0,0.0,0.0,Nova Lima,MG,Censo Escolar 2022,Não segue orientação religiosa específica,Escola Infantil Doce Mel Ltda,005N400000OGlMvIAL,R$ 1.000 a R$ 1.500,2026,Positivo,4.0,1.0,1 - Sim,,,1.0,2026-07-21,,0.0
006N400000cAnhVIAS,001N400000IslZ5IAJ,Polígono,181953.52,2026-04-07,2026-06-25,2026-04-07 22:59:21,5,5,5,Oportunidade perdida,lost,79,0,4,0,0,15.0,Prospecção,0-250,C - Estruturação,625.0,Alta,67.0,72.0,51.0,20.0,Teresópolis,RJ,Censo Escolar 2021,Não segue orientação religiosa específica,,005N400000DAfNPIA1,R$ 500 a R$ 1.000,2026,Positivo,6.0,1.0,3 - Não,,,1.0,2026-06-25,Renovou com atual parceiro,0.0
006N400000cD8A5IAK,0016g00000M90UTAAZ,Poliedro,977397.6,2026-04-08,2026-08-03,2026-04-08 14:26:14,4,4,4,Oportunidade perdida,lost,117,0,3,0,0,73.0,Prospecção,750-1.000,A - Referência,825.0,Alta,348.0,326.0,54.0,160.0,Mauá,SP,Censo Escolar 2019,Não segue orientação religiosa específica,,005N400000P4NcLIAV,R$ 1.000 a R$ 1.500,2028,LIV,6.0,1.0,1 - Sim,,,2.0,2026-08-03,Existe um contrato de longo prazo,0.0
006N400000cDLdSIAW,0016g00000M90UTAAZ,Conviver,168621.79,2026-04-08,2026-08-03,2026-04-08 14:32:46,4,4,4,Oportunidade perdida,lost,117,0,3,0,0,82.0,Prospecção,750-1.000,A - Referência,825.0,Alta,348.0,326.0,54.0,160.0,Mauá,SP,Censo Escolar 2019,Não segue orientação religiosa específica,,005N400000P4NcLIAV,R$ 1.000 a R$ 1.500,2028,LIV,6.0,1.0,1 - Sim,,,2.0,2026-08-03,Existe um contrato de longo prazo,0.0
006N400000cEEZwIAO,001N400000heYrKIAU,Poliedro,160841.23,2026-04-08,2026-08-04,2026-04-08 17:11:06,5,5,5,Oportunidade perdida,lost,118,0,4,0,0,28.0,Prospecção,0-250,D - Capilaridade,425.0,Não prioritária,0.0,99.0,47.0,0.0,São Paulo,SP,Censo Escolar 2023,Não segue orientação religiosa específica,,0056g0000034OkkAAE,R$ 1.500 a R$ 2.000,2026,Geekie One,9.0,1.0,3 - Não,1.0,Inbound Poliedro 2026,1.0,2026-08-04,Satisfação com preço do atual parceiro,0.0
006N400000cElKaIAK,001N400000Nl6DRIAZ,Conviver,81538.85,2026-04-08,2026-06-16,2026-04-08 17:25:20,4,4,4,Oportunidade perdida,lost,69,0,3,0,0,32.0,Prospecção,250-500,C - Estruturação,550.0,Média,122.0,184.0,48.0,81.0,São Paulo,SP,Censo Escolar 2023,Católica,Rede Notre Dame,0056g0000034OkkAAE,R$ 1.000 a R$ 1.500,2027,Geekie One,22.0,1.0,1 - Sim,1.0,Conexões 13/04 a 15/04,2.0,2026-06-16,Renovou com atual parceiro,0.0
006N400000cExbpIAC,001N400000Nl6DRIAZ,Poliedro,554243.53,2026-04-08,2026-06-16,2026-04-08 17:17:15,6,6,6,Negociação e ajuste financeiro,open,69,0,5,0,0,0.0,Prospecção,250-500,C - Estruturação,550.0,Média,122.0,184.0,48.0,81.0,São Paulo,SP,Censo Escolar 2023,Católica,Rede Notre Dame,0056g0000034OkkAAE,R$ 1.000 a R$ 1.500,2027,Geekie One,22.0,1.0,1 - Sim,1.0,Conexões 13/04 a 15/04,2.0,2026-06-16,Renovou com atual parceiro,
006N400000cF2i2IAC,001N400000NlAVCIA3,Polígono,83892.96,2026-04-08,2026-05-19,2026-04-08 18:45:12,4,4,4,Oportunidade perdida,lost,41,0,3,0,0,0.0,Prospecção,0-250,C - Estruturação,525.0,Não prioritária,44.0,64.0,25.0,0.0,Quixadá,CE,Censo Escolar 2023,Não segue orientação religiosa específica,,005N400000P9zIoIAJ,R$ 0 a R$ 500,2030,Conquista,7.0,1.0,3 - Não,,,1.0,2026-05-19,,0.0
006N400000cFAFkIAO,001N400000NlGInIAN,Poliedro,209776.5,2026-04-08,2026-05-22,2026-04-08 21:09:30,4,4,4,Oportunidade perdida,lost,44,0,3,0,0,9.0,Prospecção,500-750,B - Aceleração,700.0,Alta,161.0,284.0,94.0,64.0,Santo Ângelo,RS,Censo Escolar 2023,Católica,Rede Verzeri,005N40000035kTVIAY,R$ 1.000 a R$ 1.500,2027,Uno Educação,3.0,1.0,1 - Sim,,,1.0,2026-05-22,Existe um contrato de longo prazo,0.0
006N400000cFTewIAG,001N400000BBclDIAT,Polígono,196688.72,2026-04-08,2026-05-18,2026-04-08 18:36:58,3,3,3,Validação pedagógica,open,40,0,2,0,0,0.0,Prospecção,250-500,B - Aceleração,750.0,Alta,94.0,103.0,0.0,73.0,João Pessoa,PB,Censo Escolar 2021,Não segue orientação religiosa específica,,005N400000DevL3IAJ,R$ 500 a R$ 1.000,2026,Uno Educação,5.0,1.0,3 - Não,2.0,Estudo de Geomarketing | Relatório Enem,2.0,2026-05-18,,
006N400000cFaJuIAK,0014v00002UhoeSAAR,Polígono,169476.54,2026-04-08,2026-07-06,2026-04-08 19:58:15,12,12,12,Contrato assinado,won,89,1,10,0,0,11.0,Prospecção,0-250,D - Capilaridade,450.0,Média,47.0,130.0,38.0,0.0,São José do Rio Preto,SP,Censo Escolar 2019,Não segue orientação religiosa específica,,005N400000OeNBQIA3,R$ 500 a R$ 1.000,2026,Positivo,5.0,1.0,1 - Sim,,,3.0,2026-07-06,,1.0
006N400000cFuiRIAS,001N400000Ay3QJIAZ,Poliedro,1347397.35,2026-04-08,2026-06-30,2026-04-08 21:38:32,4,4,4,Proposta tabela,open,83,0,3,0,0,48.0,Prospecção,Acima de 1.000,A - Referência,900.0,Alta,379.0,656.0,130.0,142.0,Canoas,RS,Censo Escolar 2021,Católica,Rede La Salle,005N40000035kTVIAY,R$ 1.500 a R$ 2.000,2026,Positivo,10.0,1.0,1 - Sim,5.0,Conexões 13/04 a 15/04 | Diálogos Bett Brasil 2026-05-07 | Encontro de Lideranças Católicas | Estudo de Geomarketing | Relatório Enem,2.0,2026-08-07,,
006N400000cG4L9IAK,001N400000NlG8oIAF,Polígono,239308.27,2026-04-08,2026-06-29,2026-04-08 19:41:21,5,5,5,Oportunidade perdida,lost,82,0,4,0,0,81.0,Prospecção,250-500,C - Estruturação,550.0,Alta,149.0,200.0,37.0,0.0,Imperatriz,MA,Censo Escolar 2023,,,0054v00000DjxE1AAJ,R$ 0 a R$ 500,2026,Mackenzie,6.0,1.0,3 - Não,,,1.0,2026-06-29,Renovou com atual parceiro,0.0
006N400000cGEZ1IAO,001N400000FZtvSIAT,Conviver,131787.72,2026-04-08,2026-07-10,2026-04-08 20:07:25,6,6,6,Oportunidade perdida,lost,93,0,5,0,0,10.0,Prospecção,250-500,B - Aceleração,725.0,Média,141.0,137.0,0.0,0.0,Balneário Camboriú,SC,Censo Escolar 2021,Não segue orientação religiosa específica,,005N400000PJiOjIAL,R$ 1.000 a R$ 1.500,2027,Positivo,2.0,1.0,3 - Não,1.0,Estudo de Geomarketing,1.0,2026-07-10,Existe um contrato de longo prazo,0.0
006N400000cGKD1IAO,001N400000KzeOQIAZ,Poliedro,198763.42,2026-04-08,2026-07-17,2026-04-08 20:25:51,5,5,5,Oportunidade perdida,lost,100,0,4,0,0,31.0,Prospecção,250-500,C - Estruturação,550.0,Média,144.0,161.0,56.0,73.0,São Paulo,SP,Censo Escolar 2021,Católica,,0056g0000034OkkAAE,R$ 2.500 a R$ 3.000,2026,PH,3.0,1.0,3 - Não,,,1.0,2026-07-17,Escola parou de responder,0.0
006N400000cGQWxIAO,001N400000heYi3IAE,Polígono,79029.0,2026-04-08,2026-08-11,2026-04-08 21:34:31,5,5,5,Proposta personalizada,open,125,0,4,0,0,71.0,Prospecção,0-250,C - Estruturação,550.0,Não prioritária,4.0,80.0,51.0,0.0,Quixadá,CE,Censo Escolar 2023,,,005N400000P9zIoIAJ,Sem informação,Sem Dados,Sem Dados,4.0,1.0,3 - Não,,,1.0,2026-08-11,,
006N400000cGg2DIAS,001N400000KzmyiIAB,Polígono,180793.14,2026-04-08,2026-06-01,2026-04-08 22:18:51,2,2,2,Oportunidade perdida,lost,54,0,1,0,0,54.0,Prospecção,250-500,B - Aceleração,675.0,Alta,88.0,120.0,34.0,47.0,Rio de Janeiro,RJ,Censo Escolar 2021,Não segue orientação religiosa específica,,005N400000DAfNPIA1,R$ 500 a R$ 1.000,2026,Amplia,4.0,1.0,3 - Não,1.0,Relatório Enem,1.0,2026-06-01,Renovou com atual parceiro,0.0
006N400000cGhPhIAK,001N400000E3FQnIAN,Polígono,194445.96,2026-04-08,2026-08-04,2026-04-08 22:30:10,3,3,3,Oportunidade perdida,lost,118,0,2,0,0,0.0,Prospecção,250-500,C - Estruturação,575.0,Alta,131.0,142.0,33.0,0.0,Rio de Janeiro,RJ,Censo Escolar 2021,Não segue orientação religiosa específica,,005N400000DAfNPIA1,R$ 1.000 a R$ 1.500,2026,Livros Didáticos,6.0,1.0,3 - Não,1.0,Estudo de Geomarketing,1.0,2026-08-04,Satisfação com serviço do atual parceiro,0.0
006N400000cGjARIA0,001N400000NlGCsIAN,Poliedro,76364.0,2026-04-08,2026-08-11,2026-04-08 23:42:38,4,4,4,Oportunidade perdida,lost,125,0,3,0,0,77.0,Prospecção,0-250,C - Estruturação,525.0,Média,0.0,0.0,0.0,63.0,Dourados,MS,Censo Escolar 2023,Não segue orientação religiosa específica,,005N400000OGlrZIAT,R$ 1.000 a R$ 1.500,2028,Anglo,3.0,1.0,3 - Não,2.0,Estudo de Geomarketing | Relatório Enem,1.0,2026-08-11,Satisfação com serviço do atual parceiro,0.0
006N400000cH8JSIA0,0014v00002oLW1AAAW,Conviver,292923.54,2026-04-09,2026-07-30,2026-04-09 02:31:34,6,6,6,Oportunidade perdida,lost,112,0,5,0,0,52.0,Prospecção,Acima de 1.000,C - Estruturação,625.0,Alta,409.0,397.0,65.0,293.0,São Paulo,SP,Censo Escolar 2021,Não segue orientação religiosa específica,,005N400000Dj7E2IAJ,R$ 1.000 a R$ 1.500,2029,Geekie One,17.0,1.0,3 - Não,3.0,Conexões 13/04 a 15/04 | Diálogos GEduc 2026-03-26 | Estudo de Geomarketing,3.0,2026-07-30,Escola não adota sistema de ensino | Existe um contrato de longo prazo,0.0
006N400000cH8eSIAS,001N400000NlLlWIAV,Poliedro,1059082.0,2026-04-09,2026-04-14,2026-04-09 03:52:05,2,2,2,Oportunidade perdida,lost,5,0,1,0,0,5.0,Prospecção,750-1.000,B - Aceleração,775.0,Alta,332.0,396.0,94.0,132.0,Manaus,AM,Censo Escolar 2023,Não segue orientação religiosa específica,,005N400000NsHxxIAF,R$ 1.500 a R$ 2.000,2027,Material Próprio,2.0,1.0,1 - Sim,,,1.0,2026-04-14,Escola não adota sistema de ensino,0.0
006N400000cHgwKIAS,001N400000E91ckIAB,Polígono,233630.46,2026-04-09,2026-08-10,2026-04-09 11:36:03,6,6,6,Oportunidade perdida,lost,123,0,5,0,0,46.0,Prospecção,250-500,B - Aceleração,700.0,Média,117.0,105.0,18.0,34.0,Rio Bonito,RJ,Censo Escolar 2021,Não segue orientação religiosa específica,,005N400000Of55xIAB,R$ 500 a R$ 1.000,2026,SAE Digital,9.0,1.0,3 - Não,,,1.0,2026-08-10,Existe um contrato de longo prazo,0.0
006N400000cI3rBIAS,001N400000E92vQIAR,Poliedro,422014.33,2026-04-09,2026-06-15,2026-04-09 11:29:42,2,2,2,Oportunidade perdida,lost,67,0,1,0,0,67.0,Prospecção,250-500,B - Aceleração,675.0,Média,134.0,107.0,56.0,77.0,Rio Bonito,RJ,Censo Escolar 2021,Não segue orientação religiosa específica,Liverpool,005N400000Of55xIAB,R$ 1.000 a R$ 1.500,2028,Maxi,6.0,1.0,3 - Não,,,2.0,2026-07-22,Escola vendida para grupo educacional,0.0
006N400000cIhbnIAC,001N400000Lxh3IIAR,Poliedro,316491.72,2026-04-09,2026-05-13,2026-04-09 13:31:18,2,2,2,Oportunidade perdida,lost,34,0,1,0,0,34.0,Prospecção,0-250,B - Aceleração,650.0,Alta,168.0,0.0,0.0,76.0,Rio de Janeiro,RJ,Censo Escolar 2021,Não segue orientação religiosa específica,,005N400000DAfNPIA1,R$ 500 a R$ 1.000,2026,Amplia,3.0,1.0,3 - Não,1.0,Relatório Enem,1.0,2026-05-13,Satisfação com serviço do atual parceiro,0.0
006N400000cK1ZzIAK,001N400000heyAzIAI,Polígono,40366.64,2026-04-09,2026-05-15,2026-04-09 15:49:45,6,6,6,Negociação e ajuste financeiro,open,36,0,5,0,0,35.0,Prospecção,0-250,D - Capilaridade,475.0,Não prioritária,0.0,55.0,9.0,0.0,Suzano,SP,Censo Escolar 2023,Não segue orientação religiosa específica,,005N40000035sinIAA,R$ 500 a R$ 1.000,2026,Maxi,10.0,1.0,3 - Não,1.0,Inbound Poliedro 2026,1.0,2026-05-15,,
006N400000cKGm1IAG,001N400000M8biVIAR,Polígono,516477.85,2026-04-09,2026-08-07,2026-04-09 18:23:13,6,6,6,Negociação e ajuste financeiro,open,120,0,5,0,0,43.0,Prospecção,500-750,B - Aceleração,700.0,Alta,254.0,316.0,66.0,91.0,São Paulo,SP,Censo Escolar 2021,Não segue orientação religiosa específica,,005N40000035sinIAA,R$ 500 a R$ 1.000,2026,FTD,8.0,1.0,3 - Não,,,1.0,2026-08-07,,
006N400000cKeRmIAK,001N400000W9omLIAR,Polígono,79275.0,2026-04-09,2026-08-05,2026-04-09 18:44:04,4,4,4,Oportunidade perdida,lost,118,0,3,0,0,68.0,Prospecção,0-250,C - Estruturação,500.0,Alta,0.0,98.0,56.0,0.0,Curitiba,PR,Censo Escolar 2021,Não segue orientação religiosa específica,,005N400000OeNBQIA3,R$ 500 a R$ 1.000,2026,FTD,5.0,1.0,3 - Não,,,1.0,2026-08-05,,0.0
006N400000cKsMbIAK,001N400000n71UcIAI,Poliedro,322132.5,2026-04-09,2026-08-05,2026-04-09 19:01:22,4,4,4,Oportunidade perdida,lost,118,0,3,0,0,91.0,Prospecção,Sem Dados,Sem Clusterização Comercial em 2026,0.0,Não prioritária,0.0,0.0,0.0,0.0,Brasília,DF,Fale Conosco,Católica,,005N400000PA8nVIAT,R$ 1.000 a R$ 1.500,2026,Livros Didáticos,4.0,1.0,3 - Não,1.0,Inbound Poliedro 2026,1.0,2026-08-05,Escola parou de responder,0.0
006N400000cKzHfIAK,0014v00002UhoeSAAR,Poliedro,231751.7,2026-04-09,2026-05-22,2026-04-09 18:18:45,6,6,6,Oportunidade perdida,lost,43,0,5,0,0,0.0,Prospecção,0-250,D - Capilaridade,450.0,Média,47.0,130.0,38.0,0.0,São José do Rio Preto,SP,Censo Escolar 2019,Não segue orientação religiosa específica,,005N400000OeNBQIA3,R$ 500 a R$ 1.000,2026,Positivo,5.0,1.0,1 - Sim,,,3.0,2026-07-06,,0.0
006N400000cLMngIAG,0014v00002UhoeSAAR,Conviver,0.0,2026-04-09,2026-04-09,2026-04-09 18:25:12,1,1,1,Solicitação de material,open,0,0,0,0,0,,Prospecção,0-250,D - Capilaridade,450.0,Média,47.0,130.0,38.0,0.0,São José do Rio Preto,SP,Censo Escolar 2019,Não segue orientação religiosa específica,,005N400000OeNBQIA3,R$ 500 a R$ 1.000,2026,Positivo,5.0,1.0,1 - Sim,,,3.0,2026-07-06,,
006N400000cLS3UIAW,001N400000Nl9YyIAJ,Polígono,30632.84,2026-04-09,2026-05-13,2026-04-09 20:02:53,3,3,3,Oportunidade perdida,lost,34,0,2,0,0,8.0,Prospecção,0-250,B - Aceleração,675.0,Alta,6.0,118.0,35.0,0.0,Caxias,MA,Censo Escolar 2023,Não segue orientação religiosa específica,,0054v00000DjxE1AAJ,R$ 100 a R$ 500,2026,Farias Brito,,1.0,3 - Não,,,1.0,2026-05-13,Satisfação com serviço do atual parceiro,0.0
006N400000cLVpJIAW,001N400000neeSRIAY,Polígono,12268.4,2026-04-09,2026-08-07,2026-04-09 18:39:46,4,4,4,Oportunidade perdida,lost,120,0,3,0,0,70.0,Prospecção,Sem Dados,Sem Clusterização Comercial em 2026,0.0,Não prioritária,0.0,0.0,0.0,0.0,Pato Branco,PR,SDR,Não segue orientação religiosa específica,,005N400000OeNBQIA3,R$ 0 a R$ 500,2026,Material Próprio,8.0,1.0,3 - Não,,,1.0,2026-08-07,,0.0
006N400000cLVz2IAG,0014v00002htoQGAAY,Poliedro,0.0,2026-04-09,2026-04-09,2026-04-09 18:56:40,1,1,1,Solicitação de material,open,0,0,0,0,0,,Prospecção,250-500,B - Aceleração,675.0,Média,271.0,0.0,0.0,175.0,São José,SC,Censo Escolar 2021,Não segue orientação religiosa específica,,005N400000PJiOjIAL,R$ 1.000 a R$ 1.500,2027,Anglo,2.0,1.0,3 - Não,,,1.0,2026-04-09,,
006N400000cLpeOIAS,001N400000NlG12IAF,Poliedro,197612.86,2026-04-09,2026-05-22,2026-04-09 20:16:56,3,3,3,Validação pedagógica,open,43,0,2,0,0,0.0,Prospecção,0-250,B - Aceleração,650.0,Alta,57.0,99.0,35.0,9.0,Alegre,ES,Censo Escolar/Fale conosco,Não segue orientação religiosa específica,,0054v00000DvfXIAAZ,R$ 500 a R$ 1.000,2026,PH,5.0,1.0,3 - Não,1.0,Inbound Poliedro 2025,1.0,2026-05-22,,
006N400000cLuVxIAK,001N400000CKWOOIA5,Polígono,95475.04,2026-04-09,2026-07-03,2026-04-09 19:26:57,5,5,5,Proposta personalizada,open,85,0,4,0,0,0.0,Prospecção,0-250,C - Estruturação,525.0,Não prioritária,0.0,0.0,0.0,90.0,Bananeiras,PB,Censo Escolar/Fale conosco,Não segue orientação religiosa específica,,005N400000DevL3IAJ,R$ 100 a R$ 500,2027,SAE Digital,6.0,1.0,3 - Não,2.0,Inbound Poliedro 2025 | Relatório Enem,1.0,2026-07-03,,
006N400000cM8ifIAC,001N400000hei18IAA,Polígono,91426.0,2026-04-09,2026-05-07,2026-04-09 20:41:50,2,2,2,Oportunidade perdida,lost,28,0,1,0,0,28.0,Prospecção,0-250,C - Estruturação,575.0,Não prioritária,39.0,62.0,48.0,0.0,Três Corações,MG,Censo Escolar 2023,,,005N400000Of3liIAB,Sem informação,Sem Dados,Sem Dados,1.0,1.0,3 - Não,,,1.0,2026-05-07,Satisfação com serviço do atual parceiro,0.0
006N400000cMGQ4IAO,001N400000hefoGIAQ,Polígono,376047.0,2026-04-09,2026-05-04,2026-04-09 20:27:44,2,2,2,Oportunidade perdida,lost,25,0,1,0,0,25.0,Prospecção,0-250,D - Capilaridade,425.0,Não prioritária,0.0,0.0,39.0,0.0,Três Corações,MG,Censo Escolar 2023,,,005N400000Of3liIAB,Sem informação,Sem Dados,Sem Dados,2.0,1.0,3 - Não,,,1.0,2026-05-04,Existe um contrato de longo prazo,0.0
006N400000cMIhzIAG,001N400000C8tEwIAJ,Polígono,203266.24,2026-04-09,2026-07-24,2026-04-09 20:48:57,4,4,4,Proposta tabela,open,106,0,3,0,0,70.0,Prospecção,Sem Dados,D - Capilaridade,475.0,Alta,0.0,0.0,0.0,0.0,Feira de Santana,BA,Censo Escolar 2021,Não segue orientação religiosa específica,,005N400000Dew5pIAB,R$ 100 a R$ 500,2026,Conquista,17.0,1.0,1 - Sim,1.0,Diálogos Feira de Santana 2026-04-22,1.0,2026-07-24,,
006N400000cMX13IAG,001N400000DMyB2IAL,Polígono,109986.4,2026-04-09,2026-06-26,2026-04-09 22:09:18,4,4,4,Oportunidade perdida,lost,78,0,3,0,0,35.0,Prospecção,0-250,B - Aceleração,675.0,Baixa,49.0,50.0,9.0,0.0,Três Corações,MG,Censo Escolar/Fale conosco,,,005N400000Of3liIAB,Sem informação,Sem Dados,Maxi,1.0,1.0,3 - Não,,,1.0,2026-06-26,Existe um contrato de longo prazo,0.0
006N400000cMZZCIA4,001N400000Nl8QyIAJ,Polígono,103302.58,2026-04-10,2026-06-19,2026-04-10 00:45:56,4,4,4,Oportunidade perdida,lost,70,0,3,0,0,4.0,Prospecção,0-250,C - Estruturação,500.0,Alta,0.0,142.0,33.0,0.0,Feira de Santana,BA,Censo Escolar 2023,Não segue orientação religiosa específica,,005N400000Dew5pIAB,R$ 0 a R$ 500,2026,Sucesso,4.0,1.0,3 - Não,,,1.0,2026-06-19,Preço de venda abaixo do perfil do sistema de ensino,0.0
006N400000cNQyQIAW,001N400000NlG85IAF,Poliedro,742090.82,2026-04-10,2026-06-08,2026-04-10 11:22:29,4,4,4,Oportunidade perdida,lost,59,0,3,0,0,0.0,Prospecção,500-750,C - Estruturação,600.0,Alta,240.0,230.0,49.0,0.0,Novo Hamburgo,RS,Censo Escolar 2023,Católica,Rede Santa Catarina,005N40000035kTVIAY,R$ 1.500 a R$ 2.000,2026,Livros Didáticos,2.0,1.0,1 - Sim,,,1.0,2026-06-08,Satisfação com serviço do atual parceiro,0.0
006N400000cNReNIAW,001N4000009mFvnIAE,Polígono,336242.64,2026-04-10,2026-07-27,2026-04-10 11:47:34,3,3,3,Oportunidade perdida,lost,108,0,2,0,0,66.0,Prospecção,250-500,B - Aceleração,675.0,Alta,148.0,92.0,22.0,164.0,Guarabira,PB,Censo Escolar/Fale conosco,Não segue orientação religiosa específica,,005N400000DevL3IAJ,R$ 100 a R$ 500,2028,Positivo,,1.0,3 - Não,,,1.0,2026-07-27,Existe um contrato de longo prazo,0.0
006N400000cNbIkIAK,0014v00002dsub4AAA,Poliedro,554761.68,2026-04-10,2026-06-15,2026-04-10 11:36:47,4,4,4,Oportunidade perdida,lost,66,0,3,0,0,33.0,Prospecção,500-750,B - Aceleração,675.0,Alta,263.0,155.0,8.0,130.0,Barretos,SP,Censo Escolar 2019,Não segue orientação religiosa específica,,005N400000P4NcLIAV,R$ 1.000 a R$ 1.500,2028,SAS,1.0,1.0,3 - Não,2.0,Estudo de Geomarketing | Relatório Enem,1.0,2026-06-15,Satisfação com serviço do atual parceiro,0.0
006N400000cNcbOIAS,001N400000Gga5yIAB,Polígono,376322.0,2026-04-10,2026-06-15,2026-04-10 11:19:20,3,3,3,Validação pedagógica,open,66,0,2,0,0,0.0,Prospecção,250-500,B - Aceleração,650.0,Alta,191.0,201.0,61.0,17.0,Aracaju,SE,Censo Escolar 2021,Não segue orientação religiosa específica,,005N400000Dew5pIAB,R$ 500 a R$ 1.000,2026,Amplia,2.0,1.0,3 - Não,,,1.0,2026-06-15,,
006N400000cNy0pIAC,001N4000009O1HEIA0,Poliedro,372264.98,2026-04-10,2026-07-30,2026-04-10 12:43:59,4,4,4,Proposta tabela,open,111,0,3,0,0,49.0,Prospecção,250-500,B - Aceleração,675.0,Alta,200.0,189.0,59.0,31.0,Belo Horizonte,MG,Censo Escolar 2021,Católica,Rede Missionárias Servas do Espírito Santo,005N40000035kTVIAY,R$ 1.000 a R$ 1.500,2026,Livros Didáticos,3.0,1.0,1 - Sim,2.0,Encontro de Lideranças Católicas | Relatório Enem,1.0,2026-07-30,,
006N400000cPT2YIAW,001N400000ntgVVIAY,Polígono,44782.6,2026-04-10,2026-05-18,2026-04-10 14:47:19,3,3,3,Validação pedagógica,open,38,0,2,0,0,0.0,Prospecção,0-250,Sem Clusterização Comercial em 2026,0.0,Alta,52.0,63.0,17.0,0.0,João Pessoa,PB,SDR,Não segue orientação religiosa específica,,005N400000DevL3IAJ,R$ 1.000 a R$ 1.500,2026,Livros Didáticos,2.0,1.0,3 - Não,,,1.0,2026-05-18,,
006N400000cPmLPIA0,001N400000hej4uIAA,Polígono,51495.0,2026-04-10,2026-07-29,2026-04-10 18:15:54,4,4,4,Oportunidade perdida,lost,110,0,3,0,0,78.0,Prospecção,0-250,C - Estruturação,575.0,Não prioritária,0.0,40.0,19.0,0.0,São José dos Pinhais,PR,Censo Escolar 2023,,,005N400000Q8sVmIAJ,R$ 1.000 a R$ 1.500,2026,FTD,1.0,1.0,3 - Não,,,1.0,2026-07-29,Escola não adota sistema de ensino,0.0
006N400000cPsiVIAS,001N400000BBclDIAT,Poliedro,159482.54,2026-04-10,2026-04-24,2026-04-10 16:31:20,3,3,3,Validação pedagógica,open,14,0,2,0,0,0.0,Prospecção,250-500,B - Aceleração,750.0,Alta,94.0,103.0,0.0,73.0,João Pessoa,PB,Censo Escolar 2021,Não segue orientação religiosa específica,,005N400000DevL3IAJ,R$ 500 a R$ 1.000,2026,Uno Educação,5.0,1.0,3 - Não,2.0,Estudo de Geomarketing | Relatório Enem,2.0,2026-05-18,,
006N400000cPtQ6IAK,0014v00002lpzkvAAA,Poliedro,435295.28,2026-04-10,2026-05-15,2026-04-10 17:20:11,13,13,13,Contrato assinado,won,35,2,10,0,0,0.0,Prospecção,250-500,B - Aceleração,725.0,Alta,214.0,0.0,0.0,46.0,São José,SC,Censo Escolar 2021,Não segue orientação religiosa específica,,0054v00000EkfjPAAR,R$ 2.500 a R$ 3.000,2026,SAS,12.0,1.0,1 - Sim,1.0,Imersão 2026-03-18,2.0,2026-05-15,,1.0
006N400000cQHVdIAO,0014v00002mxJujAAE,Poliedro,630781.8,2026-04-10,2026-08-03,2026-04-10 18:53:41,4,4,4,Oportunidade perdida,lost,115,0,3,0,0,42.0,Prospecção,500-750,A - Referência,825.0,Alta,162.0,220.0,43.0,83.0,Itapema,SC,Censo Escolar 2021,Não segue orientação religiosa específica,,005N400000PJiOjIAL,R$ 100 a R$ 500,2026,COC,2.0,1.0,3 - Não,,,2.0,2026-08-03,Satisfação com serviço do atual parceiro,0.0
006N400000cQlobIAC,0014v00002nVs20AAC,Polígono,163299.52,2026-04-10,2026-05-12,2026-04-10 17:46:30,3,3,3,Validação pedagógica,open,32,0,2,0,0,0.0,Prospecção,250-500,B - Aceleração,675.0,Alta,101.0,134.0,31.0,0.0,Pinhais,PR,Censo Escolar 2021,Não segue orientação religiosa específica,,005N400000Q8sVmIAJ,R$ 500 a R$ 1.000,2026,PH,2.0,1.0,3 - Não,,,1.0,2026-05-12,,
006N400000cRHjlIAG,001N400000BMtifIAD,Conviver,148000.85,2026-04-10,2026-07-17,2026-04-10 20:03:29,4,4,4,Oportunidade perdida,lost,98,0,3,0,0,63.0,Prospecção,500-750,B - Aceleração,725.0,Alta,95.0,348.0,147.0,0.0,Anápolis,GO,Censo Escolar 2021,Não segue orientação religiosa específica,Rede Não Localizada,005N400000PA8nVIAT,R$ 500 a R$ 1.000,2026,SAE Digital,6.0,1.0,1 - Sim,,,1.0,2026-07-17,Satisfação com serviço do atual parceiro,0.0
006N400000cVcmOIAS,001N400000Fcp2TIAR,Conviver,60028.88,2026-04-12,2026-06-18,2026-04-12 17:24:56,2,2,2,Oportunidade perdida,lost,67,0,1,0,0,67.0,Prospecção,500-750,B - Aceleração,700.0,Alta,170.0,244.0,55.0,149.0,Belo Horizonte,MG,Censo Escolar 2021,Não segue orientação religiosa específica,,0054v00000EkfjPAAR,R$ 1.000 a R$ 1.500,2027,Material Próprio,4.0,1.0,3 - Não,1.0,Diálogos Belo Horizonte 2026-04-08,1.0,2026-06-18,Satisfação com serviço do atual parceiro,0.0
006N400000cW0LbIAK,0014v00002pRd3hAAC,Polígono,300369.73,2026-04-12,2026-06-09,2026-04-12 23:39:33,6,6,6,Negociação e ajuste financeiro,open,58,0,5,0,0,41.0,Prospecção,250-500,A - Referência,875.0,Alta,141.0,206.0,74.0,58.0,Alagoa Grande,PB,Censo Escolar 2021,Não segue orientação religiosa específica,,005N400000DevL3IAJ,R$ 100 a R$ 500,2026,Pitágoras,9.0,1.0,3 - Não,2.0,Estudo de Geomarketing | Relatório Enem,1.0,2026-06-09,,
006N400000cW9tWIAS,001N400000hf2bRIAQ,Polígono,251681.28,2026-04-13,2026-06-11,2026-04-13 01:53:45,4,4,4,Proposta tabela,open,59,0,3,0,0,35.0,Prospecção,0-250,D - Capilaridade,425.0,Não prioritária,60.0,39.0,0.0,0.0,São Bernardo do Campo,SP,Censo Escolar 2023,,,005N400000OePRkIAN,Sem informação,Sem Dados,Sem Dados,3.0,1.0,3 - Não,,,1.0,2026-06-11,,
006N400000cZATKIA4,001N400000NlF4hIAF,Poliedro,118297.04,2026-04-13,2026-06-19,2026-04-13 17:30:45,5,5,5,Proposta personalizada,open,67,0,4,0,0,33.0,Prospecção,250-500,C - Estruturação,600.0,Média,155.0,187.0,40.0,50.0,Fortaleza,CE,Censo Escolar 2023,Católica,AEVSLM - Associação de Educação Vicentina Santa Luíza de Marillac,0056g00000468kkAAA,R$ 1.000 a R$ 1.500,2027,FTD,8.0,1.0,2 - Agendado,2.0,Imersão 2026-06-25 - Poliedro (CEV) | Relatório Enem,1.0,2026-06-19,,
006N400000cbJ2eIAE,001N400000NlG9KIAV,Poliedro,639344.78,2026-04-13,2026-08-07,2026-04-13 20:45:12,6,6,6,Oportunidade perdida,lost,116,0,5,0,0,66.0,Prospecção,0-250,C - Estruturação,625.0,Média,72.0,124.0,41.0,0.0,Ouro Fino,MG,Censo Escolar 2023,Não segue orientação religiosa específica,,005N400000Of3liIAB,R$ 0 a R$ 500,2026,Anglo,3.0,1.0,3 - Não,1.0,Inbound Poliedro 2026,1.0,2026-08-07,Pacote agressivo de benefícios do concorrente,0.0
006N400000cbkKiIAI,001N4000003wRjUIAU,Polígono,113809.96,2026-04-14,2026-05-19,2026-04-14 00:45:05,3,3,3,Oportunidade perdida,lost,35,0,2,0,0,35.0,Prospecção,0-250,D - Capilaridade,200.0,Não prioritária,72.0,76.0,11.0,0.0,Jundiaí,SP,Fale Conosco,Não segue orientação religiosa específica,,005N40000035sinIAA,R$ 500 a R$ 1.000,2026,Jean Piaget,3.0,1.0,3 - Não,,,1.0,2026-05-19,Pacote agressivo de benefícios do concorrente,0.0
006N400000cbs24IAA,001N400000hed2hIAA,Polígono,43624.2,2026-04-14,2026-07-03,2026-04-14 00:58:43,4,4,4,Oportunidade perdida,lost,80,0,3,0,0,35.0,Prospecção,0-250,D - Capilaridade,400.0,Não prioritária,0.0,0.0,19.0,0.0,Jundiaí,SP,Censo Escolar 2023,Não segue orientação religiosa específica,,005N40000035sinIAA,R$ 1.000 a R$ 1.500,2026,Mackenzie,4.0,1.0,3 - Não,1.0,Inbound Poliedro 2026,1.0,2026-07-03,Pacote agressivo de benefícios do concorrente,0.0
006N400000cekxVIAQ,001N400000hf3OGIAY,Polígono,22759.0,2026-04-14,2026-05-11,2026-04-14 14:56:29,3,3,3,Oportunidade perdida,lost,27,0,2,0,0,27.0,Prospecção,0-250,D - Capilaridade,450.0,Não prioritária,0.0,0.0,0.0,0.0,Jundiaí,SP,Censo Escolar 2023,Não segue orientação religiosa específica,,005N40000035sinIAA,R$ 500 a R$ 1.000,2026,Material Próprio,2.0,1.0,3 - Não,1.0,Inbound Poliedro 2026,1.0,2026-05-11,Preço de venda abaixo do perfil do sistema de ensino,0.0
006N400000cgnMeIAI,001N400000L4KdZIAV,Polígono,0.0,2026-04-14,2026-04-14,2026-04-14 20:16:40,1,1,1,Solicitação de material,open,0,0,0,0,0,,Prospecção,0-250,C - Estruturação,600.0,Alta,0.0,128.0,63.0,0.0,Jaraguá do Sul,SC,Censo Escolar 2021,Não segue orientação religiosa específica,,005N400000PJiOjIAL,R$ 1.000 a R$ 1.500,2026,SAE Digital,1.0,1.0,3 - Não,1.0,Inbound Poliedro 2026,1.0,2026-04-14,,
006N400000chbL0IAI,001N400000Uuj65IAB,Polígono,74757.52,2026-04-14,2026-06-24,2026-04-14 21:42:02,5,5,5,Oportunidade perdida,lost,71,0,4,0,0,9.0,Prospecção,0-250,D - Capilaridade,375.0,Alta,0.0,55.0,12.0,0.0,Maringá,PR,Censo Escolar 2021,Não segue orientação religiosa específica,,005N400000OeNBQIA3,R$ 500 a R$ 1.000,2026,FTD,8.0,1.0,3 - Não,,,1.0,2026-06-24,Preço de venda abaixo do perfil do sistema de ensino,0.0
006N400000cjSDaIAM,001N400000Bl9ZNIAZ,Conviver,142700.74,2026-04-15,2026-05-22,2026-04-15 12:35:03,4,4,4,Oportunidade perdida,lost,37,0,3,0,0,9.0,Prospecção,500-750,A - Referência,825.0,Alta,237.0,202.0,60.0,57.0,Mariana,MG,Censo Escolar 2021,Católica,Educação Vicentina,005N40000035kTVIAY,R$ 1.000 a R$ 1.500,2026,Anglo,6.0,1.0,1 - Sim,4.0,Conexões 13/04 a 15/04 | Encontro de Lideranças Católicas | Estudo de Geomarketing | Relatório Enem,2.0,2026-05-22,Existe um contrato de longo prazo,0.0
006N400000cjsPnIAI,001N400000oKw9bIAC,Conviver,145520.82,2026-04-15,2026-06-13,2026-04-15 12:50:12,4,4,4,Oportunidade perdida,lost,59,0,3,0,0,29.0,Prospecção,Sem Dados,Sem Clusterização Comercial em 2026,0.0,Alta,0.0,0.0,0.0,0.0,Petrópolis,RJ,SDR,Católica,,005N400000CUSPxIAP,R$ 1.000 a R$ 1.500,2026,Livros Didáticos,9.0,1.0,3 - Não,,,3.0,2026-06-15,Renovou com atual parceiro,0.0
006N400000ckRygIAE,001N400000NlDnYIAV,Polígono,235324.32,2026-04-15,2026-05-28,2026-04-15 14:37:08,4,4,4,Oportunidade perdida,lost,43,0,3,0,0,23.0,,,,,,,,,,,,,,,,,,,,1.0,3 - Não,,,1.0,2026-05-28,Satisfação com preço do atual parceiro,0.0
006N400000cn6w8IAA,001N400000DFLENIA5,Polígono,184250.84,2026-04-15,2026-05-05,2026-04-15 22:44:23,3,3,3,Validação pedagógica,open,20,0,2,0,0,0.0,,,,,,,,,,,,,,,,,,,,1.0,3 - Não,,,1.0,2026-05-05,,
006N400000cnakTIAQ,001N400000NR2M4IAL,Polígono,259434.7,2026-04-15,2026-08-12,2026-04-15 21:20:47,4,4,4,Proposta tabela,open,119,0,3,0,0,63.0,Prospecção,250-500,B - Aceleração,650.0,Alta,69.0,141.0,61.0,0.0,Rio de Janeiro,RJ,Censo Escolar 2021,Não segue orientação religiosa específica,,005N400000DAfNPIA1,R$ 500 a R$ 1.000,2026,Conquista,6.0,1.0,3 - Não,1.0,Estudo de Geomarketing,1.0,2026-08-12,,
006N400000cnlXoIAI,001N400000CMELdIAP,Polígono,405572.68,2026-04-15,2026-08-12,2026-04-15 21:38:15,4,4,4,Proposta tabela,open,119,0,3,0,0,84.0,Prospecção,250-500,B - Aceleração,650.0,Alta,113.0,158.0,0.0,0.0,Rio de Janeiro,RJ,Censo Escolar 2021,Não segue orientação religiosa específica,,005N400000DAfNPIA1,R$ 0 a R$ 500,2026,Sucesso,8.0,1.0,3 - Não,1.0,Estudo de Geomarketing,1.0,2026-08-12,,
006N400000cnqUGIAY,001N400000Dl9TSIAZ,Polígono,335979.1,2026-04-15,2026-06-09,2026-04-15 23:00:31,4,4,4,Oportunidade perdida,lost,55,0,3,0,0,35.0,,,,,,,,,,,,,,,,,,,,1.0,3 - Não,,,1.0,2026-06-09,Satisfação com serviço do atual parceiro,0.0
006N400000co8e1IAA,001N400000EHi9SIAT,Polígono,215017.2,2026-04-15,2026-06-25,2026-04-15 23:10:05,4,4,4,Oportunidade perdida,lost,71,0,3,0,0,51.0,,,,,,,,,,,,,,,,,,,,1.0,3 - Não,,,1.0,2026-06-25,Renovou com atual parceiro,0.0
006N400000cop7xIAA,001N400000NlGI7IAN,Polígono,0.0,2026-04-16,2026-04-16,2026-04-16 11:43:20,1,1,1,Solicitação de material,open,0,0,0,0,0,,Prospecção,0-250,D - Capilaridade,425.0,Baixa,105.0,102.0,28.0,0.0,São Paulo,SP,Censo Escolar 2023,Católica,Rede Calvariana De Educação,005N400000HLGCrIAP,R$ 1.000 a R$ 1.500,2026,FTD,15.0,1.0,1 - Sim,3.0,Conexões 13/04 a 15/04 | Estudo de Geomarketing | Inbound Poliedro 2025,3.0,2026-05-15,,
006N400000cpLCfIAM,0014v00002httpaAAA,Polígono,221695.58,2026-04-16,2026-08-12,2026-04-16 12:46:47,3,3,3,Oportunidade perdida,lost,118,0,2,0,0,71.0,Prospecção,500-750,B - Aceleração,750.0,Não prioritária,204.0,262.0,99.0,0.0,Picos,PI,Censo Escolar 2021,Não segue orientação religiosa específica,,0054v00000DjxE1AAJ,R$ 500 a R$ 1.000,2026,Editora Construir,2.0,1.0,3 - Não,,,1.0,2026-08-12,Satisfação com serviço do atual parceiro,0.0
006N400000cq4RRIAY,0016g00000BIRYGAA5,Conviver,116127.07,2026-04-16,2026-06-01,2026-04-16 13:15:25,4,4,4,Proposta tabela,open,46,0,3,0,0,0.0,,,,,,,,,,,,,,,,,,,,1.0,1 - Sim,,,1.0,2026-06-01,,
006N400000cqFmjIAE,001N400000hf3I3IAI,Polígono,15980.94,2026-04-16,2026-08-10,2026-04-16 14:16:08,12,12,12,Enviado para a assinatura,open,116,2,9,0,0,0.0,Prospecção,0-250,C - Estruturação,500.0,Não prioritária,0.0,0.0,49.0,0.0,Sorocaba,SP,Censo Escolar 2023,Não segue orientação religiosa específica,,005N40000035sinIAA,R$ 1.500 a R$ 2.000,2026,FTD,8.0,1.0,3 - Não,1.0,Inbound Poliedro 2026,1.0,2026-08-10,,
006N400000crLejIAE,001N400000AksHNIAZ,Polígono,0.0,2026-04-16,2026-04-16,2026-04-16 16:05:39,1,1,1,Solicitação de material,open,0,0,0,0,0,,,,,,,,,,,,,,,,,,,,,1.0,3 - Não,3.0,Encontro de Lideranças Católicas | Imersão 2026-06-25 - Poliedro (CEV) | Relatório Enem,1.0,2026-04-16,,
006N400000csEUpIAM,0014v00002qhLm0AAE,Polígono,138000.0,2026-04-16,2026-06-16,2026-04-16 18:30:06,5,5,5,Proposta personalizada,open,61,0,4,0,0,33.0,Prospecção,500-750,B - Aceleração,675.0,Alta,193.0,251.0,55.0,144.0,Fortaleza,CE,Censo Escolar 2021,Não segue orientação religiosa específica,,005N400000P9zIoIAJ,R$ 0 a R$ 500,2027,FTD,11.0,1.0,3 - Não,,,1.0,2026-06-16,,
006N400000csZB2IAM,001N400000FBkF1IAL,Poliedro,615298.85,2026-04-16,2026-08-05,2026-04-16 19:34:00,6,6,6,Oportunidade perdida,lost,111,0,5,0,0,16.0,Prospecção,250-500,B - Aceleração,725.0,Alta,174.0,188.0,65.0,61.0,Brasília,DF,Censo Escolar 2021,Não segue orientação religiosa específica,,005N400000PA8nVIAT,R$ 1.500 a R$ 2.000,2026,Bernoulli,8.0,1.0,1 - Sim,,,1.0,2026-08-05,Satisfação com preço do atual parceiro,0.0
006N400000cuzpLIAQ,0014v00002dt4DGAAY,Poliedro,354998.8,2026-04-17,2026-05-08,2026-04-17 12:05:09,2,2,2,Oportunidade perdida,lost,21,0,1,0,0,21.0,Prospecção,250-500,D - Capilaridade,425.0,Média,129.0,117.0,0.0,74.0,Diadema,SP,Censo Escolar 2019,Não segue orientação religiosa específica,,005N400000P4NcLIAV,R$ 1.000 a R$ 1.500,2026,AZ - Conexia Educação,6.0,1.0,1 - Sim,1.0,Inbound Poliedro 2026,3.0,2026-08-11,Pacote agressivo de benefícios do concorrente | Preço de venda abaixo do perfil do sistema de ensino,0.0
006N400000cv1WAIAY,0014v00002dt4DGAAY,Conviver,90026.44,2026-04-17,2026-08-11,2026-04-17 12:17:40,6,6,6,Oportunidade perdida,lost,116,0,5,0,0,74.0,Prospecção,250-500,D - Capilaridade,425.0,Média,129.0,117.0,0.0,74.0,Diadema,SP,Censo Escolar 2019,Não segue orientação religiosa específica,,005N400000P4NcLIAV,R$ 1.000 a R$ 1.500,2026,AZ - Conexia Educação,6.0,1.0,1 - Sim,1.0,Inbound Poliedro 2026,3.0,2026-08-11,Pacote agressivo de benefícios do concorrente | Preço de venda abaixo do perfil do sistema de ensino,0.0
006N400000cv8kXIAQ,0014v00002hvzV6AAI,Polígono,32678.56,2026-04-17,2026-05-15,2026-04-17 11:48:37,2,2,2,Oportunidade perdida,lost,28,0,1,0,0,28.0,Prospecção,0-250,D - Capilaridade,475.0,Não prioritária,0.0,56.0,8.0,0.0,Feira de Santana,BA,Censo Escolar 2021,Não segue orientação religiosa específica,,005N400000Dew5pIAB,R$ 1.500 a R$ 2.000,2027,FTD,3.0,1.0,3 - Não,1.0,Diálogos Feira de Santana 2026-04-22,1.0,2026-05-15,Preço de venda abaixo do perfil do sistema de ensino,0.0
006N400000cvJT3IAM,0014v00002dt4DGAAY,Polígono,361080.34,2026-04-17,2026-08-11,2026-04-17 12:13:03,6,6,6,Oportunidade perdida,lost,116,0,5,0,0,74.0,Prospecção,250-500,D - Capilaridade,425.0,Média,129.0,117.0,0.0,74.0,Diadema,SP,Censo Escolar 2019,Não segue orientação religiosa específica,,005N400000P4NcLIAV,R$ 1.000 a R$ 1.500,2026,AZ - Conexia Educação,6.0,1.0,1 - Sim,1.0,Inbound Poliedro 2026,3.0,2026-08-11,Pacote agressivo de benefícios do concorrente | Preço de venda abaixo do perfil do sistema de ensino,0.0
006N400000cvgZMIAY,001N400000FCJ7uIAH,Poliedro,1401352.61,2026-04-17,2026-07-24,2026-04-17 13:49:34,6,6,6,Oportunidade perdida,lost,98,0,5,0,0,4.0,Prospecção,500-750,A - Referência,800.0,Alta,199.0,367.0,112.0,57.0,Pelotas,RS,Censo Escolar 2021,Não segue orientação religiosa específica,,005N400000OGlrZIAT,R$ 1.000 a R$ 1.500,2029,Positivo,4.0,1.0,3 - Não,1.0,Estudo de Geomarketing,1.0,2026-07-24,Satisfação com serviço do atual parceiro,0.0
006N400000cvxALIAY,001N400000NlLiyIAF,Polígono,82322.18,2026-04-17,2026-05-07,2026-04-17 13:25:58,3,3,3,Validação pedagógica,open,20,0,2,0,0,0.0,Prospecção,0-250,C - Estruturação,550.0,Média,75.0,101.0,11.0,0.0,Guarulhos,SP,Censo Escolar 2023,Não segue orientação religiosa específica,,005N400000OePRkIAN,R$ 1.000 a R$ 1.500,2028,Positivo,1.0,1.0,3 - Não,,,1.0,2026-05-07,,
006N400000cw4yEIAQ,001N400000NlLroIAF,Polígono,236996.82,2026-04-17,2026-07-24,2026-04-17 14:06:02,6,6,6,Oportunidade perdida,lost,98,0,5,0,0,37.0,Prospecção,250-500,C - Estruturação,625.0,Média,117.0,144.0,26.0,35.0,São Bernardo do Campo,SP,Censo Escolar 2023,Não segue orientação religiosa específica,,005N400000OePRkIAN,R$ 500 a R$ 1.000,2027,Positivo,6.0,1.0,3 - Não,,,2.0,2026-06-26,,0.0
006N400000cw71dIAA,0014v00002u2j9aAAA,Polígono,790447.81,2026-04-17,2026-07-24,2026-04-17 13:41:08,6,6,6,Oportunidade perdida,lost,98,0,5,0,0,4.0,Prospecção,500-750,D - Capilaridade,450.0,Alta,198.0,252.0,0.0,76.0,Pelotas,RS,Censo Escolar 2021,Não segue orientação religiosa específica,,005N400000OGlrZIAT,R$ 1.000 a R$ 1.500,2029,Positivo,5.0,1.0,3 - Não,1.0,Estudo de Geomarketing,1.0,2026-07-24,Satisfação com serviço do atual parceiro,0.0
006N400000cw956IAA,001N400000JgkxxIAB,Polígono,0.0,2026-04-17,2026-04-22,2026-04-17 15:09:18,2,2,2,Oportunidade perdida,lost,5,0,1,0,0,5.0,Prospecção,250-500,C - Estruturação,525.0,Média,72.0,142.0,53.0,0.0,Pelotas,RS,Censo Escolar 2021,,,005N400000OGlrZIAT,R$ 500 a R$ 1.000,Sem Dados,Livros Didáticos,2.0,1.0,3 - Não,,,1.0,2026-04-22,Satisfação com serviço do atual parceiro,0.0
006N400000cw9ORIAY,001N400000CKgfeIAD,Polígono,134860.3,2026-04-17,2026-08-12,2026-04-17 14:20:09,4,4,4,Oportunidade perdida,lost,117,0,3,0,0,96.0,Prospecção,250-500,B - Aceleração,675.0,Média,124.0,100.0,17.0,79.0,São Paulo,SP,Censo Escolar 2021,Não segue orientação religiosa específica,,005N400000OePRkIAN,R$ 1.000 a R$ 1.500,2027,SAE Digital,2.0,1.0,3 - Não,,,1.0,2026-08-12,Satisfação com preço do atual parceiro,0.0
006N400000cwEeFIAU,001N400000AwaDRIAZ,Poliedro,779079.8,2026-04-17,2026-06-30,2026-04-17 14:57:12,4,4,4,Oportunidade perdida,lost,74,0,3,0,0,39.0,Prospecção,500-750,B - Aceleração,750.0,Alta,208.0,214.0,59.0,118.0,Palmares,PE,Censo Escolar 2021,Não segue orientação religiosa específica,,0056g0000034OkZAAU,R$ 500 a R$ 1.000,2026,Farias Brito,8.0,1.0,1 - Sim,2.0,Imersão 2026-06-10 | Relatório Enem,2.0,2026-06-30,Satisfação com serviço do atual parceiro,0.0
006N400000cwJE8IAM,001N400000heyAGIAY,Polígono,85174.4,2026-04-17,2026-06-08,2026-04-17 14:20:42,2,2,2,Oportunidade perdida,lost,52,0,1,0,0,52.0,Prospecção,0-250,D - Capilaridade,400.0,Não prioritária,0.0,75.0,34.0,0.0,Ribeirão Preto,SP,Censo Escolar 2023,,,005N400000Of3liIAB,Sem informação,Sem Dados,Sem Dados,3.0,1.0,3 - Não,,,1.0,2026-06-08,Satisfação com serviço do atual parceiro,0.0
006N400000cwMdUIAU,001N400000AwaDRIAZ,Conviver,145268.7,2026-04-17,2026-05-22,2026-04-17 15:39:52,3,3,3,Validação pedagógica,open,35,0,2,0,0,0.0,Prospecção,500-750,B - Aceleração,750.0,Alta,208.0,214.0,59.0,118.0,Palmares,PE,Censo Escolar 2021,Não segue orientação religiosa específica,,0056g0000034OkZAAU,R$ 500 a R$ 1.000,2026,Farias Brito,8.0,1.0,1 - Sim,2.0,Imersão 2026-06-10 | Relatório Enem,2.0,2026-06-30,Satisfação com serviço do atual parceiro,
006N400000cwe6FIAQ,0014v00002lXkitAAC,Polígono,0.0,2026-04-17,2026-04-17,2026-04-17 16:31:08,2,2,2,Oportunidade perdida,lost,0,0,1,0,0,0.0,Prospecção,250-500,C - Estruturação,575.0,Não prioritária,107.0,155.0,43.0,0.0,Feira de Santana,BA,Censo Escolar 2021,Não segue orientação religiosa específica,,005N400000DAcxOIAT,R$ 100 a R$ 500,2026,Editora Brasil,2.0,1.0,3 - Não,,,1.0,2026-04-17,Existe um contrato de longo prazo,0.0
006N400000cwnk1IAA,001N400000McFhQIAV,Poliedro,61091.2,2026-04-17,2026-06-11,2026-04-17 15:09:36,4,4,4,Oportunidade perdida,lost,55,0,3,0,0,42.0,Prospecção,0-250,B - Aceleração,675.0,Baixa,123.0,5.0,37.0,71.0,Conceição do Mato Dentro,MG,Censo Escolar 2021,Não segue orientação religiosa específica,,005N400000OGlMvIAL,R$ 1.000 a R$ 1.500,2026,Bernoulli,3.0,1.0,3 - Não,,,1.0,2026-06-11,Alteração de CNPJ na conta (uso de operações comerciais),0.0
006N400000cwvWHIAY,001N400000BAGLUIA5,Polígono,121495.32,2026-04-17,2026-06-09,2026-04-17 15:35:47,4,4,4,Oportunidade perdida,lost,53,0,3,0,0,40.0,Prospecção,0-250,C - Estruturação,575.0,Não prioritária,0.0,171.0,76.0,0.0,Belo Horizonte,MG,Censo Escolar 2021,Não segue orientação religiosa específica,,005N400000OGlMvIAL,R$ 1.000 a R$ 1.500,2028,FTD,3.0,1.0,3 - Não,,,1.0,2026-06-09,Existe um contrato de longo prazo,0.0
006N400000cxEApIAM,0014v00002f9V9nAAE,Conviver,87905.6,2026-04-17,2026-07-10,2026-04-17 17:59:19,6,6,6,Oportunidade perdida,lost,84,0,5,0,0,10.0,Prospecção,0-250,C - Estruturação,575.0,Alta,0.0,0.0,0.0,209.0,Blumenau,SC,Censo Escolar 2019,Não segue orientação religiosa específica,,005N400000PJiOjIAL,R$ 1.500 a R$ 2.000,2026,SAS,1.0,1.0,3 - Não,3.0,Conexões 13/04 a 15/04 | Estudo de Geomarketing | Relatório Enem,1.0,2026-07-10,Existe um contrato de longo prazo,0.0
006N400000cxEdtIAE,0016g00000FVnBuAAL,Conviver,0.0,2026-04-17,2026-04-29,2026-04-17 18:03:23,2,2,2,Oportunidade perdida,lost,12,0,1,0,0,12.0,,,,,,,,,,,,,,,,,,,,1.0,3 - Não,,,1.0,2026-04-29,Renovou com atual parceiro,0.0
006N400000cxKJOIA2,001N400000QCBvKIAX,Polígono,69897.6,2026-04-17,2026-05-15,2026-04-17 16:46:03,2,2,2,Oportunidade perdida,lost,28,0,1,0,0,28.0,Prospecção,0-250,D - Capilaridade,475.0,Alta,0.0,57.0,7.0,0.0,Feira de Santana,BA,Censo Escolar 2021,Não segue orientação religiosa específica,,005N400000Dew5pIAB,R$ 100 a R$ 500,2026,Mackenzie,3.0,1.0,3 - Não,1.0,Diálogos Feira de Santana 2026-04-22,1.0,2026-05-15,Existe um contrato de longo prazo,0.0
006N400000cxurXIAQ,001N400000Nl9Y4IAJ,Polígono,34351.52,2026-04-17,2026-06-02,2026-04-17 18:15:16,3,3,3,Oportunidade perdida,lost,46,0,2,0,0,4.0,Prospecção,250-500,B - Aceleração,650.0,Média,71.0,152.0,82.0,0.0,Marialva,PR,Censo Escolar 2023,Não segue orientação religiosa específica,,005N400000OeNBQIA3,R$ 0 a R$ 500,2028,Trilhas,1.0,1.0,3 - Não,,,1.0,2026-06-02,Satisfação com preço do atual parceiro,0.0
006N400000cy6sfIAA,0014v00002uiK3nAAE,Poliedro,1836454.35,2026-04-17,2026-05-22,2026-04-17 18:10:47,3,3,3,Validação pedagógica,open,35,0,2,0,0,0.0,Prospecção,Acima de 1.000,A - Referência,825.0,Alta,511.0,747.0,157.0,278.0,Campinas,SP,Censo Escolar 2021,Não segue orientação religiosa específica,,0054v00000EkXMDAA3,R$ 1.000 a R$ 1.500,2027,Livros Didáticos,3.0,1.0,1 - Sim,,,1.0,2026-05-22,,
006N400000cyIp5IAE,0014v00002Nso6FAAR,Poliedro,675379.12,2026-04-17,2026-06-11,2026-04-17 20:02:53,3,3,3,Validação pedagógica,open,55,0,2,0,0,29.0,Prospecção,750-1.000,A - Referência,850.0,Alta,362.0,488.0,71.0,74.0,Caxias do Sul,RS,Censo Escolar 2019,Católica,Rede La Salle,005N40000035kTVIAY,R$ 2.000 a R$ 2.500,2026,Bernoulli,5.0,1.0,1 - Sim,1.0,Inbound Poliedro 2026,1.0,2026-06-11,,
006N400000cz6CHIAY,001N400000NlF4RIAV,Conviver,91218.08,2026-04-17,2026-07-10,2026-04-17 20:53:15,6,6,6,Oportunidade perdida,lost,84,0,5,0,0,10.0,Prospecção,0-250,C - Estruturação,500.0,Não prioritária,61.0,84.0,0.0,68.0,Itajaí,SC,Censo Escolar 2023,,,005N400000PJiOjIAL,R$ 1.500 a R$ 2.000,Sem Dados,Sem Dados,1.0,1.0,3 - Não,,,1.0,2026-07-10,Existe um contrato de longo prazo,0.0
006N400000cz93hIAA,001N400000Nl6D4IAJ,Polígono,226460.51,2026-04-17,2026-07-03,2026-04-17 21:33:16,7,7,7,Oportunidade perdida,lost,77,0,6,0,0,35.0,Prospecção,250-500,C - Estruturação,550.0,Média,95.0,180.0,66.0,57.0,São Paulo,SP,Censo Escolar 2023,Não segue orientação religiosa específica,,005N40000035sinIAA,R$ 1.500 a R$ 2.000,2026,Geekie One,10.0,1.0,3 - Não,1.0,Inbound Poliedro 2026,1.0,2026-07-03,Satisfação com preço do atual parceiro,0.0
006N400000d7b9IIAQ,0014v00002KvEyPAAV,Poliedro,458593.44,2026-04-20,2026-07-31,2026-04-20 21:22:46,4,4,4,Oportunidade perdida,lost,102,0,3,0,0,60.0,Prospecção,250-500,C - Estruturação,500.0,Alta,188.0,196.0,0.0,0.0,Fortaleza,CE,Censo Escolar 2019,Não segue orientação religiosa específica,,005N400000P9zIoIAJ,R$ 500 a R$ 1.000,2027,Bernoulli,4.0,1.0,3 - Não,,,1.0,2026-04-20,,0.0
006N400000d9rGLIAY,001N400000nmGzAIAU,Poliedro,0.0,2026-04-22,2026-05-15,2026-04-22 01:49:23,2,2,2,Oportunidade perdida,lost,23,0,1,0,0,23.0,Prospecção,Sem Dados,Sem Clusterização Comercial em 2026,0.0,Baixa,0.0,0.0,0.0,0.0,Rio de Janeiro,RJ,SDR,Não segue orientação religiosa específica,,005N400000CUSPxIAP,R$ 500 a R$ 1.000,2027,Livros Didáticos,2.0,1.0,3 - Não,1.0,Inbound Poliedro 2026,1.0,2026-05-15,Análise de Impacto de Escola Associada,0.0
006N400000dC9dnIAC,0016g00000KMpv5AAD,Poliedro,995707.03,2026-04-22,2026-05-29,2026-04-22 14:55:46,3,3,3,Validação pedagógica,open,37,0,2,0,0,0.0,Prospecção,750-1.000,B - Aceleração,775.0,Alta,276.0,315.0,77.0,205.0,Araguaína,TO,Censo Escolar 2019,Não segue orientação religiosa específica,,0056g0000034OkWAAU,R$ 1.000 a R$ 1.500,2026,Bernoulli,3.0,1.0,1 - Sim,1.0,Relatório Enem,1.0,2026-05-29,,
006N400000dDxIPIA0,001N400000BBlmrIAD,Polígono,125333.92,2026-04-22,2026-06-26,2026-04-22 18:21:48,4,4,4,Oportunidade perdida,lost,65,0,3,0,0,35.0,Prospecção,0-250,C - Estruturação,550.0,Baixa,62.0,87.0,38.0,0.0,João Pessoa,PB,Censo Escolar 2021,Não segue orientação religiosa específica,,005N400000DevL3IAJ,R$ 1.000 a R$ 1.500,2027,Material Próprio,1.0,1.0,3 - Não,,,1.0,2026-06-26,Satisfação com serviço do atual parceiro,0.0
006N400000dEI8IIAW,001N400000ItgVhIAJ,Polígono,614870.68,2026-04-22,2026-08-03,2026-04-22 18:52:15,4,4,4,Proposta tabela,open,103,0,3,0,0,73.0,Prospecção,750-1.000,B - Aceleração,700.0,Alta,278.0,272.0,85.0,131.0,João Pessoa,PB,Censo Escolar 2021,Não segue orientação religiosa específica,,005N400000DevL3IAJ,R$ 500 a R$ 1.000,2027,SAE Digital,5.0,1.0,3 - Não,2.0,Diálogos Poliedro - Expoeduc | Relatório Enem,1.0,2026-08-03,,
006N400000dIxOCIA0,001N400000B1xe1IAB,Poliedro,255304.13,2026-04-23,2026-06-01,2026-04-23 17:17:38,4,4,4,Oportunidade perdida,lost,39,0,3,0,0,4.0,Prospecção,250-500,A - Referência,825.0,Média,83.0,104.0,57.0,42.0,Matozinhos,MG,Censo Escolar 2021,,,005N400000OGlMvIAL,R$ 500 a R$ 1.000,2028,Anglo,2.0,1.0,3 - Não,,,1.0,2026-06-01,Satisfação com serviço do atual parceiro,0.0
006N400000dJczHIAS,0016g00000BIRVpAAP,Conviver,0.0,2026-04-23,2026-04-23,2026-04-23 19:51:34,1,1,1,Solicitação de material,open,0,0,0,0,0,,,,,,,,,,,,,,,,,,,,,1.0,3 - Não,,,1.0,2026-04-23,,
006N400000dKGQRIA4,001N400000NlGDkIAN,Poliedro,575649.0,2026-04-23,2026-05-26,2026-04-23 20:15:11,3,3,3,Oportunidade perdida,lost,33,0,2,0,0,21.0,,,,,,,,,,,,,,,,,,,,1.0,3 - Não,,,1.0,2026-05-26,Renovou com atual parceiro,0.0
006N400000dKH4kIAG,001N400000FQt53IAD,Poliedro,209621.76,2026-04-23,2026-05-26,2026-04-23 20:23:06,3,3,3,Oportunidade perdida,lost,33,0,2,0,0,21.0,,,,,,,,,,,,,,,,,,,,1.0,3 - Não,,,1.0,2026-05-26,Existe um contrato de longo prazo,0.0
006N400000dKoOqIAK,001N400000NlF3XIAV,Poliedro,419817.18,2026-04-23,2026-07-13,2026-04-23 22:38:45,11,11,11,Enviado para a assinatura,open,81,1,9,0,0,0.0,Prospecção,250-500,C - Estruturação,575.0,Média,117.0,83.0,22.0,98.0,Aracaju,SE,Censo Escolar 2023,Não segue orientação religiosa específica,,0056g0000034OkZAAU,R$ 500 a R$ 1.000,2026,Amplia,19.0,1.0,1 - Sim,3.0,Imersão 2026-06-10 | Inbound Poliedro 2026 | Relatório Enem,1.0,2026-07-13,,
006N400000dLI0HIAW,001N400000Av4h9IAB,Poliedro,892035.8,2026-04-24,2026-08-14,2026-04-24 02:32:15,4,4,4,Oportunidade perdida,lost,112,0,3,0,0,24.0,,,,,,,,,,,,,,,,,,,,1.0,1 - Sim,,,1.0,2026-08-14,Satisfação com serviço do atual parceiro,0.0
006N400000dLoWSIA0,001N400000TK7axIAD,Polígono,0.0,2026-04-24,2026-04-28,2026-04-24 11:25:28,2,2,2,Oportunidade perdida,lost,4,0,1,0,0,4.0,,,,,,,,,,,,,,,,,,,,1.0,3 - Não,,,2.0,2026-04-28,Análise de Impacto de Escola Associada | Preço de venda abaixo do perfil do sistema de ensino,0.0
006N400000dMJ3yIAG,001N400000NlFgjIAF,Poliedro,250785.69,2026-04-24,2026-06-29,2026-04-24 12:52:08,5,5,5,Proposta personalizada,open,66,0,4,0,0,0.0,Prospecção,250-500,C - Estruturação,625.0,Alta,134.0,149.0,45.0,0.0,Gurupi,TO,Censo Escolar 2023,Evangélica,Rede Não Localizada,0056g0000034OkWAAU,R$ 1.000 a R$ 1.500,2026,Mackenzie,3.0,1.0,3 - Não,,,1.0,2026-06-29,,
006N400000dNORRIA4,001N400000NlF51IAF,Polígono,1176888.54,2026-04-24,2026-06-06,2026-04-24 14:54:35,3,3,3,Oportunidade perdida,lost,43,0,2,0,0,0.0,Prospecção,750-1.000,B - Aceleração,725.0,Alta,419.0,290.0,34.0,132.0,Guarulhos,SP,Censo Escolar 2023,Não segue orientação religiosa específica,,005N400000P4NcLIAV,R$ 500 a R$ 1.000,2028,Geekie One,1.0,1.0,3 - Não,,,2.0,2026-06-07,Existe um contrato de longo prazo,0.0
006N400000dNdgbIAC,001N400000NlF51IAF,Conviver,225462.06,2026-04-24,2026-06-07,2026-04-24 14:58:27,2,2,2,Oportunidade perdida,lost,44,0,1,0,0,44.0,Prospecção,750-1.000,B - Aceleração,725.0,Alta,419.0,290.0,34.0,132.0,Guarulhos,SP,Censo Escolar 2023,Não segue orientação religiosa específica,,005N400000P4NcLIAV,R$ 500 a R$ 1.000,2028,Geekie One,1.0,1.0,3 - Não,,,2.0,2026-06-07,Existe um contrato de longo prazo,0.0
006N400000dOgMEIA0,001N400000NlDD2IAN,Polígono,174603.88,2026-04-24,2026-07-17,2026-04-24 18:39:46,4,4,4,Oportunidade perdida,lost,84,0,3,0,0,32.0,Prospecção,0-250,D - Capilaridade,475.0,Não prioritária,105.0,73.0,0.0,66.0,Feira de Santana,BA,Censo Escolar 2023,,,005N400000Dew5pIAB,R$ 500 a R$ 1.000,Sem Dados,Sem Dados,4.0,1.0,3 - Não,1.0,Diálogos Feira de Santana 2026-04-22,1.0,2026-07-17,Existe um contrato de longo prazo,0.0
006N400000dP7HcIAK,0014v00002Owxs8AAB,Poliedro,226211.3,2026-04-24,2026-06-08,2026-04-24 17:55:23,4,4,4,Oportunidade perdida,lost,45,0,3,0,0,7.0,Prospecção,0-250,C - Estruturação,500.0,Alta,0.0,0.0,0.0,118.0,Fortaleza,CE,Censo Escolar 2019,Não segue orientação religiosa específica,,005N400000P9zIoIAJ,R$ 1.000 a R$ 1.500,2027,FTD,3.0,1.0,3 - Não,,,1.0,2026-06-08,Existe um contrato de longo prazo,0.0
006N400000dPImWIAW,0014v00002m8xBIAAY,Polígono,51315.34,2026-04-24,2026-06-19,2026-04-24 18:16:44,4,4,4,Oportunidade perdida,lost,56,0,3,0,0,35.0,Prospecção,0-250,C - Estruturação,525.0,Não prioritária,36.0,31.0,19.0,0.0,Feira de Santana,BA,Censo Escolar 2021,,,005N400000Dew5pIAB,Sem informação,Sem Dados,Sem Dados,7.0,1.0,1 - Sim,1.0,Diálogos Feira de Santana 2026-04-22,1.0,2026-06-19,Escola parou de responder,0.0
006N400000dPoEYIA0,001N400000NlDIiIAN,Poliedro,321657.3,2026-04-24,2026-07-06,2026-04-24 21:02:42,4,4,4,Oportunidade perdida,lost,73,0,3,0,0,61.0,Prospecção,0-250,D - Capilaridade,450.0,Não prioritária,0.0,0.0,0.0,186.0,Fortaleza,CE,Censo Escolar 2023,,,005N400000P9zIoIAJ,R$ 0 a R$ 500,Sem Dados,Sem Dados,7.0,1.0,1 - Sim,,,1.0,2026-07-06,Existe um contrato de longo prazo,0.0
006N400000dZe95IAC,001N400000heiV0IAI,Polígono,91073.8,2026-04-27,2026-06-02,2026-04-27 19:57:23,3,3,3,Validação pedagógica,open,36,0,2,0,0,14.0,,,,,,,,,,,,,,,,,,,,1.0,3 - Não,,,1.0,2026-06-02,,
006N400000daGpSIAU,001N400000NlDGYIA3,Polígono,180326.02,2026-04-27,2026-07-16,2026-04-27 20:47:33,7,7,7,Oportunidade perdida,lost,80,0,6,0,0,0.0,Prospecção,250-500,B - Aceleração,650.0,Baixa,84.0,156.0,41.0,0.0,Uruçuí,PI,Censo Escolar 2023,Evangélica,Educação Batista,0056g00000468kkAAA,R$ 500 a R$ 1.000,2027,Mackenzie,5.0,1.0,1 - Sim,1.0,Inbound Poliedro 2026,1.0,2026-07-16,Satisfação com preço e serviço do atual parceiro,0.0
006N400000daJbzIAE,001N400000J8n5TIAR,Poliedro,122182.4,2026-04-27,2026-07-28,2026-04-27 20:10:03,2,2,2,Oportunidade perdida,lost,92,0,1,0,0,92.0,Prospecção,250-500,C - Estruturação,525.0,Alta,78.0,169.0,46.0,29.0,Uberlândia,MG,Censo Escolar 2021,Não segue orientação religiosa específica,"APER - Associação Assistencial, Promocional e Educacional Ressurreição",0054v00000EkfjPAAR,R$ 1.000 a R$ 1.500,2026,FTD,2.0,1.0,3 - Não,,,1.0,2026-07-28,Alteração de CNPJ na conta (uso de operações comerciais),0.0
006N400000deo9MIAQ,0014v00002Rik6VAAR,Polígono,102440.0,2026-04-28,2026-07-03,2026-04-28 17:38:37,2,2,2,Oportunidade perdida,lost,66,0,1,0,0,66.0,,,,,,,,,,,,,,,,,,,,1.0,1 - Sim,,,2.0,2026-07-03,Renovou com atual parceiro,0.0
006N400000dfB2jIAE,0014v00002Rik6VAAR,Conviver,30722.0,2026-04-28,2026-07-03,2026-04-28 17:47:50,2,2,2,Oportunidade perdida,lost,66,0,1,0,0,66.0,,,,,,,,,,,,,,,,,,,,1.0,1 - Sim,,,2.0,2026-07-03,Renovou com atual parceiro,0.0
006N400000dgHFhIAM,0016g00000NuXMJAA3,Polígono,379096.37,2026-04-28,2026-07-16,2026-04-28 19:13:10,6,6,6,Oportunidade perdida,lost,79,0,5,0,0,27.0,Prospecção,500-750,B - Aceleração,750.0,Alta,252.0,212.0,72.0,108.0,Palmeira Dos Índios,AL,Censo Escolar 2019,Católica,,0056g00000468kkAAA,R$ 500 a R$ 1.000,2027,SAE Digital,7.0,1.0,1 - Sim,,,1.0,2026-07-16,Pacote agressivo de benefícios do concorrente,0.0
006N400000dhEUHIA2,001N400000oKw9bIAC,Poliedro,986688.58,2026-04-29,2026-06-14,2026-04-29 01:15:17,6,6,6,Oportunidade perdida,lost,46,0,5,0,0,30.0,Prospecção,Sem Dados,Sem Clusterização Comercial em 2026,0.0,Alta,0.0,0.0,0.0,0.0,Petrópolis,RJ,SDR,Católica,,005N400000CUSPxIAP,R$ 1.000 a R$ 1.500,2026,Livros Didáticos,9.0,1.0,3 - Não,,,3.0,2026-06-15,Renovou com atual parceiro,0.0
006N400000djjCDIAY,0014v00002KvdAQAAZ,Poliedro,139851.0,2026-04-29,2026-06-09,2026-04-29 14:05:09,4,4,4,Oportunidade perdida,lost,41,0,3,0,0,12.0,Prospecção,250-500,A - Referência,850.0,Média,121.0,76.0,23.0,66.0,Bocaiúva,MG,Censo Escolar 2019,Não segue orientação religiosa específica,,005N400000OGlMvIAL,R$ 500 a R$ 1.000,2028,Anglo,2.0,1.0,3 - Não,,,1.0,2026-06-09,Existe um contrato de longo prazo,0.0
006N400000dkw7NIAQ,001N400000heajxIAA,Poliedro,21933.22,2026-04-29,2026-06-29,2026-04-29 16:58:44,5,5,5,Proposta personalizada,open,61,0,4,0,0,0.0,Prospecção,0-250,C - Estruturação,575.0,Não prioritária,35.0,51.0,38.0,0.0,Barra do Mendes,BA,Censo Escolar 2023,Evangélica,,0056g0000034OkWAAU,R$ 1.000 a R$ 1.500,2027,Mackenzie,4.0,1.0,3 - Não,1.0,Inbound Poliedro 2026,2.0,2026-06-29,,
006N400000dkzzjIAA,0016g00000BIRYnAAP,Conviver,175456.0,2026-04-29,2026-07-07,2026-04-29 17:34:17,4,4,4,Proposta tabela,open,69,0,3,0,0,53.0,,,,,,,,,,,,,,,,,,,,1.0,1 - Sim,,,2.0,2026-07-07,,
006N400000dlCCAIA2,0016g00000BIRYnAAP,Polígono,483626.31,2026-04-29,2026-07-07,2026-04-29 17:33:10,4,4,4,Proposta tabela,open,69,0,3,0,0,53.0,,,,,,,,,,,,,,,,,,,,1.0,1 - Sim,,,2.0,2026-07-07,,
006N400000dlE16IAE,001N400000NlGDeIAN,Poliedro,205998.01,2026-04-29,2026-06-02,2026-04-29 18:12:10,6,6,6,Oportunidade perdida,lost,34,0,5,0,0,21.0,Prospecção,0-250,D - Capilaridade,425.0,Não prioritária,43.0,54.0,20.0,0.0,Brasília,DF,Censo Escolar 2023,Evangélica,,0056g0000034OkWAAU,R$ 500 a R$ 1.000,2026,Mackenzie,2.0,1.0,3 - Não,1.0,Inbound Poliedro 2026,1.0,2026-06-02,Existe um contrato de longo prazo,0.0
006N400000dm1zVIAQ,0014v00002SMgXpAAL,Poliedro,94287.94,2026-04-29,2026-05-21,2026-04-29 21:15:18,4,4,4,Oportunidade perdida,lost,22,0,3,0,0,0.0,Prospecção,0-250,C - Estruturação,600.0,Média,25.0,49.0,8.0,0.0,Laje do Muriaé,RJ,Censo Escolar 2019,Não segue orientação religiosa específica,,005N400000Of55xIAB,R$ 500 a R$ 1.000,2027,Amplia,9.0,1.0,3 - Não,1.0,Inbound Poliedro 2026,2.0,2026-08-10,Existe um contrato de longo prazo | Preço de venda abaixo do perfil do sistema de ensino,0.0
006N400000dmE2LIAU,0014v00002sbI6wAAE,Poliedro,764954.37,2026-04-29,2026-06-21,2026-04-29 20:00:54,12,12,12,Contrato assinado,won,53,1,10,0,0,4.0,Prospecção,250-500,B - Aceleração,650.0,Alta,100.0,204.0,64.0,48.0,Uberaba,MG,Censo Escolar 2021,,,0054v00000EkfjPAAR,R$ 1.000 a R$ 1.500,2026,PH,8.0,1.0,3 - Não,1.0,Imersão 2026-06-10,1.0,2026-06-21,,1.0
006N400000dmRAxIAM,001N400000FLaMSIA1,Conviver,75759.81,2026-04-29,2026-05-29,2026-04-29 23:02:36,6,6,6,Negociação e ajuste financeiro,open,30,0,5,0,0,29.0,,,,,,,,,,,,,,,,,,,,1.0,3 - Não,,,1.0,2026-05-29,,
006N400000dmZ0EIAU,001N400000NlDnkIAF,Poliedro,332518.76,2026-04-29,2026-05-26,2026-04-29 20:00:42,2,2,2,Oportunidade perdida,lost,27,0,1,0,0,27.0,,,,,,,,,,,,,,,,,,,,1.0,3 - Não,,,,,,0.0
006N400000dmblFIAQ,001N400000heiUzIAI,Polígono,57934.44,2026-04-29,2026-05-28,2026-04-29 21:02:24,3,3,3,Oportunidade perdida,lost,29,0,2,0,0,0.0,Prospecção,0-250,D - Capilaridade,475.0,Média,0.0,53.0,17.0,0.0,São Gonçalo,RJ,Censo Escolar 2023,Não segue orientação religiosa específica,,005N400000Of55xIAB,R$ 500 a R$ 1.000,2029,Editora do Brasil,2.0,1.0,3 - Não,1.0,Inbound Polígono 2026,1.0,2026-05-28,Existe um contrato de longo prazo,0.0
006N400000dmfonIAA,001N400000NlG8xIAF,Poliedro,265375.57,2026-04-29,2026-04-29,2026-04-29 20:13:42,1,1,1,Solicitação de material,open,0,0,0,0,0,,,,,,,,,,,,,,,,,,,,,1.0,3 - Não,,,1.0,2026-04-29,,
006N400000dmirVIAQ,001N400000KQww5IAD,Polígono,115386.61,2026-04-29,2026-07-10,2026-04-29 20:25:17,7,7,7,Oportunidade perdida,lost,72,0,6,0,0,7.0,Prospecção,250-500,B - Aceleração,650.0,Média,131.0,120.0,50.0,100.0,Itaocara,RJ,Censo Escolar 2021,Não segue orientação religiosa específica,,005N400000Of55xIAB,R$ 1.000 a R$ 1.500,2026,Bernoulli,2.0,1.0,3 - Não,,,1.0,2026-07-10,Pacote agressivo de benefícios do concorrente,0.0
006N400000dn9mrIAA,001N400000GL5gFIAT,Poliedro,700015.88,2026-04-29,2026-08-07,2026-04-29 22:52:21,7,7,7,Oportunidade perdida,lost,100,0,6,0,0,66.0,Prospecção,0-250,B - Aceleração,750.0,Baixa,112.0,0.0,0.0,104.0,Bragança Paulista,SP,Censo Escolar 2021,Não segue orientação religiosa específica,,005N40000035sinIAA,R$ 1.500 a R$ 2.000,2028,SAS,9.0,1.0,3 - Não,1.0,Diálogos Bett Brasil 2026-05-07,1.0,2026-08-07,Existe um contrato de longo prazo,0.0
006N400000dnEEkIAM,0014v00002SMhr5AAD,Poliedro,416038.67,2026-04-30,2026-04-30,2026-04-30 03:53:21,1,1,1,Solicitação de material,open,0,0,0,0,0,,,,,,,,,,,,,,,,,,,,,1.0,3 - Não,,,1.0,2026-04-30,,
006N400000dnH66IAE,001N400000AtY1qIAF,Polígono,115001.7,2026-04-29,2026-07-28,2026-04-29 23:28:26,6,6,6,Oportunidade perdida,lost,90,0,5,0,0,35.0,Prospecção,500-750,B - Aceleração,650.0,Média,162.0,348.0,131.0,0.0,Juazeiro do Norte,CE,Censo Escolar 2021,Não segue orientação religiosa específica,,005N400000P9zIoIAJ,R$ 100 a R$ 500,2028,FTD,7.0,1.0,1 - Sim,1.0,Diálogos Juazeiro do Norte 2026-05-27,1.0,2026-07-28,,0.0
006N400000dnKNJIA2,0014v00002m7AQOAA2,Polígono,97988.88,2026-04-29,2026-05-20,2026-04-29 23:55:48,3,3,3,Validação pedagógica,open,21,0,2,0,0,0.0,Prospecção,250-500,C - Estruturação,600.0,Não prioritária,139.0,84.0,0.0,34.0,Juazeiro do Norte,CE,Censo Escolar 2021,Não segue orientação religiosa específica,Colegio Exito Do Cariri S/S Ltda Me,005N400000P9zIoIAJ,R$ 100 a R$ 500,2028,Editora Construir,5.0,1.0,1 - Sim,,,1.0,2026-05-20,,
006N400000dnPBhIAM,001N400000NlGL1IAN,Conviver,91289.68,2026-04-30,2026-06-08,2026-04-30 01:00:05,3,3,3,Validação pedagógica,open,39,0,2,0,0,19.0,Prospecção,250-500,B - Aceleração,675.0,Média,153.0,179.0,43.0,40.0,Rio de Janeiro,RJ,Censo Escolar 2023,Católica,Rede Notre Dame,005N400000CUSPxIAP,R$ 2.000 a R$ 2.500,2027,Livros Didáticos,10.0,1.0,3 - Não,1.0,Inbound Poliedro 2026,2.0,2026-06-08,,
006N400000dphquIAA,001N400000NlDEFIA3,Conviver,27601.0,2026-04-30,2026-08-11,2026-04-30 15:04:03,4,4,4,Oportunidade perdida,lost,103,0,3,0,0,77.0,Prospecção,0-250,C - Estruturação,550.0,Não prioritária,101.0,0.0,0.0,52.0,Campo Grande,MS,Censo Escolar 2023,Não segue orientação religiosa específica,,005N400000OGlrZIAT,R$ 1.000 a R$ 1.500,2028,COC,12.0,1.0,3 - Não,,,2.0,2026-08-11,Satisfação com preço do atual parceiro,0.0
006N400000dpw8LIAQ,001N400000hegLQIAY,Polígono,161026.74,2026-04-30,2026-05-08,2026-04-30 14:12:55,3,3,3,Oportunidade perdida,lost,8,0,2,0,0,0.0,Prospecção,0-250,C - Estruturação,550.0,Não prioritária,111.0,69.0,24.0,29.0,Goiânia,GO,Censo Escolar 2023,,,005N400000PA8nVIAT,Sem informação,Sem Dados,Sem Dados,1.0,1.0,3 - Não,,,1.0,2026-05-08,Existe um contrato de longo prazo,0.0
006N400000dqLZuIAM,0014v00002OwM3rAAF,Poliedro,513253.17,2026-04-30,2026-05-20,2026-04-30 17:09:35,3,3,3,Validação pedagógica,open,20,0,2,0,0,20.0,Prospecção,Acima de 1.000,A - Referência,825.0,Alta,630.0,541.0,121.0,367.0,São Paulo,SP,Censo Escolar 2019,Não segue orientação religiosa específica,Fundacao Visconde De Porto Seguro,0054v00000EkXMDAA3,R$ 3.000 ou mais,2026,Anglo,2.0,1.0,3 - Não,,,1.0,2026-05-20,,
006N400000dsOTXIA2,0016g00000BIRaBAAX,Conviver,0.0,2026-04-30,2026-06-18,2026-04-30 19:47:20,2,2,2,Oportunidade perdida,lost,49,0,1,0,0,49.0,,,,,,,,,,,,,,,,,,,,1.0,3 - Não,,,1.0,2026-06-18,Satisfação com serviço do atual parceiro,0.0
006N400000dsS45IAE,001N400000UYCSCIA5,Polígono,54264.0,2026-04-30,2026-05-13,2026-04-30 19:31:12,3,3,3,Validação pedagógica,open,13,0,2,0,0,0.0,Prospecção,Sem Dados,D - Capilaridade,325.0,Não prioritária,0.0,0.0,0.0,0.0,São Vicente,SP,SDR,,,005N400000P4NcLIAV,Sem informação,Sem Dados,Material Próprio,2.0,1.0,3 - Não,,,1.0,2026-05-13,,
006N400000dsbqYIAQ,0014v00002sbpQDAAY,Conviver,190140.41,2026-04-30,2026-06-03,2026-04-30 20:52:24,4,4,4,Oportunidade perdida,lost,34,0,3,0,0,29.0,Prospecção,500-750,B - Aceleração,650.0,Alta,245.0,348.0,0.0,134.0,Santo André,SP,Censo Escolar/Fale conosco,Não segue orientação religiosa específica,,005N400000P4NcLIAV,R$ 2.000 a R$ 2.500,2026,Plurall,15.0,1.0,1 - Sim,2.0,Inbound Poliedro 2026 | Relatório Enem,2.0,2026-07-14,Alteração de CNPJ na conta (uso de operações comerciais) | Escola não adota sistema de ensino,0.0
006N400000dxdF1IAI,001N400000hedGBIAY,Polígono,37801.74,2026-05-02,2026-08-13,2026-05-02 14:20:38,5,5,5,Proposta tabela,open,103,1,3,0,0,0.0,Prospecção,0-250,D - Capilaridade,450.0,Não prioritária,0.0,0.0,73.0,0.0,Campo Grande,MS,Censo Escolar 2023,Não segue orientação religiosa específica,Ajel Educacional Ltda,005N400000OGlrZIAT,R$ 1.000 a R$ 1.500,2028,Maxi,5.0,1.0,1 - Sim,,,2.0,2026-08-13,,
006N400000dxo0kIAA,001N400000heuqoIAA,Conviver,242479.03,2026-05-02,2026-08-13,2026-05-02 14:30:30,5,5,5,Oportunidade perdida,lost,103,0,4,0,0,44.0,Prospecção,0-250,D - Capilaridade,425.0,Não prioritária,0.0,0.0,0.0,0.0,Campo Grande,MS,Censo Escolar 2023,,,005N400000OGlrZIAT,Sem informação,Sem Dados,Sem Dados,4.0,1.0,3 - Não,,,2.0,2026-08-13,Satisfação com serviço do atual parceiro,0.0
006N400000dzoz3IAA,001N400000A0SOLIA3,Conviver,160696.3,2026-05-03,2026-07-17,2026-05-03 17:37:39,6,6,6,Oportunidade perdida,lost,75,0,5,0,0,0.0,Prospecção,0-250,B - Aceleração,700.0,Alta,0.0,196.0,40.0,0.0,Feira de Santana,BA,Censo Escolar 2021,Não segue orientação religiosa específica,,005N400000Dew5pIAB,R$ 500 a R$ 1.000,2026,Farias Brito,36.0,1.0,1 - Sim,2.0,Estudo de Geomarketing | Imersão 2026-05-19,2.0,2026-07-17,Satisfação com preço do atual parceiro,0.0
006N400000e147NIAQ,0014v00002fEkmlAAC,Poliedro,654608.38,2026-05-04,2026-06-15,2026-05-04 11:13:57,4,4,4,Oportunidade perdida,lost,42,0,3,0,0,24.0,Prospecção,500-750,B - Aceleração,675.0,Alta,194.0,342.0,97.0,0.0,Hortolândia,SP,Censo Escolar 2021,Não segue orientação religiosa específica,,0054v00000EkXMDAA3,R$ 1.000 a R$ 1.500,2026,Etapa,4.0,1.0,3 - Não,,,1.0,2026-06-15,Satisfação com serviço do atual parceiro,0.0
006N400000e1xBvIAI,0014v00002m7AmKAAU,Polígono,0.0,2026-05-04,2026-05-15,2026-05-04 13:09:23,2,2,2,Oportunidade perdida,lost,11,0,1,0,0,11.0,Prospecção,500-750,C - Estruturação,550.0,Alta,153.0,211.0,67.0,73.0,Fortaleza,CE,Censo Escolar 2021,Não segue orientação religiosa específica,,005N400000P9zIoIAJ,R$ 100 a R$ 500,2026,Editora Construir,11.0,1.0,1 - Sim,3.0,Diálogos Fortaleza 2026-04-16 | Estudo de Geomarketing | Relatório Enem,2.0,2026-07-20,Pacote agressivo de benefícios do concorrente | Satisfação com preço e serviço do atual parceiro,0.0
006N400000e4BKRIA2,001N400000heEuCIAU,Polígono,65545.92,2026-05-04,2026-05-21,2026-05-04 17:55:04,4,4,4,Oportunidade perdida,lost,17,0,3,0,0,6.0,Prospecção,0-250,D - Capilaridade,425.0,Não prioritária,0.0,0.0,62.0,0.0,Atibaia,SP,Censo Escolar 2023,Não segue orientação religiosa específica,,005N40000035sinIAA,R$ 500 a R$ 1.000,2026,Livros Didáticos,4.0,1.0,3 - Não,,,1.0,2026-05-21,Satisfação com serviço do atual parceiro,0.0
006N400000e5SENIA2,001N400000JOhotIAD,Polígono,271320.0,2026-05-04,2026-05-22,2026-05-04 19:41:44,2,2,2,Oportunidade perdida,lost,18,0,1,0,0,18.0,Prospecção,500-750,A - Referência,825.0,Alta,324.0,321.0,0.0,0.0,Campo Grande,MS,Censo Escolar 2021,Não segue orientação religiosa específica,,005N400000OGlrZIAT,R$ 1.000 a R$ 1.500,2028,Anglo,7.0,1.0,3 - Não,1.0,Relatório Enem,2.0,2026-08-11,Existe um contrato de longo prazo | Satisfação com serviço do atual parceiro,0.0
006N400000e6WPZIA2,001N400000MB4I9IAL,Polígono,183248.56,2026-05-04,2026-07-02,2026-05-04 23:39:24,4,4,4,Oportunidade perdida,lost,59,0,3,0,0,22.0,Prospecção,250-500,C - Estruturação,550.0,Média,149.0,133.0,40.0,0.0,Campos dos Goytacazes,RJ,Censo Escolar 2021,Não segue orientação religiosa específica,,005N400000DAfNPIA1,R$ 500 a R$ 1.000,2026,Maxi,7.0,1.0,3 - Não,,,1.0,2026-07-02,Renovou com atual parceiro,0.0
006N400000eBa9CIAS,001N400000Nl9buIAB,Polígono,224656.2,2026-05-05,2026-05-29,2026-05-05 19:55:10,3,3,3,Validação pedagógica,open,24,0,2,0,0,2.0,Prospecção,250-500,C - Estruturação,600.0,Não prioritária,0.0,240.0,99.0,0.0,Arapiraca,AL,Censo Escolar 2023,Não segue orientação religiosa específica,,0056g0000034OkZAAU,R$ 100 a R$ 500,2026,Formando Cidadãos,5.0,1.0,1 - Sim,,,1.0,2026-05-29,,
006N400000eBdQPIA0,0014v00002SMEgQAAX,Polígono,350592.6,2026-05-05,2026-05-05,2026-05-05 19:40:22,2,2,2,Oportunidade perdida,lost,0,0,1,0,0,0.0,Prospecção,500-750,A - Referência,825.0,Alta,163.0,222.0,57.0,71.0,Arapiraca,AL,Censo Escolar 2019,Não segue orientação religiosa específica,,0056g0000034OkZAAU,R$ 1.000 a R$ 1.500,2027,Bernoulli,2.0,1.0,3 - Não,,,1.0,2026-05-05,Existe um contrato de longo prazo,0.0
006N400000eCQnhIAG,001N400000Eh2D1IAJ,Polígono,0.0,2026-05-05,2026-05-05,2026-05-05 23:15:40,2,2,2,Oportunidade perdida,lost,0,0,1,0,0,0.0,Prospecção,0-250,D - Capilaridade,475.0,Não prioritária,0.0,32.0,0.0,0.0,Campos dos Goytacazes,RJ,Censo Escolar 2021,Não segue orientação religiosa específica,,005N400000DAfNPIA1,R$ 500 a R$ 1.000,2026,Material Próprio,1.0,1.0,3 - Não,,,1.0,2026-05-05,Escola encerrou suas atividades,0.0
006N400000eD37WIAS,001N400000oi9m8IAA,Poliedro,295949.2,2026-05-06,2026-07-06,2026-05-06 10:09:26,5,5,5,Oportunidade perdida,lost,61,0,4,0,0,3.0,Prospecção,Acima de 1.000,B - Aceleração,0.0,Alta,332.0,481.0,146.0,197.0,Londrina,PR,Prospeccao_ativa,Não segue orientação religiosa específica,,005N400000Q8sVmIAJ,R$ 3.000 ou mais,2027,COC,1.0,1.0,3 - Não,,,1.0,2026-07-06,Satisfação com serviço do atual parceiro,0.0
006N400000eDEHRIA4,001N400000hf2oNIAQ,Polígono,68591.16,2026-05-06,2026-05-15,2026-05-06 10:37:14,6,6,6,Negociação e ajuste financeiro,open,9,0,5,0,0,4.0,Prospecção,0-250,D - Capilaridade,450.0,Não prioritária,0.0,76.0,22.0,0.0,São Paulo,SP,Censo Escolar 2023,,,005N40000035sinIAA,Sem informação,Sem Dados,Sem Dados,9.0,1.0,3 - Não,,,1.0,2026-05-15,,
006N400000eDc6sIAC,0014v00002ZitaVAAR,Poliedro,268017.98,2026-05-06,2026-07-30,2026-05-06 12:24:10,11,11,11,Oportunidade perdida,lost,85,1,9,0,0,2.0,Prospecção,Sem Dados,D - Capilaridade,350.0,Alta,0.0,0.0,0.0,0.0,João Pessoa,PB,Prospeccao_ativa,Não segue orientação religiosa específica,,005N400000DevL3IAJ,R$ 1.500 a R$ 2.000,2026,PH,4.0,1.0,3 - Não,,,2.0,2026-08-06,Preço de venda abaixo do perfil do sistema de ensino,0.0
006N400000eHTudIAG,001N400000hR8wyIAC,Polígono,154063.46,2026-05-06,2026-08-11,2026-05-06 20:31:22,5,5,5,Proposta personalizada,open,97,0,4,0,0,4.0,Prospecção,0-250,B - Aceleração,675.0,Não prioritária,5.0,54.0,35.0,87.0,Itumbiara,GO,Censo Escolar 2021,Não segue orientação religiosa específica,,005N400000PA8nVIAT,R$ 500 a R$ 1.000,2026,Editora IBEP,6.0,1.0,3 - Não,,,1.0,2026-08-11,,
006N400000eHh9bIAC,0014v00002ji946AAA,Polígono,42643.0,2026-05-06,2026-06-12,2026-05-06 20:49:41,4,4,4,Proposta tabela,open,37,0,3,0,0,22.0,Prospecção,0-250,C - Estruturação,600.0,Média,85.0,132.0,33.0,0.0,Igarassu,PE,Censo Escolar 2021,Não segue orientação religiosa específica,,0056g0000034OkZAAU,R$ 100 a R$ 500,2027,Jean Piaget,8.0,1.0,1 - Sim,,,1.0,2026-06-12,,
006N400000eHxavIAC,0014v00002vJp3cAAC,Polígono,607617.71,2026-05-06,2026-07-07,2026-05-06 20:18:40,4,4,4,Proposta tabela,open,62,0,3,0,0,36.0,Prospecção,500-750,C - Estruturação,600.0,Alta,302.0,0.0,0.0,348.0,Itumbiara,GO,Censo Escolar 2021,Não segue orientação religiosa específica,,005N400000PA8nVIAT,R$ 1.000 a R$ 1.500,2026,PNLD,7.0,1.0,3 - Não,,,1.0,2026-07-07,,
006N400000eKWKyIAO,001N400000hevv9IAA,Poliedro,529541.0,2026-05-07,2026-08-10,2026-05-07 14:09:34,4,4,4,Oportunidade perdida,lost,95,0,3,0,0,63.0,Prospecção,0-250,C - Estruturação,525.0,Não prioritária,0.0,0.0,0.0,69.0,Bebedouro,SP,Censo Escolar 2023,Não segue orientação religiosa específica,,005N400000Of3liIAB,R$ 1.000 a R$ 1.500,2028,Positivo,4.0,1.0,3 - Não,,,1.0,2026-08-10,,0.0
006N400000eKpPBIA0,0014v00002SMBGFAA5,Polígono,16339.28,2026-05-07,2026-05-14,2026-05-07 14:38:55,3,3,3,Validação pedagógica,open,7,0,2,0,0,0.0,Prospecção,0-250,C - Estruturação,525.0,Baixa,47.0,0.0,0.0,56.0,Praia Grande,SP,Censo Escolar 2019,Não segue orientação religiosa específica,,005N400000P4NcLIAV,R$ 1.000 a R$ 1.500,2028,SAE Digital,4.0,1.0,3 - Não,,,2.0,2026-06-15,Preço de venda abaixo do perfil do sistema de ensino,
006N400000eKvcdIAC,001N400000NlDrFIAV,Poliedro,1869438.99,2026-05-07,2026-08-07,2026-05-07 14:50:49,4,4,4,Oportunidade perdida,lost,92,0,3,0,0,56.0,Prospecção,Acima de 1.000,B - Aceleração,675.0,Alta,474.0,631.0,184.0,343.0,Passo Fundo,RS,Censo Escolar 2023,Católica,Rede Notre Dame,005N40000035kTVIAY,R$ 1.000 a R$ 1.500,2026,Livros Didáticos,5.0,1.0,1 - Sim,1.0,Relatório Enem,1.0,2026-08-07,Perda automática por higienização,0.0
006N400000eKxLBIA0,0014v00002SMBGFAA5,Poliedro,116882.7,2026-05-07,2026-06-15,2026-05-07 14:43:19,4,4,4,Oportunidade perdida,lost,39,0,3,0,0,32.0,Prospecção,0-250,C - Estruturação,525.0,Baixa,47.0,0.0,0.0,56.0,Praia Grande,SP,Censo Escolar 2019,Não segue orientação religiosa específica,,005N400000P4NcLIAV,R$ 1.000 a R$ 1.500,2028,SAE Digital,4.0,1.0,3 - Não,,,2.0,2026-06-15,Preço de venda abaixo do perfil do sistema de ensino,0.0
006N400000eL4G7IAK,001N400000hJS9VIAW,Poliedro,693535.92,2026-05-07,2026-06-25,2026-05-07 14:30:04,3,3,3,Validação pedagógica,open,49,0,2,0,0,13.0,Prospecção,500-750,B - Aceleração,725.0,Alta,203.0,247.0,69.0,90.0,Pirapora,MG,Censo Escolar 2021,Católica,Associacao Feminina Brasileira De Educacao E Assistencia - Afbea,005N40000035kTVIAY,R$ 1.000 a R$ 1.500,2028,Positivo,6.0,1.0,1 - Sim,1.0,Relatório Enem,1.0,2026-06-25,,
006N400000eL8zhIAC,0014v00002KvwERAAZ,Polígono,15629.0,2026-05-07,2026-05-27,2026-05-07 14:59:59,2,2,2,Oportunidade perdida,lost,20,0,1,0,0,20.0,Prospecção,250-500,C - Estruturação,550.0,Alta,154.0,169.0,0.0,81.0,Olímpia,SP,Censo Escolar 2019,Não segue orientação religiosa específica,,005N400000P4NcLIAV,R$ 500 a R$ 1.000,2026,PH,3.0,1.0,3 - Não,,,3.0,2026-05-27,Escola não adota sistema de ensino,0.0
006N400000eLJzxIAG,0014v00002KvwERAAZ,Conviver,82583.42,2026-05-07,2026-05-27,2026-05-07 15:05:58,2,2,2,Oportunidade perdida,lost,20,0,1,0,0,20.0,Prospecção,250-500,C - Estruturação,550.0,Alta,154.0,169.0,0.0,81.0,Olímpia,SP,Censo Escolar 2019,Não segue orientação religiosa específica,,005N400000P4NcLIAV,R$ 500 a R$ 1.000,2026,PH,3.0,1.0,3 - Não,,,3.0,2026-05-27,Escola não adota sistema de ensino,0.0
006N400000eLVTCIA4,0014v00002KvwERAAZ,Poliedro,719405.71,2026-05-07,2026-05-27,2026-05-07 15:03:22,6,6,6,Negociação e ajuste financeiro,open,20,0,5,0,0,5.0,Prospecção,250-500,C - Estruturação,550.0,Alta,154.0,169.0,0.0,81.0,Olímpia,SP,Censo Escolar 2019,Não segue orientação religiosa específica,,005N400000P4NcLIAV,R$ 500 a R$ 1.000,2026,PH,3.0,1.0,3 - Não,,,3.0,2026-05-27,Escola não adota sistema de ensino,
006N400000eLqauIAC,001N400000Nl8QGIAZ,Polígono,196635.8,2026-05-07,2026-06-02,2026-05-07 17:52:59,2,2,2,Material entregue,open,26,0,1,0,0,26.0,,,,,,,,,,,,,,,,,,,,1.0,3 - Não,,,2.0,2026-06-02,,
006N400000eLrNJIA0,001N400000La9NGIAZ,Polígono,128050.0,2026-05-07,2026-07-29,2026-05-07 16:15:43,4,4,4,Oportunidade perdida,lost,83,0,3,0,0,49.0,Prospecção,0-250,C - Estruturação,575.0,Baixa,79.0,68.0,0.0,45.0,Praia Grande,SP,Censo Escolar 2021,Não segue orientação religiosa específica,,005N400000OePRkIAN,R$ 500 a R$ 1.000,2028,Positivo,2.0,1.0,3 - Não,,,1.0,2026-07-29,Satisfação com serviço do atual parceiro,0.0
006N400000eLu9uIAC,0014v00002KvWVCAA3,Conviver,237797.94,2026-05-07,2026-08-12,2026-05-07 17:11:33,6,6,6,Oportunidade perdida,lost,97,0,5,0,0,5.0,,,,,,,,,,,,,,,,,,,,1.0,1 - Sim,1.0,Encontro de Lideranças Católicas,1.0,2026-08-12,Pacote agressivo de benefícios do concorrente,0.0
006N400000eMHMdIAO,001N400000KLZQkIAP,Poliedro,721819.94,2026-05-07,2026-07-28,2026-05-07 18:22:03,3,3,3,Oportunidade perdida,lost,82,0,2,0,0,60.0,Prospecção,500-750,C - Estruturação,600.0,Alta,0.0,539.0,0.0,0.0,Teresina,PI,Censo Escolar 2021,Não segue orientação religiosa específica,,0054v00000DjxE1AAJ,R$ 0 a R$ 500,2026,CEV,3.0,1.0,3 - Não,,,1.0,2026-07-28,Satisfação com serviço do atual parceiro,0.0
006N400000eMMzFIAW,0014v00002drKzaAAE,Polígono,289801.02,2026-05-07,2026-06-26,2026-05-07 17:25:31,4,4,4,Proposta tabela,open,50,0,3,0,0,18.0,Prospecção,250-500,C - Estruturação,575.0,Média,111.0,144.0,50.0,0.0,Contagem,MG,Censo Escolar 2019,,,0054v00000EkfjPAAR,R$ 1.500 a R$ 2.000,2030,Amplia,6.0,1.0,3 - Não,,,1.0,2026-06-26,,
006N400000eMhNXIA0,001N400000Nl8QGIAZ,Conviver,67606.7,2026-05-07,2026-06-02,2026-05-07 17:56:20,2,2,2,Material entregue,open,26,0,1,0,0,26.0,,,,,,,,,,,,,,,,,,,,1.0,3 - Não,,,2.0,2026-06-02,,
006N400000eMkV8IAK,001N400000qQ7vzIAC,Poliedro,29586.7,2026-05-07,2026-06-15,2026-05-07 18:55:45,2,2,2,Oportunidade perdida,lost,39,0,1,0,0,39.0,Prospecção,Sem Dados,Sem Clusterização Comercial em 2026,0.0,Média,0.0,0.0,0.0,0.0,São Domingos do Maranhão,MA,SDR,Católica,Rede Notre Dame,0056g00000468kkAAA,R$ 1.500 a R$ 2.000,2026,Livros Didáticos,3.0,1.0,1 - Sim,,,1.0,2026-06-15,Existe um contrato de longo prazo,0.0
006N400000eMsh4IAC,001N400000NlM2gIAF,Polígono,82830.0,2026-05-07,2026-06-10,2026-05-07 17:59:01,3,3,3,Validação pedagógica,open,34,0,2,0,0,21.0,Prospecção,0-250,D - Capilaridade,475.0,Não prioritária,59.0,100.0,29.0,0.0,Praia Grande,SP,Censo Escolar 2023,Não segue orientação religiosa específica,,005N400000OePRkIAN,R$ 500 a R$ 1.000,2026,SAE Digital,2.0,1.0,3 - Não,,,1.0,2026-06-10,,
006N400000eNy9OIAS,001N400000NlGHdIAN,Polígono,105226.08,2026-05-07,2026-08-05,2026-05-07 20:47:57,4,4,4,Proposta tabela,open,90,0,3,0,0,77.0,Prospecção,0-250,C - Estruturação,525.0,Média,33.0,63.0,13.0,0.0,Campos dos Goytacazes,RJ,Censo Escolar 2023,Não segue orientação religiosa específica,,005N400000DAfNPIA1,R$ 500 a R$ 1.000,2026,SM - Educamos,7.0,1.0,3 - Não,,,1.0,2026-08-05,,
006N400000eQCRXIA4,0014v00002fAYPmAAO,Polígono,178467.2,2026-05-08,2026-06-29,2026-05-08 13:14:25,4,4,4,Proposta tabela,open,52,0,3,0,0,7.0,Prospecção,250-500,B - Aceleração,725.0,Alta,116.0,170.0,114.0,87.0,Rolândia,PR,Censo Escolar 2019,Não segue orientação religiosa específica,,005N400000Q8sVmIAJ,R$ 500 a R$ 1.000,2026,PH,2.0,1.0,3 - Não,1.0,Inbound Poliedro 2025,2.0,2026-07-03,,
006N400000eQETKIA4,001N400000Tvvc3IAB,Conviver,37172.4,2026-05-08,2026-05-15,2026-05-08 13:53:44,3,3,3,Validação pedagógica,open,7,0,2,0,0,7.0,Prospecção,0-250,D - Capilaridade,475.0,Alta,50.0,79.0,16.0,0.0,Cruz das Almas,BA,Censo Escolar 2021,Não segue orientação religiosa específica,,005N400000Dew5pIAB,R$ 500 a R$ 1.000,2026,Irium Educação,18.0,1.0,1 - Sim,,,3.0,2026-08-07,Pacote agressivo de benefícios do concorrente | Preço de venda abaixo do perfil do sistema de ensino,
006N400000eQXvnIAG,001N400000Tvvc3IAB,Polígono,75609.56,2026-05-08,2026-08-07,2026-05-08 13:40:24,5,5,5,Oportunidade perdida,lost,91,0,4,0,0,42.0,Prospecção,0-250,D - Capilaridade,475.0,Alta,50.0,79.0,16.0,0.0,Cruz das Almas,BA,Censo Escolar 2021,Não segue orientação religiosa específica,,005N400000Dew5pIAB,R$ 500 a R$ 1.000,2026,Irium Educação,18.0,1.0,1 - Sim,,,3.0,2026-08-07,Pacote agressivo de benefícios do concorrente | Preço de venda abaixo do perfil do sistema de ensino,0.0
006N400000eQl14IAC,001N400000Tvvc3IAB,Poliedro,221404.09,2026-05-08,2026-07-17,2026-05-08 13:47:07,6,6,6,Oportunidade perdida,lost,70,0,5,0,0,0.0,Prospecção,0-250,D - Capilaridade,475.0,Alta,50.0,79.0,16.0,0.0,Cruz das Almas,BA,Censo Escolar 2021,Não segue orientação religiosa específica,,005N400000Dew5pIAB,R$ 500 a R$ 1.000,2026,Irium Educação,18.0,1.0,1 - Sim,,,3.0,2026-08-07,Pacote agressivo de benefícios do concorrente | Preço de venda abaixo do perfil do sistema de ensino,0.0
006N400000eQoGiIAK,0014v00002m6F6DAAU,Poliedro,259521.78,2026-05-08,2026-05-28,2026-05-08 14:24:47,4,4,4,Oportunidade perdida,lost,20,0,3,0,0,13.0,Prospecção,0-250,B - Aceleração,650.0,Alta,182.0,0.0,0.0,56.0,Salvador,BA,Censo Escolar 2021,Não segue orientação religiosa específica,,005N400000Dew5pIAB,R$ 500 a R$ 1.000,2026,SAE Digital,5.0,1.0,1 - Sim,1.0,Inbound Poliedro 2026,1.0,2026-05-28,,0.0
006N400000eQodGIAS,0014v00002fAYPmAAO,Conviver,135128.0,2026-05-08,2026-07-03,2026-05-08 14:16:04,3,3,3,Validação pedagógica,open,56,0,2,0,0,0.0,Prospecção,250-500,B - Aceleração,725.0,Alta,116.0,170.0,114.0,87.0,Rolândia,PR,Censo Escolar 2019,Não segue orientação religiosa específica,,005N400000Q8sVmIAJ,R$ 500 a R$ 1.000,2026,PH,2.0,1.0,3 - Não,1.0,Inbound Poliedro 2025,2.0,2026-07-03,,
006N400000eRX0tIAG,0014v00002sySyzAAE,Poliedro,471396.31,2026-05-08,2026-06-19,2026-05-08 15:22:56,3,3,3,Validação pedagógica,open,42,0,2,0,0,0.0,Prospecção,250-500,B - Aceleração,750.0,Alta,143.0,181.0,51.0,51.0,Vila Velha,ES,Censo Escolar 2021,Não segue orientação religiosa específica,,0054v00000DvfXIAAZ,R$ 500 a R$ 1.000,2026,PH,2.0,1.0,3 - Não,,,1.0,2026-06-19,,
006N400000eSCtfIAG,001N400000hei09IAA,Polígono,118462.32,2026-05-08,2026-07-03,2026-05-08 17:09:00,2,2,2,Material entregue,open,56,0,1,0,0,56.0,Prospecção,0-250,D - Capilaridade,475.0,Não prioritária,57.0,85.0,22.0,0.0,Arapongas,PR,Censo Escolar 2023,Não segue orientação religiosa específica,,005N400000Q8sVmIAJ,R$ 500 a R$ 1.000,2027,Maxi,1.0,1.0,3 - Não,,,2.0,2026-07-03,,
006N400000eSQBpIAO,001N400000hei09IAA,Conviver,51650.98,2026-05-08,2026-07-03,2026-05-08 17:10:49,2,2,2,Material entregue,open,56,0,1,0,0,56.0,Prospecção,0-250,D - Capilaridade,475.0,Não prioritária,57.0,85.0,22.0,0.0,Arapongas,PR,Censo Escolar 2023,Não segue orientação religiosa específica,,005N400000Q8sVmIAJ,R$ 500 a R$ 1.000,2027,Maxi,1.0,1.0,3 - Não,,,2.0,2026-07-03,,
006N400000eT0lcIAC,001N400000qWAxeIAG,Poliedro,307629.44,2026-05-08,2026-07-31,2026-05-08 19:04:43,11,11,11,Enviado para a assinatura,open,84,1,9,0,0,3.0,Prospecção,Sem Dados,Sem Clusterização Comercial em 2026,0.0,Alta,0.0,0.0,0.0,0.0,Mossoró,RN,SDR,Não segue orientação religiosa específica,,005N400000DevL3IAJ,R$ 1.500 a R$ 2.000,2026,PH,5.0,1.0,3 - Não,2.0,Diálogos Poliedro - Expoeduc | Relatório Enem,1.0,2026-07-31,,
006N400000eTtWjIAK,001N400000qXP07IAG,Poliedro,715546.15,2026-05-08,2026-07-31,2026-05-08 20:05:42,11,11,11,Enviado para a assinatura,open,84,1,9,0,0,3.0,Prospecção,Sem Dados,Sem Clusterização Comercial em 2026,0.0,Alta,0.0,0.0,0.0,0.0,Campina Grande,PB,SDR,Não segue orientação religiosa específica,,005N400000DevL3IAJ,R$ 1.500 a R$ 2.000,2026,PH,7.0,1.0,1 - Sim,,,1.0,2026-07-31,,
006N400000eXQWMIA4,0014v00002RjA8qAAF,Poliedro,453520.0,2026-05-10,2026-07-07,2026-05-10 21:34:49,5,5,5,Proposta personalizada,open,58,0,4,0,0,21.0,Prospecção,250-500,C - Estruturação,600.0,Média,89.0,97.0,32.0,57.0,São Paulo,SP,Censo Escolar 2019,Católica,Rede Sion,0056g0000034OkkAAE,R$ 1.500 a R$ 2.000,2027,Livros Didáticos,12.0,1.0,3 - Não,,,1.0,2026-07-07,,
006N400000eb0iBIAQ,001N400000Ay3QJIAZ,Conviver,150000.0,2026-05-11,2026-08-07,2026-05-11 16:48:11,4,4,4,Proposta tabela,open,88,0,3,0,0,43.0,Prospecção,Acima de 1.000,A - Referência,900.0,Alta,379.0,656.0,130.0,142.0,Canoas,RS,Censo Escolar 2021,Católica,Rede La Salle,005N40000035kTVIAY,R$ 1.500 a R$ 2.000,2026,Positivo,10.0,1.0,1 - Sim,5.0,Conexões 13/04 a 15/04 | Diálogos Bett Brasil 2026-05-07 | Encontro de Lideranças Católicas | Estudo de Geomarketing | Relatório Enem,2.0,2026-08-07,,
006N400000ebyr2IAA,001N400000NlLluIAF,Polígono,557793.9,2026-05-11,2026-07-24,2026-05-11 18:19:09,6,6,6,Oportunidade perdida,lost,74,0,5,0,0,39.0,Prospecção,0-250,C - Estruturação,550.0,Não prioritária,132.0,58.0,0.0,0.0,Osasco,SP,Censo Escolar 2023,Não segue orientação religiosa específica,,005N400000OePRkIAN,R$ 500 a R$ 1.000,2028,Ético,2.0,1.0,3 - Não,,,1.0,2026-07-24,Análise de Impacto de Escola Associada,0.0
006N400000ec7EPIAY,001N400000OBHnvIAH,Conviver,42559.14,2026-05-11,2026-06-25,2026-05-11 19:30:22,5,5,5,Proposta personalizada,open,45,0,4,0,0,8.0,Prospecção,0-250,C - Estruturação,550.0,Média,54.0,108.0,36.0,0.0,Campo Grande,MS,Censo Escolar 2023,Não segue orientação religiosa específica,,005N400000OGlrZIAT,R$ 1.000 a R$ 1.500,2027,Maxi,7.0,1.0,1 - Sim,1.0,Inbound Poliedro 2026,3.0,2026-06-25,Satisfação com serviço do atual parceiro,
006N400000ecricIAA,001N400000OBHnvIAH,Poliedro,218472.01,2026-05-11,2026-06-25,2026-05-11 19:27:17,5,5,5,Proposta personalizada,open,45,0,4,0,0,8.0,Prospecção,0-250,C - Estruturação,550.0,Média,54.0,108.0,36.0,0.0,Campo Grande,MS,Censo Escolar 2023,Não segue orientação religiosa específica,,005N400000OGlrZIAT,R$ 1.000 a R$ 1.500,2027,Maxi,7.0,1.0,1 - Sim,1.0,Inbound Poliedro 2026,3.0,2026-06-25,Satisfação com serviço do atual parceiro,
006N400000ecwNMIAY,001N400000OBHnvIAH,Polígono,25944.14,2026-05-11,2026-06-11,2026-05-11 23:13:29,3,3,3,Oportunidade perdida,lost,31,0,2,0,0,9.0,Prospecção,0-250,C - Estruturação,550.0,Média,54.0,108.0,36.0,0.0,Campo Grande,MS,Censo Escolar 2023,Não segue orientação religiosa específica,,005N400000OGlrZIAT,R$ 1.000 a R$ 1.500,2027,Maxi,7.0,1.0,1 - Sim,1.0,Inbound Poliedro 2026,3.0,2026-06-25,Satisfação com serviço do atual parceiro,0.0
006N400000ecx9lIAA,001N400000hew0VIAQ,Poliedro,272803.89,2026-05-11,2026-06-02,2026-05-11 19:46:36,2,2,2,Oportunidade perdida,lost,22,0,1,0,0,22.0,,,,,,,,,,,,,,,,,,,,1.0,3 - Não,,,2.0,2026-06-02,Alteração de CNPJ na conta (uso de operações comerciais),0.0
006N400000eevjhIAA,001N400000BpvfXIAR,Polígono,78145.0,2026-05-12,2026-06-12,2026-05-12 11:33:44,4,4,4,Oportunidade perdida,lost,31,0,3,0,0,21.0,Prospecção,750-1.000,B - Aceleração,675.0,Alta,519.0,0.0,0.0,359.0,Olinda,PE,Censo Escolar 2021,Não segue orientação religiosa específica,Organizacao Educacional De Pernambuco,0056g0000034OkZAAU,R$ 1.000 a R$ 1.500,2027,FTD,10.0,1.0,1 - Sim,,,2.0,2026-06-12,Perda automática por higienização | Satisfação com serviço do atual parceiro,0.0
006N400000efkJHIAY,001N400000hf2hRIAQ,Conviver,114564.47,2026-05-12,2026-08-07,2026-05-12 15:18:49,3,3,3,Validação pedagógica,open,87,0,2,0,0,49.0,Prospecção,250-500,C - Estruturação,600.0,Média,108.0,117.0,31.0,82.0,Cachoeiro De Itapemirim,ES,Censo Escolar 2023,Católica,Associacao Feminina Brasileira De Educacao E Assistencia - Afbea,005N400000HLGCrIAP,R$ 2.000 a R$ 2.500,2027,Positivo,9.0,1.0,3 - Não,,,2.0,2026-08-07,,
006N400000efzWnIAI,001N400000hf2hRIAQ,Poliedro,562134.79,2026-05-12,2026-08-07,2026-05-12 15:11:20,3,3,3,Validação pedagógica,open,87,0,2,0,0,49.0,Prospecção,250-500,C - Estruturação,600.0,Média,108.0,117.0,31.0,82.0,Cachoeiro De Itapemirim,ES,Censo Escolar 2023,Católica,Associacao Feminina Brasileira De Educacao E Assistencia - Afbea,005N400000HLGCrIAP,R$ 2.000 a R$ 2.500,2027,Positivo,9.0,1.0,3 - Não,,,2.0,2026-08-07,,
006N400000ehBfZIAU,001N400000qdIn8IAE,Poliedro,75267.82,2026-05-12,2026-07-16,2026-05-12 17:19:51,4,4,4,Oportunidade perdida,lost,65,0,3,0,0,55.0,,,,,,,,,,,,,,,,,,,,1.0,1 - Sim,,,1.0,2026-07-16,Escola parou de responder,0.0
006N400000eiKQeIAM,0014v00002Kw0YWAAZ,Poliedro,568396.72,2026-05-12,2026-06-02,2026-05-12 18:44:16,3,3,3,Validação pedagógica,open,21,0,2,0,0,4.0,Prospecção,250-500,A - Referência,850.0,Alta,143.0,176.0,63.0,114.0,Teresina,PI,Censo Escolar 2019,Não segue orientação religiosa específica,,0054v00000DjxE1AAJ,R$ 100 a R$ 500,2027,SAS,5.0,1.0,3 - Não,1.0,Relatório Enem,1.0,2026-06-02,,
006N400000ejHorIAE,001N400000hehstIAA,Polígono,177693.6,2026-05-12,2026-07-29,2026-05-12 20:22:53,3,3,3,Validação pedagógica,open,78,0,2,0,0,44.0,Prospecção,250-500,C - Estruturação,575.0,Não prioritária,34.0,168.0,53.0,0.0,Juazeiro,BA,Censo Escolar 2023,Não segue orientação religiosa específica,,005N400000DAk0TIAT,R$ 500 a R$ 1.000,2028,Maxi,2.0,1.0,3 - Não,,,1.0,2026-07-29,,
006N400000ejjunIAA,0016g00000Jdh7ZAAR,Conviver,86297.61,2026-05-12,2026-08-11,2026-05-12 23:23:30,4,4,4,Oportunidade perdida,lost,91,0,3,0,0,60.0,Prospecção,0-250,B - Aceleração,675.0,Baixa,33.0,55.0,25.0,19.0,Santa Rosa,RS,Censo Escolar 2019,,,005N400000OGlrZIAT,Sem informação,Sem Dados,SAE Digital,1.0,1.0,3 - Não,,,1.0,2026-08-11,Escola parou de responder,0.0
006N400000ejyFWIAY,0014v00002fyjURAAY,Polígono,229127.02,2026-05-13,2026-07-27,2026-05-13 03:37:32,3,3,3,Validação pedagógica,open,75,0,2,0,0,0.0,Prospecção,250-500,C - Estruturação,550.0,Média,102.0,149.0,75.0,19.0,Itaguaí,RJ,Censo Escolar 2019,Não segue orientação religiosa específica,,0054v00000DvfXIAAZ,R$ 500 a R$ 1.000,2026,SAS,5.0,1.0,3 - Não,,,1.0,2026-07-27,,
006N400000ejyYrIAI,001N400000B2NdKIAV,Poliedro,793327.95,2026-05-13,2026-08-10,2026-05-13 01:57:18,4,4,4,Proposta tabela,open,89,0,3,0,0,56.0,Prospecção,Acima de 1.000,A - Referência,950.0,Alta,401.0,533.0,212.0,201.0,Parnaíba,PI,Censo Escolar 2023,Católica,ANBEAS - Rede Saviniana,0056g00000468kkAAA,R$ 1.000 a R$ 1.500,2026,Bernoulli,10.0,1.0,1 - Sim,2.0,Encontro de Lideranças Católicas | Relatório Enem,1.0,2026-08-10,,
006N400000el7obIAA,001N400000pX1HuIAK,Poliedro,137455.2,2026-05-13,2026-07-30,2026-05-13 12:12:14,4,4,4,Oportunidade perdida,lost,78,0,3,0,0,26.0,Prospecção,Sem Dados,Sem Clusterização Comercial em 2026,0.0,Alta,0.0,0.0,0.0,0.0,Assis,SP,Censo Escolar/Fale conosco,Não segue orientação religiosa específica,,005N400000Dj7E2IAJ,R$ 1.000 a R$ 1.500,2026,COC,4.0,1.0,3 - Não,,,1.0,2026-07-30,Existe um contrato de longo prazo,0.0
006N400000emTqIIAU,0014v00002fBEZEAA4,Polígono,167223.0,2026-05-13,2026-06-25,2026-05-13 14:41:48,3,3,3,Validação pedagógica,open,43,0,2,0,0,10.0,Prospecção,250-500,B - Aceleração,650.0,Alta,134.0,246.0,89.0,0.0,Petrolina,PE,Censo Escolar 2019,Não segue orientação religiosa específica,,005N400000DAk0TIAT,R$ 0 a R$ 500,2027,Pitágoras,1.0,1.0,3 - Não,1.0,Inbound Poliedro 2025,1.0,2026-06-25,,
006N400000emdL4IAI,001N4000008saoMIAQ,Polígono,134479.88,2026-05-13,2026-06-19,2026-05-13 16:17:14,5,5,5,Oportunidade perdida,lost,37,0,4,0,0,8.0,Prospecção,250-500,B - Aceleração,700.0,Média,135.0,210.0,51.0,67.0,Cachoeira do Sul,RS,Censo Escolar 2021,Não segue orientação religiosa específica,Colegio Totem Cachoeira Do Sul Ltda,005N400000OGlrZIAT,R$ 1.000 a R$ 1.500,2027,Jean Piaget,9.0,1.0,3 - Não,1.0,Relatório Enem,3.0,2026-06-19,Escola não adota sistema de ensino | Satisfação com serviço do atual parceiro,0.0
006N400000emvt3IAA,001N400000NlF6SIAV,Poliedro,54766.8,2026-05-13,2026-07-08,2026-05-13 17:53:38,5,5,5,Proposta personalizada,open,56,0,4,0,0,0.0,Prospecção,250-500,C - Estruturação,550.0,Alta,0.0,387.0,78.0,0.0,São Paulo,SP,Censo Escolar 2023,Não segue orientação religiosa específica,,0056g0000034OkkAAE,R$ 1.000 a R$ 1.500,2027,SAS,5.0,1.0,1 - Sim,1.0,Estudo de Geomarketing,1.0,2026-07-08,,
006N400000emwQwIAI,001N4000009EkVhIAK,Polígono,66184.8,2026-05-13,2026-06-19,2026-05-13 16:53:55,5,5,5,Oportunidade perdida,lost,37,0,4,0,0,8.0,Prospecção,250-500,C - Estruturação,625.0,Alta,114.0,138.0,0.0,83.0,Cruz Alta,RS,Prospeccao_ativa,Não segue orientação religiosa específica,,005N400000OGlrZIAT,R$ 1.000 a R$ 1.500,2027,Jean Piaget,9.0,1.0,3 - Não,,,3.0,2026-06-19,Escola não adota sistema de ensino | Satisfação com serviço do atual parceiro,0.0
006N400000emx8QIAQ,001N4000008saoMIAQ,Poliedro,198728.26,2026-05-13,2026-06-19,2026-05-13 16:12:02,5,5,5,Oportunidade perdida,lost,37,0,4,0,0,8.0,Prospecção,250-500,B - Aceleração,700.0,Média,135.0,210.0,51.0,67.0,Cachoeira do Sul,RS,Censo Escolar 2021,Não segue orientação religiosa específica,Colegio Totem Cachoeira Do Sul Ltda,005N400000OGlrZIAT,R$ 1.000 a R$ 1.500,2027,Jean Piaget,9.0,1.0,3 - Não,1.0,Relatório Enem,3.0,2026-06-19,Escola não adota sistema de ensino | Satisfação com serviço do atual parceiro,0.0
006N400000emzTbIAI,001N4000008saoMIAQ,Conviver,84005.66,2026-05-13,2026-06-11,2026-05-13 16:20:29,5,5,5,Oportunidade perdida,lost,29,0,4,0,0,0.0,Prospecção,250-500,B - Aceleração,700.0,Média,135.0,210.0,51.0,67.0,Cachoeira do Sul,RS,Censo Escolar 2021,Não segue orientação religiosa específica,Colegio Totem Cachoeira Do Sul Ltda,005N400000OGlrZIAT,R$ 1.000 a R$ 1.500,2027,Jean Piaget,9.0,1.0,3 - Não,1.0,Relatório Enem,3.0,2026-06-19,Escola não adota sistema de ensino | Satisfação com serviço do atual parceiro,0.0
006N400000en0RGIAY,001N4000009OOfGIAW,Conviver,57723.2,2026-05-13,2026-06-11,2026-05-13 16:41:18,5,5,5,Oportunidade perdida,lost,29,0,4,0,0,0.0,Prospecção,250-500,C - Estruturação,550.0,Alta,137.0,118.0,0.0,83.0,Santa Maria,RS,Prospeccao_ativa,Não segue orientação religiosa específica,Colegio Totem Cachoeira Do Sul Ltda,005N400000OGlrZIAT,R$ 1.000 a R$ 1.500,2027,Jean Piaget,10.0,1.0,3 - Não,1.0,Relatório Enem,3.0,2026-06-19,Escola não adota sistema de ensino | Satisfação com serviço do atual parceiro,0.0
006N400000en1VQIAY,001N4000009OOfGIAW,Poliedro,317967.6,2026-05-13,2026-06-19,2026-05-13 16:34:58,5,5,5,Oportunidade perdida,lost,37,0,4,0,0,8.0,Prospecção,250-500,C - Estruturação,550.0,Alta,137.0,118.0,0.0,83.0,Santa Maria,RS,Prospeccao_ativa,Não segue orientação religiosa específica,Colegio Totem Cachoeira Do Sul Ltda,005N400000OGlrZIAT,R$ 1.000 a R$ 1.500,2027,Jean Piaget,10.0,1.0,3 - Não,1.0,Relatório Enem,3.0,2026-06-19,Escola não adota sistema de ensino | Satisfação com serviço do atual parceiro,0.0
006N400000en623IAA,001N4000009EkVhIAK,Conviver,57423.3,2026-05-13,2026-06-11,2026-05-13 16:56:29,5,5,5,Oportunidade perdida,lost,29,0,4,0,0,0.0,Prospecção,250-500,C - Estruturação,625.0,Alta,114.0,138.0,0.0,83.0,Cruz Alta,RS,Prospeccao_ativa,Não segue orientação religiosa específica,,005N400000OGlrZIAT,R$ 1.000 a R$ 1.500,2027,Jean Piaget,9.0,1.0,3 - Não,,,3.0,2026-06-19,Escola não adota sistema de ensino | Satisfação com serviço do atual parceiro,0.0
006N400000en7PXIAY,001N4000009EkVhIAK,Poliedro,291470.3,2026-05-13,2026-06-19,2026-05-13 16:50:43,5,5,5,Oportunidade perdida,lost,37,0,4,0,0,8.0,Prospecção,250-500,C - Estruturação,625.0,Alta,114.0,138.0,0.0,83.0,Cruz Alta,RS,Prospeccao_ativa,Não segue orientação religiosa específica,,005N400000OGlrZIAT,R$ 1.000 a R$ 1.500,2027,Jean Piaget,9.0,1.0,3 - Não,,,3.0,2026-06-19,Escola não adota sistema de ensino | Satisfação com serviço do atual parceiro,0.0
006N400000enGPZIA2,001N4000009OOfGIAW,Polígono,60168.0,2026-05-13,2026-06-19,2026-05-13 16:37:13,5,5,5,Oportunidade perdida,lost,37,0,4,0,0,8.0,Prospecção,250-500,C - Estruturação,550.0,Alta,137.0,118.0,0.0,83.0,Santa Maria,RS,Prospeccao_ativa,Não segue orientação religiosa específica,Colegio Totem Cachoeira Do Sul Ltda,005N400000OGlrZIAT,R$ 1.000 a R$ 1.500,2027,Jean Piaget,10.0,1.0,3 - Não,1.0,Relatório Enem,3.0,2026-06-19,Escola não adota sistema de ensino | Satisfação com serviço do atual parceiro,0.0
006N400000enkYwIAI,0014v00002SMxdjAAD,Polígono,301607.2,2026-05-13,2026-06-30,2026-05-13 18:14:09,3,3,3,Validação pedagógica,open,48,0,2,0,0,0.0,Prospecção,250-500,B - Aceleração,675.0,Alta,190.0,156.0,28.0,62.0,Joinville,SC,Fale Conosco,Não segue orientação religiosa específica,Fundacao Educacional Da Regiao De Joinville,005N400000PJiOjIAL,R$ 1.000 a R$ 1.500,2027,Positivo,5.0,1.0,1 - Sim,1.0,Inbound Poliedro 2025,1.0,2026-06-30,,
006N400000enlutIAA,001N400000HWqEbIAL,Poliedro,278183.15,2026-05-13,2026-07-20,2026-05-13 18:57:06,6,6,6,Oportunidade perdida,lost,68,0,5,0,0,60.0,Prospecção,Acima de 1.000,B - Aceleração,775.0,Alta,364.0,514.0,121.0,127.0,Rio de Janeiro,RJ,Censo Escolar 2021,Não segue orientação religiosa específica,Associacao Beneficente Santa Maria,005N400000Of55xIAB,R$ 1.000 a R$ 1.500,2027,Anglo,9.0,1.0,3 - Não,,,1.0,2026-07-20,Satisfação com serviço do atual parceiro,0.0
006N400000enskzIAA,001N400000QrQTgIAN,Poliedro,951810.9,2026-05-13,2026-05-22,2026-05-13 17:43:20,2,2,2,Oportunidade perdida,lost,9,0,1,0,0,9.0,,,,,,,,,,,,,,,,,,,,1.0,3 - Não,1.0,Inbound Poliedro 2026,1.0,2026-05-22,Análise de Impacto de Escola Associada,0.0
006N400000eo3DPIAY,001N400000RDh9HIAT,Polígono,27193.28,2026-05-13,2026-08-12,2026-05-13 18:30:23,4,4,4,Oportunidade perdida,lost,91,0,3,0,0,63.0,Prospecção,0-250,D - Capilaridade,475.0,Alta,0.0,0.0,27.0,0.0,Caieiras,SP,Censo Escolar 2021,Não segue orientação religiosa específica,,005N400000OePRkIAN,R$ 500 a R$ 1.000,2026,Material Próprio,2.0,1.0,3 - Não,,,1.0,2026-08-12,Escola parou de responder,0.0
006N400000eoVUhIAM,0014v00002Ujw4LAAR,Poliedro,223738.85,2026-05-13,2026-07-16,2026-05-13 21:50:30,6,6,6,Negociação e ajuste financeiro,open,64,0,5,0,0,31.0,Prospecção,250-500,B - Aceleração,700.0,Média,86.0,117.0,13.0,83.0,Balneário Camboriú,SC,Censo Escolar 2019,Não segue orientação religiosa específica,,005N400000PJiOjIAL,R$ 1.000 a R$ 1.500,2027,Positivo,7.0,1.0,1 - Sim,1.0,Inbound Poliedro 2026,3.0,2026-07-16,,
006N400000epysjIAA,001N400000hehy0IAA,Polígono,184014.48,2026-05-14,2026-06-19,2026-05-14 02:53:48,3,3,3,Validação pedagógica,open,36,0,2,0,0,0.0,Prospecção,250-500,C - Estruturação,525.0,Média,92.0,157.0,35.0,0.0,Resende,RJ,Censo Escolar 2023,,,0054v00000DvfXIAAZ,Sem informação,Sem Dados,Sem Dados,5.0,1.0,3 - Não,,,1.0,2026-06-19,,
006N400000er41eIAA,0014v00002qhSeIAAU,Poliedro,527456.01,2026-05-14,2026-06-14,2026-05-14 12:01:36,4,4,4,Oportunidade perdida,lost,31,0,3,0,0,12.0,Prospecção,250-500,C - Estruturação,600.0,Alta,115.0,206.0,85.0,0.0,Uberaba,MG,Censo Escolar 2021,Não segue orientação religiosa específica,Centro Educacional Opcao,0054v00000EkfjPAAR,R$ 1.500 a R$ 2.000,2026,FTD,5.0,1.0,3 - Não,,,1.0,2026-06-14,Pacote agressivo de benefícios do concorrente,0.0
006N400000esMitIAE,001N400000hf2DmIAI,Polígono,21880.6,2026-05-14,2026-08-04,2026-05-14 13:41:31,4,4,4,Oportunidade perdida,lost,82,0,3,0,0,57.0,Prospecção,0-250,D - Capilaridade,475.0,Não prioritária,0.0,0.0,21.0,0.0,Franca,SP,Censo Escolar 2023,,,005N400000Of3liIAB,Sem informação,Sem Dados,Sem Dados,4.0,1.0,3 - Não,,,1.0,2026-08-04,Existe um contrato de longo prazo,0.0
006N400000eshSLIAY,001N400000NlFgYIAV,Polígono,39957.28,2026-05-14,2026-07-27,2026-05-14 13:54:15,6,6,6,Oportunidade perdida,lost,74,0,5,0,0,4.0,Prospecção,250-500,C - Estruturação,500.0,Média,68.0,194.0,55.0,0.0,Cuiabá,MT,Censo Escolar 2023,Não segue orientação religiosa específica,,005N400000PA8nVIAT,R$ 1.000 a R$ 1.500,2027,SAS,6.0,1.0,3 - Não,,,1.0,2026-07-27,Satisfação com serviço do atual parceiro,0.0
006N400000etciNIAQ,001N400000hf2gjIAA,Polígono,19379.96,2026-05-14,2026-06-08,2026-05-14 18:53:53,2,2,2,Material entregue,open,25,0,1,0,0,25.0,Prospecção,0-250,C - Estruturação,525.0,Não prioritária,0.0,0.0,43.0,0.0,Santa Rosa De Viterbo,SP,Censo Escolar 2023,Não segue orientação religiosa específica,,005N400000Of3liIAB,R$ 500 a R$ 1.000,2026,Positivo,2.0,1.0,3 - Não,1.0,Inbound Poliedro 2026,1.0,2026-06-08,,
006N400000euuIDIAY,0014v00002rrn2tAAA,Poliedro,203229.4,2026-05-14,2026-07-03,2026-05-14 17:48:21,6,6,6,Oportunidade perdida,lost,50,0,5,0,0,36.0,Prospecção,0-250,C - Estruturação,600.0,Média,0.0,124.0,74.0,0.0,Unaí,MG,Censo Escolar/Fale conosco,Não segue orientação religiosa específica,,005N400000OGlMvIAL,R$ 500 a R$ 1.000,2026,Sistema Master,6.0,1.0,1 - Sim,,,1.0,2026-07-03,Pacote agressivo de benefícios do concorrente,0.0
006N400000ewsPDIAY,001N400000K8rwVIAR,Polígono,45713.0,2026-05-15,2026-06-12,2026-05-15 02:37:19,3,3,3,Validação pedagógica,open,28,0,2,0,0,21.0,Prospecção,0-250,D - Capilaridade,450.0,Não prioritária,0.0,3.0,11.0,0.0,Salvador,BA,Censo Escolar 2022,Não segue orientação religiosa específica,,005N400000Dew5pIAB,R$ 1.000 a R$ 1.500,2028,Livros Didáticos,12.0,1.0,1 - Sim,1.0,Diálogos Salvador 2026-05-13,1.0,2026-06-12,,
006N400000ewyWDIAY,001N400000BCZN4IAP,Poliedro,599044.15,2026-05-15,2026-06-26,2026-05-15 02:51:23,7,7,7,Oportunidade perdida,lost,42,0,6,0,0,37.0,Prospecção,0-250,C - Estruturação,525.0,Baixa,65.0,65.0,18.0,27.0,Salvador,BA,Censo Escolar 2021,,,005N400000Dew5pIAB,R$ 500 a R$ 1.000,Sem Dados,Material Próprio,5.0,1.0,1 - Sim,1.0,Diálogos Salvador 2026-05-13,1.0,2026-06-26,Pacote agressivo de benefícios do concorrente,0.0
006N400000ex1PFIAY,001N400000GeGPwIAN,Poliedro,1028073.99,2026-05-15,2026-05-22,2026-05-15 03:20:30,3,3,3,Validação pedagógica,open,7,0,2,0,0,2.0,Prospecção,750-1.000,B - Aceleração,700.0,Alta,327.0,384.0,114.0,119.0,Lauro de Freitas,BA,Censo Escolar 2021,Não segue orientação religiosa específica,,005N400000Dew5pIAB,R$ 1.000 a R$ 1.500,2029,Amplia,9.0,1.0,1 - Sim,1.0,Diálogos Salvador 2026-05-13,1.0,2026-05-22,,
006N400000exeC6IAI,001N400000NlDE9IAN,Poliedro,358404.0,2026-05-15,2026-07-30,2026-05-15 11:00:34,5,5,5,Proposta personalizada,open,76,0,4,0,0,14.0,Prospecção,750-1.000,B - Aceleração,775.0,Alta,291.0,435.0,20.0,131.0,Porto Alegre,RS,Censo Escolar 2023,Católica,Rede Guanelliana,005N40000035kTVIAY,R$ 1.000 a R$ 1.500,2027,FTD,8.0,1.0,3 - Não,2.0,Encontro de Lideranças Católicas | Imersão 2026-06-25 - Poliedro (CEV),2.0,2026-07-30,Perda automática por higienização,
006N400000exg94IAA,0014v00002lXkVVAA0,Polígono,464736.0,2026-05-15,2026-07-03,2026-05-15 11:25:30,2,2,2,Material entregue,open,49,0,1,0,0,49.0,Prospecção,750-1.000,C - Estruturação,725.0,Média,328.0,384.0,113.0,0.0,Piraquara,PR,Censo Escolar 2021,Católica,Obras Sociais E Educacionais Da Igreja De Deus,005N400000Q8sVmIAJ,R$ 500 a R$ 1.000,2027,FTD,1.0,1.0,3 - Não,1.0,Diálogos Curitiba 2026-04-23,1.0,2026-07-03,,
006N400000exkiwIAA,001N400000NlAj9IAF,Polígono,141278.8,2026-05-15,2026-07-30,2026-05-15 11:26:18,3,3,3,Validação pedagógica,open,76,0,2,0,0,48.0,Prospecção,250-500,B - Aceleração,650.0,Alta,121.0,157.0,33.0,19.0,Curitiba,PR,Censo Escolar 2023,Não segue orientação religiosa específica,,005N40000035kTVIAY,R$ 500 a R$ 1.000,2026,FTD,4.0,1.0,3 - Não,,,1.0,2026-07-30,,
006N400000exldNIAQ,001N400000NlDE9IAN,Polígono,314469.12,2026-05-15,2026-07-16,2026-05-15 11:03:47,6,6,6,Oportunidade perdida,lost,62,0,5,0,0,16.0,Prospecção,750-1.000,B - Aceleração,775.0,Alta,291.0,435.0,20.0,131.0,Porto Alegre,RS,Censo Escolar 2023,Católica,Rede Guanelliana,005N40000035kTVIAY,R$ 1.000 a R$ 1.500,2027,FTD,8.0,1.0,3 - Não,2.0,Encontro de Lideranças Católicas | Imersão 2026-06-25 - Poliedro (CEV),2.0,2026-07-30,Perda automática por higienização,0.0
006N400000exzwZIAQ,001N400000AzTfGIAV,Poliedro,149979.5,2026-05-15,2026-07-08,2026-05-15 12:35:18,6,6,6,Oportunidade perdida,lost,54,0,5,0,0,5.0,Prospecção,250-500,B - Aceleração,725.0,Média,0.0,180.0,100.0,0.0,Montes Claros,MG,Censo Escolar 2021,Não segue orientação religiosa específica,Colegio Otto Ltda,005N400000OGlMvIAL,R$ 500 a R$ 1.000,2029,AZ - Conexia Educação,5.0,1.0,3 - Não,1.0,Inbound Polígono 2026,2.0,2026-07-08,Pacote agressivo de benefícios do concorrente,0.0
006N400000ezGtdIAE,001N400000NlGJKIA3,Polígono,242907.94,2026-05-15,2026-07-22,2026-05-15 13:19:25,3,3,3,Validação pedagógica,open,68,0,2,0,0,0.0,Prospecção,250-500,B - Aceleração,725.0,Média,154.0,145.0,31.0,35.0,Campos dos Goytacazes,RJ,Censo Escolar 2023,Não segue orientação religiosa específica,,005N400000Of55xIAB,R$ 500 a R$ 1.000,2027,PH,4.0,1.0,3 - Não,,,1.0,2026-07-22,,
006N400000ezN0fIAE,001N400000heyAxIAI,Polígono,25006.4,2026-05-15,2026-05-25,2026-05-15 13:29:50,4,4,4,Oportunidade perdida,lost,10,0,3,0,0,3.0,Prospecção,0-250,C - Estruturação,500.0,Não prioritária,0.0,61.0,31.0,0.0,Franca,SP,Censo Escolar 2023,,,005N400000Of3liIAB,Sem informação,Sem Dados,Sem Dados,2.0,1.0,3 - Não,,,1.0,2026-05-25,Preço de venda abaixo do perfil do sistema de ensino,0.0
006N400000f09erIAA,001N400000NlLsmIAF,Polígono,193718.0,2026-05-15,2026-06-19,2026-05-15 16:39:29,4,4,4,Oportunidade perdida,lost,35,0,3,0,0,30.0,Prospecção,250-500,C - Estruturação,625.0,Alta,83.0,125.0,72.0,0.0,Avaré,SP,Censo Escolar 2023,Não segue orientação religiosa específica,,0054v00000EkXMDAA3,R$ 1.000 a R$ 1.500,2027,COC,3.0,1.0,3 - Não,,,1.0,2026-06-19,Renovou com atual parceiro,0.0
006N400000f0HJ0IAM,001N400000hew0VIAQ,Conviver,57801.99,2026-05-15,2026-06-02,2026-05-15 16:02:00,2,2,2,Oportunidade perdida,lost,18,0,1,0,0,18.0,,,,,,,,,,,,,,,,,,,,1.0,3 - Não,,,2.0,2026-06-02,Alteração de CNPJ na conta (uso de operações comerciais),0.0
006N400000f0ZW2IAM,001N400000hf2KLIAY,Polígono,164307.8,2026-05-15,2026-06-10,2026-05-15 16:11:17,3,3,3,Validação pedagógica,open,26,0,2,0,0,8.0,Prospecção,0-250,C - Estruturação,575.0,Não prioritária,0.0,61.0,24.0,0.0,Caieiras,SP,Censo Escolar 2023,,,005N400000OePRkIAN,Sem informação,Sem Dados,Sem Dados,3.0,1.0,3 - Não,,,1.0,2026-06-10,,
006N400000f0lnLIAQ,001N400000NlLjLIAV,Poliedro,385070.85,2026-05-15,2026-06-25,2026-05-15 16:32:37,3,3,3,Validação pedagógica,open,41,0,2,0,0,9.0,Prospecção,0-250,C - Estruturação,600.0,Alta,80.0,149.0,0.0,0.0,Avaré,SP,Censo Escolar 2023,Não segue orientação religiosa específica,,0054v00000EkXMDAA3,R$ 1.000 a R$ 1.500,2029,Positivo,6.0,1.0,1 - Sim,,,2.0,2026-08-04,,
006N400000f1AQnIAM,001N400000r6ZPeIAM,Poliedro,0.0,2026-05-15,2026-05-15,2026-05-15 17:55:07,1,1,1,Solicitação de material,open,0,0,0,0,0,,Prospecção,Sem Dados,Sem Clusterização Comercial em 2026,0.0,Não prioritária,0.0,0.0,0.0,0.0,Uberaba,MG,SDR,Não segue orientação religiosa específica,,0054v00000EkfjPAAR,R$ 1.500 a R$ 2.000,2026,FTD,,1.0,3 - Não,,,1.0,2026-05-15,,
006N400000f1DBjIAM,0014v00002tZXFEAA4,Poliedro,1226374.0,2026-05-15,2026-07-03,2026-05-15 17:38:19,3,3,3,Validação pedagógica,open,49,0,2,0,0,0.0,Prospecção,750-1.000,B - Aceleração,700.0,Alta,296.0,270.0,92.0,262.0,Ponta Grossa,PR,Censo Escolar 2021,Não segue orientação religiosa específica,Sociedade Educacional Prof.Altair Mongruel Ltda.,005N400000Q8sVmIAJ,R$ 1.000 a R$ 1.500,2028,Anglo,2.0,1.0,3 - Não,2.0,Estudo de Geomarketing | Relatório Enem,1.0,2026-07-03,,
006N400000f1kysIAA,001N400000FdzRBIAZ,Poliedro,349279.3,2026-05-15,2026-06-24,2026-05-15 18:48:37,4,4,4,Oportunidade perdida,lost,40,0,3,0,0,27.0,Prospecção,250-500,B - Aceleração,725.0,Não prioritária,105.0,111.0,17.0,66.0,Carangola,MG,Censo Escolar 2021,Não segue orientação religiosa específica,,005N400000OGlMvIAL,Sem informação,2028,Farias Brito,2.0,1.0,3 - Não,,,1.0,2026-06-24,Renovou com atual parceiro,0.0
006N400000f1lWmIAI,0016g00000UGcHEAA1,Conviver,175150.98,2026-05-15,2026-08-14,2026-05-15 20:20:28,4,4,4,Oportunidade perdida,lost,91,0,3,0,0,56.0,Prospecção,500-750,B - Aceleração,775.0,Alta,262.0,268.0,75.0,119.0,Bauru,SP,Censo Escolar 2019,Evangélica,Educação Batista,005N400000HLGCrIAP,R$ 1.000 a R$ 1.500,2028,SAS,6.0,1.0,3 - Não,1.0,Estudo de Geomarketing,2.0,2026-08-14,,0.0
006N400000f2ABlIAM,0014v00002qhrSMAAY,Polígono,323744.12,2026-05-15,2026-06-16,2026-05-15 18:56:21,2,2,2,Oportunidade perdida,lost,32,0,1,0,0,32.0,Prospecção,250-500,C - Estruturação,575.0,Alta,153.0,139.0,60.0,105.0,Sorocaba,SP,Censo Escolar 2021,Católica,,0056g0000034OkkAAE,R$ 1.000 a R$ 1.500,2028,SAS,7.0,1.0,3 - Não,,,1.0,2026-06-16,Renovou com atual parceiro,0.0
006N400000f2CX0IAM,001N400000NlM0TIAV,Polígono,789748.72,2026-05-15,2026-06-22,2026-05-15 20:35:54,3,3,3,Validação pedagógica,open,38,0,2,0,0,0.0,Prospecção,500-750,B - Aceleração,700.0,Alta,360.0,189.0,0.0,94.0,Osasco,SP,Censo Escolar 2023,Não segue orientação religiosa específica,Fund Inst Tecnol De Osasco,005N400000Dj7E2IAJ,R$ 1.000 a R$ 1.500,2026,Amplia,6.0,1.0,3 - Não,,,1.0,2026-06-22,,
006N400000f2WnNIAU,0014v00002iQLzXAAW,Polígono,159911.6,2026-05-15,2026-08-10,2026-05-15 19:34:21,4,4,4,Oportunidade perdida,lost,87,0,3,0,0,61.0,Prospecção,250-500,C - Estruturação,600.0,Média,121.0,214.0,62.0,0.0,São Paulo,SP,Censo Escolar 2021,Não segue orientação religiosa específica,,005N400000OePRkIAN,R$ 1.000 a R$ 1.500,2028,FTD,3.0,1.0,3 - Não,,,1.0,2026-08-10,Satisfação com serviço do atual parceiro,0.0
006N400000f2bruIAA,0016g00000UGcHEAA1,Poliedro,842113.01,2026-05-15,2026-08-14,2026-05-15 20:19:23,4,4,4,Oportunidade perdida,lost,91,0,3,0,0,42.0,Prospecção,500-750,B - Aceleração,775.0,Alta,262.0,268.0,75.0,119.0,Bauru,SP,Censo Escolar 2019,Evangélica,Educação Batista,005N400000HLGCrIAP,R$ 1.000 a R$ 1.500,2028,SAS,6.0,1.0,3 - Não,1.0,Estudo de Geomarketing,2.0,2026-08-14,,0.0
006N400000f2o60IAA,0014v00002oLW1AAAW,Polígono,614489.52,2026-05-15,2026-07-30,2026-05-15 20:27:16,6,6,6,Oportunidade perdida,lost,76,0,5,0,0,63.0,Prospecção,Acima de 1.000,C - Estruturação,625.0,Alta,409.0,397.0,65.0,293.0,São Paulo,SP,Censo Escolar 2021,Não segue orientação religiosa específica,,005N400000Dj7E2IAJ,R$ 1.000 a R$ 1.500,2029,Geekie One,17.0,1.0,3 - Não,3.0,Conexões 13/04 a 15/04 | Diálogos GEduc 2026-03-26 | Estudo de Geomarketing,3.0,2026-07-30,Escola não adota sistema de ensino | Existe um contrato de longo prazo,0.0
006N400000f2qCbIAI,0014v00002pSacIAAS,Poliedro,788748.22,2026-05-15,2026-07-08,2026-05-15 20:22:16,3,3,3,Validação pedagógica,open,54,0,2,0,0,28.0,Prospecção,500-750,B - Aceleração,650.0,Alta,224.0,268.0,69.0,122.0,Bauru,SP,Censo Escolar 2021,Católica,Rede Não Localizada,005N400000HLGCrIAP,R$ 1.500 a R$ 2.000,2027,Livros Didáticos,10.0,1.0,3 - Não,1.0,Inbound Poliedro 2026,1.0,2026-07-08,,
006N400000f2qZEIAY,0014v00002pSacIAAS,Conviver,166630.76,2026-05-15,2026-07-03,2026-05-15 20:23:18,3,3,3,Validação pedagógica,open,49,0,2,0,0,23.0,Prospecção,500-750,B - Aceleração,650.0,Alta,224.0,268.0,69.0,122.0,Bauru,SP,Censo Escolar 2021,Católica,Rede Não Localizada,005N400000HLGCrIAP,R$ 1.500 a R$ 2.000,2027,Livros Didáticos,10.0,1.0,3 - Não,1.0,Inbound Poliedro 2026,1.0,2026-07-08,,
006N400000f8DRvIAM,001N400000NlLmxIAF,Poliedro,1132571.12,2026-05-17,2026-08-06,2026-05-17 23:18:05,4,4,4,Proposta tabela,open,81,0,3,0,0,57.0,Prospecção,750-1.000,B - Aceleração,700.0,Alta,467.0,0.0,0.0,357.0,Pato Branco,PR,Censo Escolar 2023,Não segue orientação religiosa específica,,005N400000CUSPxIAP,R$ 0 a R$ 500,2026,SAE Digital,3.0,1.0,3 - Não,,,1.0,2026-08-06,,
006N400000f9s3CIAQ,001N400000TrYvrIAF,Polígono,78938.37,2026-05-18,2026-06-16,2026-05-18 12:50:10,12,12,12,Contrato assinado,won,29,1,10,0,0,6.0,Prospecção,0-250,D - Capilaridade,0.0,Baixa,0.0,0.0,0.0,0.0,São Paulo,SP,Censo Escolar/Fale conosco,Não segue orientação religiosa específica,,005N40000035sinIAA,R$ 1.000 a R$ 1.500,2027,COC,7.0,1.0,3 - Não,2.0,Inbound Poliedro 2025 | Inbound Polígono 2025,1.0,2026-06-16,,1.0
006N400000fAiEfIAK,001N400000heZTsIAM,Polígono,193888.18,2026-05-18,2026-06-15,2026-05-18 13:00:32,6,6,6,Oportunidade perdida,lost,28,0,5,0,0,17.0,Prospecção,0-250,C - Estruturação,500.0,Não prioritária,90.0,40.0,0.0,18.0,São Paulo,SP,Censo Escolar 2023,Não segue orientação religiosa específica,,005N40000035sinIAA,R$ 500 a R$ 1.000,2026,SAE Digital,4.0,1.0,3 - Não,1.0,Inbound Poliedro 2026,1.0,2026-06-15,Pacote agressivo de benefícios do concorrente,0.0
006N400000fAoGuIAK,001N400000NlM2uIAF,Polígono,268656.83,2026-05-18,2026-05-27,2026-05-18 13:44:45,6,6,6,Oportunidade perdida,lost,9,0,5,0,0,5.0,Prospecção,250-500,B - Aceleração,725.0,Alta,119.0,170.0,49.0,61.0,Várzea Paulista,SP,Censo Escolar 2023,Não segue orientação religiosa específica,,0054v00000EkXMDAA3,R$ 500 a R$ 1.000,2027,Anglo,9.0,1.0,3 - Não,1.0,Inbound Poliedro 2026,2.0,2026-06-15,Renovou com atual parceiro,0.0
006N400000fEuluIAC,001N400000IKR9lIAH,,0.0,2026-05-18,2026-05-18,2026-05-18 19:42:11,1,1,1,Solicitação de material,open,0,0,0,0,0,,,,,,,,,,,,,,,,,,,,,1.0,3 - Não,,,1.0,2026-05-18,,
006N400000fJsjVIAS,0014v00002NCAfBAAX,Conviver,100.0,2026-05-19,2026-07-31,2026-05-19 14:52:40,2,2,2,Oportunidade perdida,lost,73,0,1,0,0,73.0,,,,,,,,,,,,,,,,,,,,1.0,3 - Não,,,1.0,2026-07-31,Escola não adota sistema de ensino,0.0
006N400000fKMXrIAO,001N400000bRsdVIAS,Poliedro,231356.23,2026-05-19,2026-06-19,2026-05-19 15:38:30,6,6,6,Oportunidade perdida,lost,31,0,5,0,0,16.0,Prospecção,Sem Dados,D - Capilaridade,225.0,Alta,0.0,0.0,0.0,0.0,Três Lagoas,MS,Prospeccao_ativa,,,005N400000OGlrZIAT,R$ 1.000 a R$ 1.500,2028,Sem Dados,7.0,1.0,1 - Sim,,,2.0,2026-06-22,Satisfação com serviço do atual parceiro,0.0
006N400000fLS3OIAW,0014v00002hwCfdAAE,Polígono,78145.0,2026-05-19,2026-05-19,2026-05-19 17:17:40,1,1,1,Solicitação de material,open,0,0,0,0,0,,Prospecção,250-500,C - Estruturação,600.0,Média,0.0,0.0,0.0,367.0,Londrina,PR,Censo Escolar 2021,Não segue orientação religiosa específica,,005N400000Q8sVmIAJ,R$ 1.000 a R$ 1.500,2027,Positivo,2.0,1.0,3 - Não,,,2.0,2026-07-03,,
006N400000fLXCfIAO,001N400000hew0CIAQ,Poliedro,993934.43,2026-05-19,2026-06-15,2026-05-19 17:04:15,5,5,5,Oportunidade perdida,lost,27,0,4,0,0,27.0,Prospecção,0-250,D - Capilaridade,425.0,Não prioritária,0.0,152.0,50.0,0.0,Araçatuba,SP,Censo Escolar 2023,Não segue orientação religiosa específica,,005N400000OeNBQIA3,R$ 1.500 a R$ 2.000,2027,Positivo,4.0,1.0,2 - Agendado,,,2.0,2026-07-03,Análise de Impacto de Escola Associada,0.0
006N400000fLb9pIAC,0014v00002hwCfdAAE,Poliedro,1601193.5,2026-05-19,2026-07-03,2026-05-19 17:08:35,2,2,2,Material entregue,open,45,0,1,0,0,45.0,Prospecção,250-500,C - Estruturação,600.0,Média,0.0,0.0,0.0,367.0,Londrina,PR,Censo Escolar 2021,Não segue orientação religiosa específica,,005N400000Q8sVmIAJ,R$ 1.000 a R$ 1.500,2027,Positivo,2.0,1.0,3 - Não,,,2.0,2026-07-03,,
006N400000fMQp3IAG,001N400000BJ8y4IAD,Polígono,375356.2,2026-05-19,2026-07-03,2026-05-19 18:07:26,6,6,6,Negociação e ajuste financeiro,open,45,0,5,0,0,18.0,Prospecção,0-250,C - Estruturação,625.0,Média,149.0,64.0,0.0,12.0,Nova Iguaçu,RJ,Censo Escolar 2021,Evangélica,,005N400000Of55xIAB,R$ 1.000 a R$ 1.500,2027,Anglo,9.0,1.0,1 - Sim,1.0,Inbound Poliedro 2026,1.0,2026-07-03,,
006N400000fOZLGIA4,001N400000rMa9aIAC,Polígono,75019.2,2026-05-20,2026-06-16,2026-05-20 03:29:28,4,4,4,Oportunidade perdida,lost,27,0,3,0,0,25.0,,,,,,,,,,,,,,,,,,,,1.0,3 - Não,,,1.0,2026-06-16,Satisfação com serviço do atual parceiro,0.0
006N400000fT4BwIAK,001N400000hf2aQIAQ,Poliedro,197214.85,2026-05-20,2026-06-25,2026-05-20 17:31:55,5,5,5,Oportunidade perdida,lost,36,0,4,0,0,36.0,Prospecção,0-250,D - Capilaridade,300.0,Não prioritária,0.0,0.0,0.0,72.0,São José do Rio Preto,SP,Censo Escolar 2023,Não segue orientação religiosa específica,,005N400000OeNBQIA3,R$ 1.000 a R$ 1.500,2027,Anglo,1.0,1.0,3 - Não,,,1.0,2026-06-25,Análise de Impacto de Escola Associada,0.0
006N400000fTwVdIAK,001N400000Gs9t8IAB,Poliedro,136995.73,2026-05-20,2026-06-29,2026-05-20 17:02:23,9,9,9,Análise do Jurídico,open,40,0,8,0,0,0.0,Prospecção,0-250,B - Aceleração,650.0,Não prioritária,77.0,45.0,15.0,8.0,São Lourenço,MG,Censo Escolar 2021,,,005N400000Of3liIAB,R$ 500 a R$ 1.000,Sem Dados,COC,1.0,1.0,3 - Não,1.0,Imersão 2026-06-10,2.0,2026-06-29,,
006N400000fVXzRIAW,0014v00002UjvzAAAR,Poliedro,1229966.59,2026-05-20,2026-07-02,2026-05-20 19:13:52,5,5,5,Proposta personalizada,open,43,0,4,0,0,0.0,Prospecção,500-750,B - Aceleração,775.0,Alta,132.0,245.0,57.0,79.0,Gaspar,SC,Censo Escolar 2019,Não segue orientação religiosa específica,,005N400000PJiOjIAL,R$ 500 a R$ 1.000,2027,Positivo,6.0,1.0,1 - Sim,,,1.0,2026-07-02,,
006N400000fVchOIAS,001N400000heYrYIAU,Polígono,69780.2,2026-05-20,2026-08-05,2026-05-20 20:39:05,3,3,3,Oportunidade perdida,lost,77,0,2,0,0,54.0,Prospecção,0-250,C - Estruturação,500.0,Não prioritária,0.0,25.0,31.0,0.0,Xanxerê,SC,Censo Escolar 2023,Católica,,005N40000035kTVIAY,R$ 500 a R$ 1.000,2026,Geekie One,3.0,1.0,3 - Não,,,1.0,2026-08-05,Existe um contrato de longo prazo,0.0
006N400000fWjX3IAK,001N400000LiGzeIAF,Polígono,251701.98,2026-05-20,2026-06-15,2026-05-20 21:38:19,12,12,12,Contrato assinado,won,26,1,10,0,0,5.0,Prospecção,0-250,C - Estruturação,550.0,Média,0.0,144.0,46.0,0.0,Itaboraí,RJ,Censo Escolar 2021,Não segue orientação religiosa específica,,005N400000DAfNPIA1,R$ 500 a R$ 1.000,2028,Sucesso,8.0,1.0,1 - Sim,1.0,Inbound Poliedro 2026,1.0,2026-06-15,,1.0
006N400000fXAgvIAG,0014v00002rpxbqAAA,Poliedro,272803.89,2026-05-21,2026-07-21,2026-05-21 01:07:37,2,2,2,Oportunidade perdida,lost,61,0,1,0,0,61.0,,,,,,,,,,,,,,,,,,,,1.0,3 - Não,,,2.0,2026-07-21,Pacote agressivo de benefícios do concorrente,0.0
006N400000fXAtpIAG,0014v00002rpxbqAAA,Conviver,57801.99,2026-05-21,2026-07-21,2026-05-21 01:08:20,2,2,2,Oportunidade perdida,lost,61,0,1,0,0,61.0,,,,,,,,,,,,,,,,,,,,1.0,3 - Não,,,2.0,2026-07-21,Pacote agressivo de benefícios do concorrente,0.0
006N400000fYuhhIAC,001N400000NlGCTIA3,Polígono,239907.81,2026-05-21,2026-07-03,2026-05-21 11:57:42,6,6,6,Negociação e ajuste financeiro,open,43,0,5,0,0,9.0,Prospecção,250-500,B - Aceleração,650.0,Alta,128.0,168.0,73.0,79.0,Guarulhos,SP,Censo Escolar 2023,Não segue orientação religiosa específica,,005N400000P4NcLIAV,R$ 2.000 a R$ 2.500,2026,Livros Didáticos,9.0,1.0,1 - Sim,1.0,Relatório Enem,2.0,2026-07-03,,
006N400000fZ3JZIA0,001N400000B20teIAB,Conviver,56030.03,2026-05-21,2026-06-22,2026-05-21 12:07:52,3,3,3,Validação pedagógica,open,32,0,2,0,0,14.0,Prospecção,0-250,B - Aceleração,675.0,Média,203.0,0.0,0.0,0.0,Piumhi,MG,Censo Escolar 2019,Não segue orientação religiosa específica,Colegio Cidade De Piumhi Ltda,0054v00000EkfjPAAR,R$ 500 a R$ 1.000,2027,Bernoulli,7.0,1.0,1 - Sim,,,2.0,2026-06-22,,
006N400000fZvAIIA0,001N400000B20teIAB,Poliedro,410630.78,2026-05-21,2026-06-22,2026-05-21 13:05:08,3,3,3,Validação pedagógica,open,32,0,2,0,0,14.0,Prospecção,0-250,B - Aceleração,675.0,Média,203.0,0.0,0.0,0.0,Piumhi,MG,Censo Escolar 2019,Não segue orientação religiosa específica,Colegio Cidade De Piumhi Ltda,0054v00000EkfjPAAR,R$ 500 a R$ 1.000,2027,Bernoulli,7.0,1.0,1 - Sim,,,2.0,2026-06-22,,
006N400000fa53HIAQ,001N400000JjmASIAZ,Polígono,227860.56,2026-05-21,2026-07-15,2026-05-21 16:04:57,6,6,6,Oportunidade perdida,lost,55,0,5,0,0,8.0,Prospecção,0-250,C - Estruturação,500.0,Alta,63.0,62.0,15.0,31.0,Brasília,DF,Censo Escolar 2021,Não segue orientação religiosa específica,,005N400000PA8nVIAT,R$ 1.000 a R$ 1.500,2027,AZ - Conexia Educação,6.0,1.0,3 - Não,,,1.0,2026-07-15,Pacote agressivo de benefícios do concorrente,0.0
006N400000fc0ylIAA,001N400000Az7oQIAR,Conviver,76234.17,2026-05-21,2026-06-08,2026-05-21 17:05:17,4,4,4,Oportunidade perdida,lost,18,0,3,0,0,6.0,Prospecção,250-500,C - Estruturação,600.0,Média,141.0,94.0,18.0,73.0,Contagem,MG,Censo Escolar 2021,Não segue orientação religiosa específica,,0054v00000EkfjPAAR,R$ 500 a R$ 1.000,2027,FTD,14.0,1.0,1 - Sim,2.0,Conexões 13/04 a 15/04 | Estudo de Geomarketing,2.0,2026-06-08,Satisfação com serviço do atual parceiro,0.0
006N400000fc9vWIAQ,0014v00002SMgXpAAL,Polígono,68774.36,2026-05-21,2026-08-10,2026-05-21 16:26:12,7,7,7,Oportunidade perdida,lost,81,0,6,0,0,38.0,Prospecção,0-250,C - Estruturação,600.0,Média,25.0,49.0,8.0,0.0,Laje do Muriaé,RJ,Censo Escolar 2019,Não segue orientação religiosa específica,,005N400000Of55xIAB,R$ 500 a R$ 1.000,2027,Amplia,9.0,1.0,3 - Não,1.0,Inbound Poliedro 2026,2.0,2026-08-10,Existe um contrato de longo prazo | Preço de venda abaixo do perfil do sistema de ensino,0.0
006N400000fd5oHIAQ,0014v00002muNm1AAE,Conviver,27403.94,2026-05-21,2026-08-07,2026-05-21 18:32:14,6,6,6,Negociação e ajuste financeiro,open,78,0,5,0,0,66.0,Prospecção,0-250,D - Capilaridade,450.0,Baixa,0.0,0.0,59.0,0.0,Mauá,SP,Censo Escolar 2021,Não segue orientação religiosa específica,,005N40000035sinIAA,R$ 500 a R$ 1.000,2028,SAE Digital,17.0,1.0,3 - Não,1.0,Diálogos GEduc 2026-03-26,2.0,2026-08-07,,
006N400000fdCjLIAU,001N400000Nl9TiIAJ,Polígono,150688.54,2026-05-21,2026-06-19,2026-05-21 18:56:08,3,3,3,Validação pedagógica,open,29,0,2,0,0,0.0,Prospecção,0-250,C - Estruturação,525.0,Média,0.0,168.0,62.0,0.0,Brasília,DF,Censo Escolar 2023,Católica,Rede Guanelliana,0056g0000034OkWAAU,R$ 1.000 a R$ 1.500,2027,FTD,4.0,1.0,3 - Não,1.0,Encontro de Lideranças Católicas,1.0,2026-06-19,,
006N400000fdsnSIAQ,001N400000NlEyYIAV,Polígono,221055.0,2026-05-21,2026-06-25,2026-05-21 20:34:14,2,2,2,Oportunidade perdida,lost,35,0,1,0,0,35.0,Prospecção,250-500,C - Estruturação,575.0,Média,117.0,112.0,17.0,68.0,São Paulo,SP,Censo Escolar 2023,Não segue orientação religiosa específica,,005N40000035sinIAA,R$ 500 a R$ 1.000,2026,Positivo,4.0,1.0,3 - Não,,,1.0,2026-06-25,Satisfação com preço e serviço do atual parceiro,0.0
006N400000fdwAzIAI,001N400000NlGKoIAN,Conviver,153610.0,2026-05-21,2026-06-23,2026-05-21 18:55:38,3,3,3,Validação pedagógica,open,33,0,2,0,0,0.0,Prospecção,750-1.000,D - Capilaridade,450.0,Alta,318.0,262.0,0.0,231.0,Ubá,MG,Censo Escolar 2023,Não segue orientação religiosa específica,,005N400000OGlMvIAL,R$ 1.000 a R$ 1.500,2028,Bernoulli,3.0,1.0,3 - Não,,,1.0,2026-06-23,,
006N400000fefGCIAY,001N400000NlF6fIAF,Polígono,168437.15,2026-05-21,2026-08-07,2026-05-21 20:20:29,6,6,6,Negociação e ajuste financeiro,open,78,0,5,0,0,50.0,Prospecção,250-500,C - Estruturação,525.0,Média,102.0,144.0,42.0,0.0,São Paulo,SP,Censo Escolar 2023,,,005N40000035sinIAA,Sem informação,Sem Dados,Sem Dados,9.0,1.0,3 - Não,,,2.0,2026-08-07,,
006N400000fhgSdIAI,001N400000oKw9bIAC,Polígono,350212.28,2026-05-22,2026-06-15,2026-05-22 13:21:32,2,2,2,Oportunidade perdida,lost,24,0,1,0,0,24.0,Prospecção,Sem Dados,Sem Clusterização Comercial em 2026,0.0,Alta,0.0,0.0,0.0,0.0,Petrópolis,RJ,SDR,Católica,,005N400000CUSPxIAP,R$ 1.000 a R$ 1.500,2026,Livros Didáticos,9.0,1.0,3 - Não,,,3.0,2026-06-15,Renovou com atual parceiro,0.0
006N400000fiALrIAM,0014v00002dsBVrAAM,Poliedro,94547.38,2026-05-22,2026-07-27,2026-05-22 13:16:05,5,5,5,Oportunidade perdida,lost,66,0,4,0,0,38.0,Prospecção,750-1.000,B - Aceleração,750.0,Alta,294.0,313.0,74.0,88.0,Rio de Janeiro,RJ,Censo Escolar 2019,Não segue orientação religiosa específica,Associacao Beneficente Santa Maria,0054v00000DvfXIAAZ,R$ 1.500 a R$ 2.000,2027,Anglo,4.0,1.0,3 - Não,,,1.0,2026-07-27,Satisfação com serviço do atual parceiro,0.0
006N400000fj52MIAQ,0014v00002SMHCnAAP,Conviver,162373.2,2026-05-22,2026-06-15,2026-05-22 14:01:29,2,2,2,Oportunidade perdida,lost,24,0,1,0,0,24.0,Prospecção,Acima de 1.000,B - Aceleração,725.0,Alta,761.0,952.0,266.0,148.0,Brasília,DF,Prospeccao_ativa,Não segue orientação religiosa específica,,005N400000CUSPxIAP,R$ 1.000 a R$ 1.500,2026,Bernoulli,20.0,1.0,1 - Sim,,,2.0,2026-07-29,Perda automática por higienização | Satisfação com serviço do atual parceiro,0.0
006N400000fjB2yIAE,0016g00000PRV2hAAH,Poliedro,219972.8,2026-05-22,2026-07-21,2026-05-22 16:32:58,3,3,3,Validação pedagógica,open,60,0,2,0,0,60.0,Prospecção,0-250,C - Estruturação,550.0,Baixa,42.0,40.0,12.0,0.0,Manaus,AM,Censo Escolar 2019,Não segue orientação religiosa específica,,005N400000NsHxxIAF,R$ 1.000 a R$ 1.500,2027,Amplia,1.0,1.0,1 - Sim,1.0,Estudo de Geomarketing,1.0,2026-07-21,,
006N400000fkDp5IAE,001N400000JFRRZIA5,Polígono,262945.0,2026-05-22,2026-07-21,2026-05-22 16:31:20,3,3,3,Validação pedagógica,open,60,0,2,0,0,60.0,Prospecção,250-500,C - Estruturação,575.0,Média,44.0,208.0,85.0,0.0,Manaus,AM,Censo Escolar 2022,Não segue orientação religiosa específica,,005N400000NsHxxIAF,R$ 500 a R$ 1.000,2028,Editora do Brasil,10.0,1.0,1 - Sim,,,1.0,2026-07-21,,
006N400000fkLy7IAE,0016g000008jPzcAAE,Poliedro,384728.1,2026-05-22,2026-07-17,2026-05-22 18:50:42,3,3,3,Validação pedagógica,open,56,0,2,0,0,31.0,Prospecção,250-500,B - Aceleração,650.0,Média,96.0,152.0,40.0,55.0,Cristalina,GO,Censo Escolar 2019,Não segue orientação religiosa específica,,005N400000PA8nVIAT,R$ 1.000 a R$ 1.500,2026,Anglo,4.0,1.0,3 - Não,,,1.0,2026-07-17,,
006N400000flalEIAQ,001N400000JZX7uIAH,Polígono,173864.52,2026-05-22,2026-06-10,2026-05-22 18:13:44,3,3,3,Validação pedagógica,open,19,0,2,0,0,9.0,Prospecção,250-500,D - Capilaridade,450.0,Alta,0.0,245.0,99.0,0.0,Guarulhos,SP,Censo Escolar 2021,Não segue orientação religiosa específica,,005N400000OePRkIAN,R$ 500 a R$ 1.000,2026,Sucesso,1.0,1.0,3 - Não,,,1.0,2026-06-10,,
006N400000flfrQIAQ,0014v00002syTZHAA2,Poliedro,524797.78,2026-05-22,2026-06-26,2026-05-22 18:57:14,4,4,4,Oportunidade perdida,lost,35,0,3,0,0,7.0,Prospecção,250-500,B - Aceleração,675.0,Média,150.0,204.0,70.0,56.0,Vila Velha,ES,Censo Escolar 2021,Não segue orientação religiosa específica,,0054v00000DvfXIAAZ,R$ 500 a R$ 1.000,2027,PH,4.0,1.0,3 - Não,,,1.0,2026-06-26,Satisfação com serviço do atual parceiro,0.0
006N400000fmc52IAA,001N400000heuqoIAA,Poliedro,282221.04,2026-05-22,2026-06-25,2026-05-22 19:45:55,4,4,4,Oportunidade perdida,lost,34,0,3,0,0,30.0,Prospecção,0-250,D - Capilaridade,425.0,Não prioritária,0.0,0.0,0.0,0.0,Campo Grande,MS,Censo Escolar 2023,,,005N400000OGlrZIAT,Sem informação,Sem Dados,Sem Dados,4.0,1.0,3 - Não,,,2.0,2026-08-13,Satisfação com serviço do atual parceiro,0.0
006N400000fnFr7IAE,001N400000FccRvIAJ,Polígono,112374.6,2026-05-22,2026-05-26,2026-05-22 20:31:53,3,3,3,Validação pedagógica,open,4,0,2,0,0,0.0,Prospecção,0-250,B - Aceleração,750.0,Média,67.0,88.0,31.0,0.0,Água Clara,MS,Censo Escolar 2021,Não segue orientação religiosa específica,,005N400000OGlrZIAT,R$ 500 a R$ 1.000,2027,Positivo,3.0,1.0,3 - Não,,,1.0,2026-05-26,,
006N400000fshLJIAY,0014v00002Nso8GAAR,Poliedro,0.0,2026-05-25,2026-08-07,2026-05-25 01:50:59,3,3,3,Validação pedagógica,open,74,0,2,0,0,0.0,Prospecção,Acima de 1.000,A - Referência,850.0,Alta,863.0,832.0,151.0,463.0,Niterói,RJ,Censo Escolar 2019,Católica,Rede La Salle,005N400000CUSPxIAP,R$ 1.500 a R$ 2.000,2026,Livros Didáticos,4.0,1.0,3 - Não,1.0,Encontro de Lideranças Católicas,1.0,2026-08-07,,
006N400000ftdKYIAY,001N400000lfRNuIAM,Polígono,49331.03,2026-05-25,2026-06-15,2026-05-25 12:52:51,13,13,13,Contrato assinado,won,21,2,10,0,0,0.0,,,,,,,,,,,,,,,,,,,,1.0,3 - Não,1.0,Inbound Poliedro 2026,1.0,2026-06-15,,1.0
006N400000fwLdxIAE,0014v00002fEjp9AAC,Poliedro,74674.68,2026-05-25,2026-06-23,2026-05-25 14:16:16,4,4,4,Proposta tabela,open,29,0,3,0,0,1.0,Prospecção,0-250,B - Aceleração,675.0,Alta,129.0,0.0,0.0,76.0,Palotina,PR,Censo Escolar 2021,,,005N400000Q8sVmIAJ,R$ 1.000 a R$ 1.500,2027,Trilhas,1.0,1.0,3 - Não,,,1.0,2026-06-23,,
006N400000fyjIqIAI,0014v00002SO0FgAAL,Polígono,0.0,2026-05-25,2026-05-25,2026-05-25 18:44:15,1,1,1,Solicitação de material,open,0,0,0,0,0,,,,,,,,,,,,,,,,,,,,,1.0,3 - Não,,,2.0,2026-05-29,Satisfação com preço do atual parceiro,
006N400000g0LRfIAM,001N400000NlEybIAF,Polígono,159065.2,2026-05-25,2026-08-07,2026-05-25 20:04:09,6,6,6,Negociação e ajuste financeiro,open,74,0,5,0,0,35.0,Prospecção,0-250,D - Capilaridade,450.0,Baixa,52.0,79.0,12.0,55.0,Sorocaba,SP,Censo Escolar 2023,Não segue orientação religiosa específica,,005N40000035sinIAA,R$ 500 a R$ 1.000,2028,Material Próprio,6.0,1.0,3 - Não,1.0,Inbound Poliedro 2026,2.0,2026-08-07,,
006N400000g127dIAA,0014v00002fAwDGAA0,Polígono,108331.0,2026-05-25,2026-07-03,2026-05-25 21:18:41,2,2,2,Material entregue,open,39,0,1,0,0,39.0,Prospecção,0-250,B - Aceleração,725.0,Alta,44.0,45.0,24.0,32.0,Altônia,PR,Censo Escolar 2019,Não segue orientação religiosa específica,,005N400000Q8sVmIAJ,R$ 500 a R$ 1.000,2026,Positivo,1.0,1.0,3 - Não,,,1.0,2026-07-03,,
006N400000g7ddzIAA,001N400000Ed782IAB,Poliedro,98280.28,2026-05-26,2026-07-20,2026-05-26 17:36:39,6,6,6,Oportunidade perdida,lost,55,0,5,0,0,39.0,Prospecção,750-1.000,A - Referência,800.0,Alta,422.0,330.0,80.0,126.0,São Gonçalo,RJ,Censo Escolar 2021,Não segue orientação religiosa específica,,005N400000Of55xIAB,R$ 100 a R$ 500,2028,Anglo,5.0,1.0,3 - Não,,,1.0,2026-07-20,Satisfação com serviço do atual parceiro,0.0
006N400000g7v31IAA,001N400000FdyF1IAJ,Polígono,123000.0,2026-05-26,2026-08-12,2026-05-26 18:06:42,6,6,6,Oportunidade perdida,lost,78,0,5,0,0,14.0,Prospecção,250-500,C - Estruturação,550.0,Alta,0.0,201.0,96.0,0.0,Juiz de Fora,MG,Censo Escolar 2021,Não segue orientação religiosa específica,,005N400000OGlMvIAL,R$ 100 a R$ 500,2028,Anglo,1.0,1.0,3 - Não,1.0,Inbound Poliedro 2025,1.0,2026-08-12,Pacote agressivo de benefícios do concorrente,0.0
006N400000g8jcTIAQ,001N400000NlFgVIAV,Poliedro,754278.88,2026-05-26,2026-07-20,2026-05-26 17:59:53,4,4,4,Oportunidade perdida,lost,55,0,3,0,0,41.0,Prospecção,750-1.000,A - Referência,850.0,Alta,313.0,381.0,89.0,143.0,Uberlândia,MG,Censo Escolar 2023,Não segue orientação religiosa específica,Rede Não Localizada,0054v00000EkfjPAAR,R$ 1.000 a R$ 1.500,2026,PH,5.0,1.0,3 - Não,,,1.0,2026-07-20,Pacote agressivo de benefícios do concorrente,0.0
006N400000gAECnIAO,001N400000scSvSIAU,Polígono,72728.8,2026-05-26,2026-06-10,2026-05-26 19:51:06,4,4,4,Proposta tabela,open,15,0,3,0,0,0.0,Prospecção,Sem Dados,Sem Clusterização Comercial em 2026,0.0,Média,0.0,0.0,0.0,0.0,São José do Vale do Rio Preto,RJ,SDR,Católica,,005N400000DAfNPIA1,R$ 500 a R$ 1.000,2026,Material Próprio,5.0,1.0,3 - Não,,,1.0,2026-06-10,,
006N400000gARunIAG,0014v00002jefP9AAI,Polígono,108538.6,2026-05-26,2026-08-10,2026-05-26 20:13:34,3,3,3,Oportunidade perdida,lost,76,0,2,0,0,41.0,Prospecção,0-250,C - Estruturação,500.0,Baixa,63.0,75.0,34.0,0.0,Franca,SP,Censo Escolar 2021,,,005N400000Of3liIAB,Sem informação,Sem Dados,SAE Digital,3.0,1.0,3 - Não,,,1.0,2026-08-10,Existe um contrato de longo prazo,0.0
006N400000gAnKEIA0,0014v00002Ob2AJAAZ,Poliedro,638797.82,2026-05-26,2026-07-10,2026-05-26 21:05:30,4,4,4,Oportunidade perdida,lost,45,0,3,0,0,10.0,Prospecção,500-750,B - Aceleração,675.0,Alta,176.0,216.0,53.0,104.0,São José,SC,Censo Escolar 2019,Não segue orientação religiosa específica,,005N400000PJiOjIAL,R$ 1.000 a R$ 1.500,2027,PH,1.0,1.0,3 - Não,,,1.0,2026-07-10,Pacote agressivo de benefícios do concorrente,0.0
006N400000gE4y1IAC,001N400000hei9cIAA,Poliedro,528295.04,2026-05-27,2026-07-30,2026-05-27 13:02:33,5,5,5,Oportunidade perdida,lost,64,0,4,0,0,27.0,Prospecção,250-500,D - Capilaridade,475.0,Média,39.0,307.0,100.0,0.0,Goiânia,GO,Censo Escolar 2023,Não segue orientação religiosa específica,,005N400000PA8nVIAT,R$ 1.500 a R$ 2.000,2026,FTD,7.0,1.0,3 - Não,,,2.0,2026-08-14,Análise de Impacto de Escola Associada,0.0
006N400000gIj3LIAS,001N400000NlGHDIA3,Conviver,100146.4,2026-05-27,2026-06-29,2026-05-27 19:43:00,3,3,3,Validação pedagógica,open,33,0,2,0,0,0.0,Prospecção,0-250,D - Capilaridade,375.0,Não prioritária,234.0,0.0,0.0,0.0,Maceió,AL,Censo Escolar 2023,Não segue orientação religiosa específica,,0056g0000034OkZAAU,R$ 500 a R$ 1.000,2027,Amplia,2.0,1.0,3 - Não,,,1.0,2026-06-29,,
006N400000gIwWqIAK,001N400000NlM2uIAF,Poliedro,425469.5,2026-05-27,2026-06-15,2026-05-27 21:17:46,7,7,7,Oportunidade perdida,lost,19,0,6,0,0,12.0,Prospecção,250-500,B - Aceleração,725.0,Alta,119.0,170.0,49.0,61.0,Várzea Paulista,SP,Censo Escolar 2023,Não segue orientação religiosa específica,,0054v00000EkXMDAA3,R$ 500 a R$ 1.000,2027,Anglo,9.0,1.0,3 - Não,1.0,Inbound Poliedro 2026,2.0,2026-06-15,Renovou com atual parceiro,0.0
006N400000gK2tVIAS,001N400000AzMVkIAN,Poliedro,631329.1,2026-05-28,2026-07-20,2026-05-28 00:26:01,3,3,3,Oportunidade perdida,lost,53,0,2,0,0,0.0,Prospecção,500-750,B - Aceleração,675.0,Alta,236.0,250.0,62.0,64.0,Juiz de Fora,MG,Censo Escolar 2021,Não segue orientação religiosa específica,,005N400000OGlMvIAL,R$ 500 a R$ 1.000,2026,FTD,3.0,1.0,3 - Não,1.0,Inbound Polígono 2026,1.0,2026-07-20,Escola vendida para grupo educacional,0.0
006N400000gK3nxIAC,001N400000AzNlCIAV,Polígono,100801.5,2026-05-28,2026-08-07,2026-05-28 00:35:22,6,6,6,Oportunidade perdida,lost,71,0,5,0,0,59.0,Prospecção,0-250,C - Estruturação,550.0,Não prioritária,94.0,88.0,0.0,0.0,Juiz de Fora,MG,Censo Escolar 2021,Não segue orientação religiosa específica,,005N400000OGlMvIAL,R$ 500 a R$ 1.000,2030,Amplia,5.0,1.0,1 - Sim,1.0,Diálogos Juiz de Fora 2026-07-02,1.0,2026-08-07,,0.0
006N400000gK5RZIA0,001N400000heVUlIAM,Poliedro,152728.0,2026-05-28,2026-07-06,2026-05-28 00:59:59,3,3,3,Validação pedagógica,open,39,0,2,0,0,0.0,Prospecção,0-250,C - Estruturação,575.0,Alta,0.0,0.0,0.0,124.0,Juiz de Fora,MG,Censo Escolar 2023,,,005N400000OGlMvIAL,Sem informação,Sem Dados,Bernoulli,2.0,1.0,3 - Não,,,1.0,2026-07-06,,
006N400000gMMswIAG,001N400000CLyOvIAL,Poliedro,0.0,2026-05-28,2026-05-28,2026-05-28 13:01:32,1,1,1,Solicitação de material,open,0,0,0,0,0,,Prospecção,500-750,C - Estruturação,600.0,Alta,197.0,173.0,37.0,119.0,Fortaleza,CE,Censo Escolar 2021,Não segue orientação religiosa específica,,005N400000P9zIoIAJ,R$ 500 a R$ 1.000,2027,PH,5.0,1.0,3 - Não,,,1.0,2026-05-28,,
006N400000gNBx3IAG,0014v00002lY3KdAAK,Conviver,99308.58,2026-05-28,2026-08-04,2026-05-28 13:38:04,5,5,5,Proposta personalizada,open,68,0,4,0,0,0.0,Prospecção,250-500,B - Aceleração,725.0,Alta,76.0,127.0,57.0,39.0,Natal,RN,Censo Escolar 2021,Não segue orientação religiosa específica,,005N400000DAk0TIAT,R$ 500 a R$ 1.000,2025,SAE Digital,8.0,1.0,1 - Sim,1.0,Diálogos Poliedro - Expoeduc,1.0,2026-08-04,,
006N400000gNjp5IAC,001N400000Jl086IAB,Poliedro,219927.59,2026-05-28,2026-05-28,2026-05-28 15:16:56,3,3,3,Validação pedagógica,open,0,0,2,0,0,0.0,Prospecção,250-500,B - Aceleração,700.0,Alta,29.0,225.0,87.0,0.0,Novo Hamburgo,RS,Censo Escolar 2019,Não segue orientação religiosa específica,Instituicao Evangelica De Novo Hamburgo,005N400000OGlrZIAT,R$ 2.500 a R$ 3.000,2027,Livros Didáticos,3.0,1.0,3 - Não,,,1.0,2026-05-28,,
006N400000gNlm3IAC,001N400000KYSMXIA5,Poliedro,219927.59,2026-05-28,2026-05-28,2026-05-28 15:42:27,3,3,3,Validação pedagógica,open,0,0,2,0,0,0.0,Prospecção,250-500,B - Aceleração,725.0,Alta,0.0,349.0,81.0,0.0,Igrejinha,RS,Censo Escolar 2019,Não segue orientação religiosa específica,Instituicao Evangelica De Novo Hamburgo,005N400000OGlrZIAT,R$ 500 a R$ 1.000,2027,Livros Didáticos,2.0,1.0,3 - Não,,,1.0,2026-05-28,,
006N400000gOOiZIAW,0016g00000bGJr6AAG,Conviver,0.0,2026-05-28,2026-05-28,2026-05-28 15:50:25,2,2,2,Oportunidade perdida,lost,0,0,1,0,0,0.0,,,,,,,,,,,,,,,,,,,,1.0,3 - Não,,,1.0,2026-05-28,Escola não adota sistema de ensino,0.0
006N400000gOhWfIAK,0014v00002KwfnYAAR,Conviver,0.0,2026-05-28,2026-05-28,2026-05-28 15:52:06,2,2,2,Oportunidade perdida,lost,0,0,1,0,0,0.0,,,,,,,,,,,,,,,,,,,,1.0,3 - Não,1.0,Encontro de Lideranças Católicas,1.0,2026-05-28,Escola não adota sistema de ensino,0.0
006N400000gPOVDIA4,001N400000sd7IjIAI,Polígono,42198.3,2026-05-28,2026-07-03,2026-05-28 18:02:29,3,3,3,Validação pedagógica,open,36,0,2,0,0,0.0,Prospecção,Sem Dados,D - Capilaridade,0.0,Alta,0.0,0.0,0.0,0.0,Maringá,PR,Fale Conosco,Não segue orientação religiosa específica,,005N400000Q8sVmIAJ,R$ 500 a R$ 1.000,2026,Nenhum,1.0,1.0,3 - Não,,,1.0,2026-07-03,,
006N400000gPzg2IAC,001N400000qYHlIIAW,Poliedro,259521.78,2026-05-28,2026-05-28,2026-05-28 18:16:40,3,3,3,Validação pedagógica,open,0,0,2,0,0,0.0,,,,,,,,,,,,,,,,,,,,1.0,1 - Sim,1.0,Diálogos Salvador 2026-05-13,1.0,2026-05-28,,
006N400000gSTyHIAW,0014v00002f9SI6AAM,Poliedro,163736.1,2026-05-29,2026-07-03,2026-05-29 03:18:43,5,5,5,Proposta personalizada,open,35,0,4,0,0,18.0,Prospecção,500-750,B - Aceleração,675.0,Alta,171.0,242.0,88.0,0.0,Valinhos,SP,Fale Conosco,Não segue orientação religiosa específica,,005N400000Dj7E2IAJ,R$ 1.000 a R$ 1.500,2029,PH,6.0,1.0,3 - Não,,,1.0,2026-07-03,,
006N400000gVm1oIAC,001N400000KFvCAIA1,Polígono,92519.24,2026-05-29,2026-08-12,2026-05-29 15:17:32,3,3,3,Validação pedagógica,open,75,0,2,0,0,72.0,Prospecção,0-250,C - Estruturação,500.0,Baixa,52.0,64.0,0.0,13.0,São Vicente,SP,Censo Escolar 2021,,,005N400000OePRkIAN,R$ 1.000 a R$ 1.500,Sem Dados,Pitágoras,1.0,1.0,3 - Não,,,1.0,2026-08-12,,
006N400000gW6i1IAC,001N400000BXHNAIA5,Poliedro,65090.74,2026-05-29,2026-06-26,2026-05-29 14:12:28,3,3,3,Validação pedagógica,open,28,0,2,0,0,0.0,Prospecção,500-750,A - Referência,800.0,Alta,213.0,242.0,99.0,112.0,Sousa,PB,Censo Escolar 2021,Não segue orientação religiosa específica,,005N400000DevL3IAJ,R$ 1.000 a R$ 1.500,2028,SAS,3.0,1.0,3 - Não,1.0,Relatório Enem,3.0,2026-06-26,Satisfação com serviço do atual parceiro,
006N400000gWgGuIAK,001N400000DlBK1IAN,Polígono,75797.0,2026-05-29,2026-06-10,2026-05-29 15:26:15,3,3,3,Validação pedagógica,open,12,0,2,0,0,8.0,Prospecção,250-500,B - Aceleração,775.0,Média,96.0,139.0,19.0,70.0,São Vicente,SP,Censo Escolar 2021,,,005N400000OePRkIAN,R$ 500 a R$ 1.000,Sem Dados,SAE Digital,1.0,1.0,3 - Não,1.0,Relatório Enem,1.0,2026-06-10,,
006N400000gZyltIAC,001N400000syc1hIAA,Polígono,48604.0,2026-05-29,2026-06-29,2026-05-29 19:32:32,3,3,3,Validação pedagógica,open,31,0,2,0,0,0.0,,,,,,,,,,,,,,,,,,,,1.0,3 - Não,,,1.0,2026-06-29,,
006N400000gkERBIA2,001N400000soeCwIAI,Poliedro,76364.0,2026-06-01,2026-06-22,2026-06-01 15:10:18,2,2,2,Material entregue,open,21,0,1,0,0,21.0,Prospecção,Sem Dados,Sem Clusterização Comercial em 2026,0.0,Média,0.0,0.0,0.0,0.0,Volta Redonda,RJ,Fale Conosco,Não segue orientação religiosa específica,,005N400000DAfNPIA1,R$ 1.000 a R$ 1.500,2026,Material Próprio,5.0,1.0,3 - Não,1.0,Inbound Poliedro 2026,1.0,2026-06-22,,
006N400000gkg0sIAA,001N400000heajxIAA,Polígono,140709.22,2026-06-01,2026-06-29,2026-06-01 16:45:10,5,5,5,Proposta personalizada,open,28,0,4,0,0,0.0,Prospecção,0-250,C - Estruturação,575.0,Não prioritária,35.0,51.0,38.0,0.0,Barra do Mendes,BA,Censo Escolar 2023,Evangélica,,0056g0000034OkWAAU,R$ 1.000 a R$ 1.500,2027,Mackenzie,4.0,1.0,3 - Não,1.0,Inbound Poliedro 2026,2.0,2026-06-29,,
006N400000grY51IAE,001N400000hf2hTIAQ,Conviver,46989.82,2026-06-02,2026-06-02,2026-06-02 12:50:51,1,1,1,Solicitação de material,open,0,0,0,0,0,,Prospecção,500-750,C - Estruturação,600.0,Alta,216.0,159.0,32.0,241.0,Salvador,BA,Censo Escolar 2023,,,0056g0000034OkWAAU,Sem informação,Sem Dados,Sem Dados,3.0,1.0,1 - Sim,1.0,Diálogos Salvador 2026-05-13,1.0,2026-06-02,,
006N400000grcEFIAY,0014v00002NspRpAAJ,Poliedro,1411891.99,2026-06-02,2026-07-06,2026-06-02 11:19:22,3,3,3,Validação pedagógica,open,34,0,2,0,0,0.0,Prospecção,Acima de 1.000,B - Aceleração,775.0,Alta,444.0,664.0,0.0,117.0,Caxias do Sul,RS,Censo Escolar 2019,Não segue orientação religiosa específica,,005N400000OGlrZIAT,R$ 1.000 a R$ 1.500,2026,SAS,5.0,1.0,3 - Não,2.0,Inbound Poliedro 2026 | Relatório Enem,2.0,2026-07-06,,
006N400000grljlIAA,0014v00002NspRpAAJ,Conviver,285905.72,2026-06-02,2026-07-06,2026-06-02 11:24:34,3,3,3,Validação pedagógica,open,34,0,2,0,0,0.0,Prospecção,Acima de 1.000,B - Aceleração,775.0,Alta,444.0,664.0,0.0,117.0,Caxias do Sul,RS,Censo Escolar 2019,Não segue orientação religiosa específica,,005N400000OGlrZIAT,R$ 1.000 a R$ 1.500,2026,SAS,5.0,1.0,3 - Não,2.0,Inbound Poliedro 2026 | Relatório Enem,2.0,2026-07-06,,
006N400000grlwfIAA,0016g00000BIRaMAAX,Conviver,0.0,2026-06-02,2026-06-02,2026-06-02 11:24:50,1,1,1,Solicitação de material,open,0,0,0,0,0,,,,,,,,,,,,,,,,,,,,,1.0,3 - Não,,,1.0,2026-06-02,,
006N400000guBdLIAU,001N400000BdAFiIAN,Polígono,169588.64,2026-06-02,2026-08-10,2026-06-02 14:50:32,3,3,3,Validação pedagógica,open,69,0,2,0,0,38.0,Prospecção,250-500,C - Estruturação,600.0,Média,73.0,184.0,15.0,0.0,Vila Velha,ES,Censo Escolar 2021,Católica,Rede Santa Catarina,005N400000HLGCrIAP,R$ 500 a R$ 1.000,2028,SAE Digital,5.0,1.0,3 - Não,,,2.0,2026-08-10,,
006N400000gwDmLIAU,001N400000OtNiyIAF,Polígono,17191.9,2026-06-02,2026-06-25,2026-06-02 18:14:47,3,3,3,Validação pedagógica,open,23,0,2,0,0,0.0,Prospecção,250-500,B - Aceleração,775.0,Média,151.0,137.0,26.0,57.0,Belo Horizonte,MG,Censo Escolar 2021,Católica,Rede De Ensino Monte Calvário,005N40000035kTVIAY,R$ 1.500 a R$ 2.000,2027,Bernoulli,2.0,1.0,3 - Não,,,1.0,2026-06-25,,
006N400000gwnzVIAQ,001N400000AzTfGIAV,Polígono,137139.0,2026-06-02,2026-07-08,2026-06-02 19:14:28,6,6,6,Oportunidade perdida,lost,36,0,5,0,0,30.0,Prospecção,250-500,B - Aceleração,725.0,Média,0.0,180.0,100.0,0.0,Montes Claros,MG,Censo Escolar 2021,Não segue orientação religiosa específica,Colegio Otto Ltda,005N400000OGlMvIAL,R$ 500 a R$ 1.000,2029,AZ - Conexia Educação,5.0,1.0,3 - Não,1.0,Inbound Polígono 2026,2.0,2026-07-08,Pacote agressivo de benefícios do concorrente,0.0
006N400000gwxykIAA,0014v00002lYONSAA4,Polígono,62516.0,2026-06-02,2026-06-25,2026-06-02 18:56:00,3,3,3,Validação pedagógica,open,23,0,2,0,0,0.0,Prospecção,750-1.000,B - Aceleração,725.0,Alta,299.0,366.0,114.0,0.0,Contagem,MG,Censo Escolar 2021,Católica,Rede De Ensino Monte Calvário,005N40000035kTVIAY,R$ 1.000 a R$ 1.500,2026,Livros Didáticos,3.0,1.0,3 - Não,,,1.0,2026-06-25,,
006N400000gx1MZIAY,001N400000NlF3tIAF,Polígono,256100.0,2026-06-02,2026-07-06,2026-06-02 19:53:48,3,3,3,Validação pedagógica,open,34,0,2,0,0,25.0,Prospecção,500-750,C - Estruturação,625.0,Alta,203.0,222.0,28.0,92.0,Santa Luzia,MG,Censo Escolar 2023,Não segue orientação religiosa específica,Nucleo De Gestao Escolar Sao Benedito Ltda,005N400000OGlMvIAL,R$ 500 a R$ 1.000,2026,Maxi,1.0,1.0,3 - Não,,,1.0,2026-07-06,,
006N400000gzMZhIAM,0014v00002cT6CTAA0,Polígono,1101730.81,2026-06-02,2026-07-28,2026-06-02 23:25:41,6,6,6,Oportunidade perdida,lost,56,0,5,0,0,55.0,Prospecção,Acima de 1.000,A - Referência,925.0,Alta,0.0,1607.0,200.0,545.0,Mossoró,RN,Censo Escolar 2019,Não segue orientação religiosa específica,,005N400000DAk0TIAT,R$ 0 a R$ 500,2028,Bernoulli,13.0,1.0,3 - Não,1.0,Relatório Enem,2.0,2026-07-28,Pacote agressivo de benefícios do concorrente,0.0
006N400000gzjD4IAI,001N400000he9hsIAA,Polígono,16254.16,2026-06-03,2026-06-11,2026-06-03 04:06:41,2,2,2,Oportunidade perdida,lost,8,0,1,0,0,8.0,Prospecção,250-500,C - Estruturação,625.0,Média,110.0,177.0,37.0,22.0,Osasco,SP,Censo Escolar 2023,Não segue orientação religiosa específica,,005N400000Dj7E2IAJ,R$ 500 a R$ 1.000,2030,SAS,3.0,1.0,3 - Não,,,1.0,2026-06-11,Existe um contrato de longo prazo,0.0
006N400000h2opZIAQ,0014v00002lsegIAAQ,Conviver,0.0,2026-06-03,2026-06-03,2026-06-03 13:55:02,1,1,1,Solicitação de material,open,0,0,0,0,0,,,,,,,,,,,,,,,,,,,,,1.0,3 - Não,,,1.0,2026-06-03,,
006N400000h3x7dIAA,001N400000B2O7xIAF,Conviver,0.0,2026-06-03,2026-06-03,2026-06-03 15:24:56,1,1,1,Solicitação de material,open,0,0,0,0,0,,Prospecção,Acima de 1.000,B - Aceleração,725.0,Alta,427.0,375.0,140.0,219.0,Senhor do Bonfim,BA,Censo Escolar 2021,Católica,Rede Sacramentina,0056g0000034OkWAAU,R$ 500 a R$ 1.000,2026,SAS,1.0,1.0,3 - Não,,,1.0,2026-06-03,,
006N400000h5buDIAQ,001N400000JkC1eIAF,Poliedro,462644.04,2026-06-03,2026-06-03,2026-06-03 17:51:24,5,5,5,Proposta personalizada,open,0,0,4,0,0,0.0,Prospecção,500-750,A - Referência,825.0,Alta,228.0,291.0,131.0,61.0,Uberlândia,MG,Censo Escolar 2019,Não segue orientação religiosa específica,,0054v00000EkfjPAAR,R$ 1.000 a R$ 1.500,2028,SAE Digital,18.0,1.0,1 - Sim,1.0,Diálogos Bett Brasil 2026-05-07,2.0,2026-06-03,,
006N400000h5nk6IAA,001N400000IxnIbIAJ,Poliedro,297751.92,2026-06-03,2026-06-25,2026-06-03 18:53:01,5,5,5,Oportunidade perdida,lost,22,0,4,0,0,0.0,Prospecção,250-500,B - Aceleração,725.0,Média,86.0,99.0,74.0,0.0,Contagem,MG,Censo Escolar 2021,Não segue orientação religiosa específica,,0054v00000EkfjPAAR,R$ 500 a R$ 1.000,2028,Farias Brito,6.0,1.0,3 - Não,,,2.0,2026-06-03,Satisfação com preço do atual parceiro,0.0
006N400000h6om9IAA,001N400000NlAVaIAN,Polígono,88307.42,2026-06-03,2026-07-28,2026-06-03 19:21:37,2,2,2,Oportunidade perdida,lost,55,0,1,0,0,55.0,Prospecção,0-250,D - Capilaridade,475.0,Não prioritária,52.0,76.0,29.0,0.0,Barbalha,CE,Censo Escolar 2023,,,005N400000P9zIoIAJ,Sem informação,Sem Dados,Formando Cidadãos,5.0,1.0,1 - Sim,,,1.0,2026-07-28,Existe um contrato de longo prazo,0.0
006N400000hEQJdIAO,001N400000NlGIhIAN,Poliedro,570949.02,2026-06-05,2026-07-06,2026-06-05 14:42:30,3,3,3,Validação pedagógica,open,31,0,2,0,0,0.0,,,,,,,,,,,,,,,,,,,,1.0,3 - Não,,,1.0,2026-07-06,,
006N400000hLZi0IAG,001N400000NlGAZIA3,Poliedro,128662.92,2026-06-07,2026-08-10,2026-06-07 14:26:36,3,3,3,Validação pedagógica,open,64,0,2,0,0,0.0,Prospecção,500-750,B - Aceleração,700.0,Alta,227.0,287.0,67.0,51.0,Rio de Janeiro,RJ,Censo Escolar 2023,Católica,Rede Missionárias Servas do Espírito Santo,005N400000CUSPxIAP,R$ 1.000 a R$ 1.500,2026,Livros Didáticos,4.0,1.0,3 - Não,,,1.0,2026-08-10,,
006N400000hNH94IAG,001N400000BdAFiIAN,Conviver,69106.71,2026-06-08,2026-07-03,2026-06-08 01:19:00,2,2,2,Material entregue,open,25,0,1,0,0,25.0,Prospecção,250-500,C - Estruturação,600.0,Média,73.0,184.0,15.0,0.0,Vila Velha,ES,Censo Escolar 2021,Católica,Rede Santa Catarina,005N400000HLGCrIAP,R$ 500 a R$ 1.000,2028,SAE Digital,5.0,1.0,3 - Não,,,2.0,2026-08-10,,
006N400000hPEv4IAG,001N400000AKEFgIAP,Polígono,636574.3,2026-06-08,2026-06-15,2026-06-08 12:04:38,2,2,2,Oportunidade perdida,lost,7,0,1,0,0,7.0,Prospecção,750-1.000,C - Estruturação,575.0,Baixa,407.0,174.0,0.0,237.0,São Bernardo do Campo,SP,Censo Escolar/Fale conosco,Não segue orientação religiosa específica,,005N400000P4NcLIAV,R$ 500 a R$ 1.000,2028,Positivo,2.0,1.0,3 - Não,,,1.0,2026-06-15,Escola encerrou suas atividades,0.0
006N400000hPdyHIAS,001N400000heg1fIAA,Polígono,16254.16,2026-06-08,2026-08-12,2026-06-08 12:29:29,3,3,3,Oportunidade perdida,lost,65,0,2,0,0,58.0,Prospecção,0-250,D - Capilaridade,450.0,Não prioritária,0.0,0.0,20.0,0.0,Osasco,SP,Censo Escolar 2023,,,005N400000OePRkIAN,Sem informação,Sem Dados,Sem Dados,1.0,1.0,3 - Não,,,1.0,2026-08-12,Escola parou de responder,0.0
006N400000hSe6dIAC,001N400000bRsdVIAS,Poliedro,0.0,2026-06-08,2026-06-22,2026-06-08 17:32:51,4,4,4,Oportunidade perdida,lost,14,0,3,0,0,14.0,Prospecção,Sem Dados,D - Capilaridade,225.0,Alta,0.0,0.0,0.0,0.0,Três Lagoas,MS,Prospeccao_ativa,,,005N400000OGlrZIAT,R$ 1.000 a R$ 1.500,2028,Sem Dados,7.0,1.0,1 - Sim,,,2.0,2026-06-22,Satisfação com serviço do atual parceiro,0.0
006N400000hTtLKIA0,001N400000uPGscIAG,Poliedro,99775.8,2026-06-08,2026-07-03,2026-06-08 18:50:20,4,4,4,Proposta tabela,open,25,0,3,0,0,3.0,Prospecção,Sem Dados,Sem Clusterização Comercial em 2026,0.0,Não prioritária,0.0,0.0,0.0,0.0,Valinhos,SP,SDR,Não segue orientação religiosa específica,,005N400000Dj7E2IAJ,R$ 500 a R$ 1.000,2026,Material Próprio,10.0,1.0,1 - Sim,,,1.0,2026-07-03,,
006N400000hULO6IAO,001N400000NlF4SIAV,Conviver,59782.86,2026-06-08,2026-07-08,2026-06-08 22:00:36,2,2,2,Oportunidade perdida,lost,30,0,1,0,0,30.0,Prospecção,500-750,C - Estruturação,575.0,Alta,245.0,278.0,29.0,68.0,Porto Alegre,RS,Censo Escolar 2023,Católica,Rede Franciscana Bernardina,005N40000035kTVIAY,R$ 1.000 a R$ 1.500,2027,Uno Educação,8.0,1.0,1 - Sim,2.0,Conexões 13/04 a 15/04 | Relatório Enem,2.0,2026-07-08,Pacote agressivo de benefícios do concorrente,0.0
006N400000hUeP4IAK,001N400000fOrWhIAK,Polígono,0.0,2026-06-08,2026-06-08,2026-06-08 19:08:33,1,1,1,Solicitação de material,open,0,0,0,0,0,,,,,,,,,,,,,,,,,,,,,1.0,3 - Não,,,1.0,2026-06-08,,
006N400000hZP9IIAW,0014v00002fEdzlAAC,Conviver,0.0,2026-06-09,2026-07-22,2026-06-09 14:33:56,2,2,2,Oportunidade perdida,lost,43,0,1,0,0,43.0,,,,,,,,,,,,,,,,,,,,1.0,3 - Não,,,1.0,2026-07-22,Satisfação com serviço do atual parceiro,0.0
006N400000haVu9IAE,0014v00002UiCsKAAV,Conviver,0.0,2026-06-09,2026-08-07,2026-06-09 14:34:55,2,2,2,Oportunidade perdida,lost,59,0,1,0,0,59.0,,,,,,,,,,,,,,,,,,,,1.0,3 - Não,,,1.0,2026-08-07,Escola não adota sistema de ensino,0.0
006N400000hayWLIAY,001N400000BZnqjIAD,Poliedro,810172.5,2026-06-09,2026-06-22,2026-06-09 15:11:09,3,3,3,Validação pedagógica,open,13,0,2,0,0,4.0,Prospecção,750-1.000,B - Aceleração,775.0,Alta,408.0,241.0,58.0,164.0,Garanhuns,PE,Censo Escolar 2021,Católica,,0056g00000468kkAAA,R$ 100 a R$ 500,2026,Farias Brito,6.0,1.0,1 - Sim,1.0,Relatório Enem,2.0,2026-06-22,,
006N400000hbFlhIAE,001N400000BZnqjIAD,Conviver,197981.02,2026-06-09,2026-06-22,2026-06-09 15:42:21,3,3,3,Validação pedagógica,open,13,0,2,0,0,0.0,Prospecção,750-1.000,B - Aceleração,775.0,Alta,408.0,241.0,58.0,164.0,Garanhuns,PE,Censo Escolar 2021,Católica,,0056g00000468kkAAA,R$ 100 a R$ 500,2026,Farias Brito,6.0,1.0,1 - Sim,1.0,Relatório Enem,2.0,2026-06-22,,
006N400000hbRgYIAU,001N400000NlDGQIA3,Polígono,98942.6,2026-06-09,2026-07-03,2026-06-09 17:11:14,4,4,4,Oportunidade perdida,lost,24,0,3,0,0,24.0,Prospecção,0-250,D - Capilaridade,475.0,Não prioritária,0.0,124.0,36.0,0.0,São Luís,MA,Censo Escolar 2023,Não segue orientação religiosa específica,,0054v00000DjxE1AAJ,R$ 0 a R$ 500,2028,Editora do Brasil,3.0,1.0,3 - Não,1.0,Inbound Poliedro 2026,1.0,2026-07-03,Renovou com atual parceiro,0.0
006N400000hcSnJIAU,001N400000hei9BIAQ,Polígono,26614.8,2026-06-09,2026-06-09,2026-06-09 17:33:16,1,1,1,Solicitação de material,open,0,0,0,0,0,,Prospecção,0-250,C - Estruturação,500.0,Não prioritária,0.0,46.0,16.0,0.0,Ipatinga,MG,Censo Escolar 2023,Não segue orientação religiosa específica,,005N400000OGlMvIAL,R$ 500 a R$ 1.000,2026,Material Próprio,1.0,1.0,3 - Não,1.0,Inbound Poliedro 2026,1.0,2026-06-09,,
006N400000hdJIAIA2,001N400000NlAiQIAV,Poliedro,170640.0,2026-06-09,2026-07-29,2026-06-09 20:26:53,4,4,4,Oportunidade perdida,lost,50,0,3,0,0,29.0,Prospecção,0-250,C - Estruturação,625.0,Média,0.0,146.0,51.0,0.0,Timbó,SC,Censo Escolar 2023,,,005N400000PJiOjIAL,Sem informação,Sem Dados,Sem Dados,3.0,1.0,3 - Não,,,3.0,2026-07-29,Preço de venda abaixo do perfil do sistema de ensino,0.0
006N400000hdJdAIAU,001N400000toDNPIA2,Poliedro,261835.6,2026-06-09,2026-07-30,2026-06-09 19:40:21,4,4,4,Oportunidade perdida,lost,51,0,3,0,0,23.0,Prospecção,Sem Dados,Sem Clusterização Comercial em 2026,0.0,Não prioritária,0.0,0.0,0.0,0.0,Brasília,DF,Fale Conosco,Não segue orientação religiosa específica,,005N400000PA8nVIAT,R$ 1.000 a R$ 1.500,2026,SAS,3.0,1.0,3 - Não,1.0,Inbound Poliedro 2026,1.0,2026-07-30,Satisfação com serviço do atual parceiro,0.0
006N400000hdgZiIAI,001N400000heVUoIAM,Poliedro,139851.0,2026-06-09,2026-07-29,2026-06-09 20:34:40,3,3,3,Validação pedagógica,open,50,0,2,0,0,0.0,Prospecção,0-250,C - Estruturação,550.0,Não prioritária,0.0,0.0,0.0,57.0,Montes Claros,MG,Censo Escolar 2023,,Centro Educacional Minas Ltda,005N400000OGlMvIAL,Sem informação,Sem Dados,Sem Dados,1.0,1.0,3 - Não,,,1.0,2026-07-29,,
006N400000heBjyIAE,001N400000NlAiQIAV,Polígono,247056.0,2026-06-09,2026-07-29,2026-06-09 20:26:12,5,5,5,Proposta personalizada,open,50,0,4,0,0,0.0,Prospecção,0-250,C - Estruturação,625.0,Média,0.0,146.0,51.0,0.0,Timbó,SC,Censo Escolar 2023,,,005N400000PJiOjIAL,Sem informação,Sem Dados,Sem Dados,3.0,1.0,3 - Não,,,3.0,2026-07-29,Preço de venda abaixo do perfil do sistema de ensino,
006N400000heE9yIAE,001N400000NlAiQIAV,Conviver,75377.17,2026-06-09,2026-07-29,2026-06-09 20:27:36,5,5,5,Proposta personalizada,open,50,0,4,0,0,0.0,Prospecção,0-250,C - Estruturação,625.0,Média,0.0,146.0,51.0,0.0,Timbó,SC,Censo Escolar 2023,,,005N400000PJiOjIAL,Sem informação,Sem Dados,Sem Dados,3.0,1.0,3 - Não,,,3.0,2026-07-29,Preço de venda abaixo do perfil do sistema de ensino,
006N400000heT7OIAU,001N400000NlAVKIA3,Polígono,172020.04,2026-06-09,2026-07-23,2026-06-09 21:23:33,4,4,4,Oportunidade perdida,lost,44,0,3,0,0,8.0,Prospecção,250-500,C - Estruturação,600.0,Média,61.0,186.0,67.0,0.0,Juazeiro do Norte,CE,Censo Escolar 2023,Não segue orientação religiosa específica,,005N400000P9zIoIAJ,R$ 0 a R$ 500,2028,Sucesso,5.0,1.0,1 - Sim,1.0,Diálogos Juazeiro do Norte 2026-05-27,1.0,2026-07-23,Preço de venda abaixo do perfil do sistema de ensino,0.0
006N400000hjJwzIAE,001N400000uiYCDIA2,Polígono,636574.3,2026-06-10,2026-07-28,2026-06-10 14:52:27,3,3,3,Validação pedagógica,open,48,0,2,0,0,0.0,Prospecção,Sem Dados,Sem Clusterização Comercial em 2026,0.0,Baixa,0.0,0.0,0.0,0.0,São Bernardo do Campo,SP,SDR,Não segue orientação religiosa específica,,005N400000P4NcLIAV,R$ 500 a R$ 1.000,2028,Positivo,1.0,1.0,3 - Não,,,1.0,2026-07-28,,
006N400000hjM24IAE,001N400000hf3f7IAA,Polígono,221485.72,2026-06-10,2026-08-14,2026-06-10 17:26:57,6,6,6,Negociação e ajuste financeiro,open,65,0,5,0,0,0.0,Prospecção,0-250,D - Capilaridade,350.0,Não prioritária,0.0,0.0,0.0,33.0,Presidente Prudente,SP,Censo Escolar 2023,,,005N400000OeNBQIA3,Sem informação,Sem Dados,Sem Dados,3.0,1.0,3 - Não,,,1.0,2026-08-14,,
006N400000hjporIAA,001N400000heZWdIAM,Polígono,24956.89,2026-06-10,2026-08-05,2026-06-10 17:17:35,5,5,5,Oportunidade perdida,lost,56,0,4,0,0,51.0,Prospecção,0-250,D - Capilaridade,400.0,Não prioritária,0.0,0.0,5.0,0.0,Presidente Prudente,SP,Censo Escolar 2023,,,005N400000OeNBQIA3,Sem informação,Sem Dados,Sem Dados,3.0,1.0,3 - Não,,,1.0,2026-08-05,,0.0
006N400000hnbYkIAI,001N400000heoboIAA,Poliedro,642289.11,2026-06-10,2026-08-10,2026-06-10 23:31:57,3,3,3,Validação pedagógica,open,61,0,2,0,0,38.0,Prospecção,500-750,C - Estruturação,600.0,Média,269.0,140.0,22.0,107.0,Marília,SP,Censo Escolar 2023,Evangélica,,005N400000HLGCrIAP,R$ 1.000 a R$ 1.500,2027,Mackenzie,7.0,1.0,3 - Não,,,3.0,2026-08-10,,
006N400000hnkCDIAY,001N400000heoboIAA,Polígono,387572.22,2026-06-10,2026-08-10,2026-06-10 23:36:06,3,3,3,Validação pedagógica,open,61,0,2,0,0,38.0,Prospecção,500-750,C - Estruturação,600.0,Média,269.0,140.0,22.0,107.0,Marília,SP,Censo Escolar 2023,Evangélica,,005N400000HLGCrIAP,R$ 1.000 a R$ 1.500,2027,Mackenzie,7.0,1.0,3 - Não,,,3.0,2026-08-10,,
006N400000hnkIfIAI,001N400000heoboIAA,Conviver,113609.89,2026-06-10,2026-07-03,2026-06-10 23:37:34,2,2,2,Material entregue,open,23,0,1,0,0,23.0,Prospecção,500-750,C - Estruturação,600.0,Média,269.0,140.0,22.0,107.0,Marília,SP,Censo Escolar 2023,Evangélica,,005N400000HLGCrIAP,R$ 1.000 a R$ 1.500,2027,Mackenzie,7.0,1.0,3 - Não,,,3.0,2026-08-10,,
006N400000hr5qSIAQ,001N400000hev5VIAQ,Polígono,186711.34,2026-06-11,2026-08-13,2026-06-11 14:25:07,4,4,4,Proposta tabela,open,63,0,3,0,0,36.0,Prospecção,0-250,D - Capilaridade,350.0,Não prioritária,0.0,0.0,73.0,0.0,Brasília,DF,Censo Escolar 2023,,,005N400000PA8nVIAT,Sem informação,Sem Dados,Sem Dados,7.0,1.0,3 - Não,,,1.0,2026-08-13,,
006N400000hrNAkIAM,001N400000MyqNMIAZ,Poliedro,622225.5,2026-06-11,2026-08-14,2026-06-11 15:56:04,4,4,4,Oportunidade perdida,lost,64,0,3,0,0,24.0,Prospecção,250-500,C - Estruturação,550.0,Alta,149.0,231.0,87.0,0.0,Santarém,PA,Censo Escolar 2021,Não segue orientação religiosa específica,,005N400000NsHxxIAF,R$ 500 a R$ 1.000,2027,Livros Didáticos,3.0,1.0,1 - Sim,,,1.0,2026-08-14,Escola não adota sistema de ensino,0.0
006N400000htNg2IAE,0014v00002KvZ6xAAF,Poliedro,375573.6,2026-06-11,2026-08-13,2026-06-11 18:01:32,2,2,2,Oportunidade perdida,lost,63,0,1,0,0,63.0,Prospecção,250-500,C - Estruturação,575.0,Média,0.0,360.0,0.0,0.0,Teresina,PI,Censo Escolar 2019,Não segue orientação religiosa específica,,0054v00000DjxE1AAJ,R$ 500 a R$ 1.000,2027,SAS,1.0,1.0,3 - Não,,,1.0,2026-08-13,Satisfação com serviço do atual parceiro,0.0
006N400000htV8uIAE,0016g00000BIRc4AAH,Polígono,20997.0,2026-06-11,2026-06-19,2026-06-11 19:18:16,4,4,4,Proposta tabela,open,8,0,3,0,0,0.0,,,,,,,,,,,,,,,,,,,,1.0,3 - Não,,,2.0,2026-07-20,Escola não adota sistema de ensino,
006N400000hxiqiIAA,001N400000unFSJIA2,Poliedro,36414.4,2026-06-12,2026-08-10,2026-06-12 15:35:26,3,3,3,Validação pedagógica,open,59,0,2,0,0,38.0,Prospecção,0-250,Sem Clusterização Comercial em 2026,0.0,Média,0.0,0.0,18.0,0.0,Marília,SP,Prospeccao_ativa,Não segue orientação religiosa específica,,005N400000HLGCrIAP,Sem informação,Sem Dados,Sem Dados,6.0,1.0,3 - Não,,,2.0,2026-08-14,,
006N400000hyoZ5IAI,001N400000v45RkIAI,Polígono,221650.57,2026-06-12,2026-06-15,2026-06-12 13:04:07,13,13,13,Contrato assinado,won,3,2,10,0,0,0.0,Prospecção,Sem Dados,Sem Clusterização Comercial em 2026,0.0,Não prioritária,0.0,0.0,0.0,0.0,São João de Meriti,RJ,Prospeccao_ativa,,,005N400000DAfNPIA1,Sem informação,Sem Dados,Sem Dados,12.0,1.0,3 - Não,,,1.0,2026-06-15,,1.0
006N400000hzxqQIAQ,001N400000unFSJIA2,Polígono,25006.4,2026-06-12,2026-08-10,2026-06-12 15:34:26,2,2,2,Material entregue,open,59,0,1,0,0,59.0,Prospecção,0-250,Sem Clusterização Comercial em 2026,0.0,Média,0.0,0.0,18.0,0.0,Marília,SP,Prospeccao_ativa,Não segue orientação religiosa específica,,005N400000HLGCrIAP,Sem informação,Sem Dados,Sem Dados,6.0,1.0,3 - Não,,,2.0,2026-08-14,,
006N400000i0YQ9IAM,001N400000unFSJIA2,Conviver,19681.6,2026-06-12,2026-08-10,2026-06-12 15:36:08,3,3,3,Validação pedagógica,open,59,0,2,0,0,38.0,Prospecção,0-250,Sem Clusterização Comercial em 2026,0.0,Média,0.0,0.0,18.0,0.0,Marília,SP,Prospeccao_ativa,Não segue orientação religiosa específica,,005N400000HLGCrIAP,Sem informação,Sem Dados,Sem Dados,6.0,1.0,3 - Não,,,2.0,2026-08-14,,
006N400000i2XL9IAM,0014v00002NCiN0AAL,Conviver,219464.0,2026-06-12,2026-08-07,2026-06-12 20:02:51,5,5,5,Oportunidade perdida,lost,56,0,4,0,0,2.0,Prospecção,250-500,C - Estruturação,575.0,Alta,193.0,163.0,0.0,79.0,Belo Horizonte,MG,Censo Escolar 2019,Não segue orientação religiosa específica,,005N400000OGlMvIAL,R$ 1.500 a R$ 2.000,2027,SAS,3.0,1.0,3 - Não,,,1.0,2026-08-07,Satisfação com serviço do atual parceiro,0.0
006N400000i2eb8IAA,001N400000B379tIAB,Poliedro,811076.01,2026-06-12,2026-07-27,2026-06-12 19:18:33,6,6,6,Oportunidade perdida,lost,45,0,5,0,0,6.0,Prospecção,0-250,B - Aceleração,675.0,Média,0.0,0.0,0.0,236.0,Montes Claros,MG,Censo Escolar 2021,Não segue orientação religiosa específica,,005N400000OGlMvIAL,R$ 1.000 a R$ 1.500,2028,Bernoulli,4.0,1.0,3 - Não,1.0,Inbound Poliedro 2026,1.0,2026-07-27,Satisfação com serviço do atual parceiro,0.0
006N400000i30BsIAI,0014v00002jewyhAAA,Poliedro,342749.79,2026-06-12,2026-07-27,2026-06-12 20:20:35,3,3,3,Validação pedagógica,open,45,0,2,0,0,0.0,Prospecção,250-500,B - Aceleração,675.0,Média,113.0,138.0,49.0,0.0,São Gabriel da Palha,ES,Censo Escolar 2021,Não segue orientação religiosa específica,,0054v00000DvfXIAAZ,R$ 1.000 a R$ 1.500,2027,Bernoulli,3.0,1.0,3 - Não,,,1.0,2026-07-27,,
006N400000i35pqIAA,0014v00002qkeW2AAI,Poliedro,539262.1,2026-06-12,2026-08-12,2026-06-12 21:06:17,4,4,4,Oportunidade perdida,lost,61,0,3,0,0,37.0,Prospecção,250-500,B - Aceleração,700.0,Média,158.0,255.0,0.0,56.0,Santa Cruz do Sul,RS,Censo Escolar 2021,Não segue orientação religiosa específica,,005N400000OGlrZIAT,R$ 500 a R$ 1.000,2028,Anglo,5.0,1.0,3 - Não,1.0,Relatório Enem,2.0,2026-08-12,Satisfação com serviço do atual parceiro,0.0
006N400000i3lyjIAA,0014v00002qkeW2AAI,Conviver,99846.5,2026-06-12,2026-08-12,2026-06-12 21:09:03,4,4,4,Oportunidade perdida,lost,61,0,3,0,0,37.0,Prospecção,250-500,B - Aceleração,700.0,Média,158.0,255.0,0.0,56.0,Santa Cruz do Sul,RS,Censo Escolar 2021,Não segue orientação religiosa específica,,005N400000OGlrZIAT,R$ 500 a R$ 1.000,2028,Anglo,5.0,1.0,3 - Não,1.0,Relatório Enem,2.0,2026-08-12,Satisfação com serviço do atual parceiro,0.0
006N400000iCHJwIAO,0014v00002Nso3uAAB,Polígono,1021021.71,2026-06-15,2026-08-04,2026-06-15 15:55:47,6,6,6,Oportunidade perdida,lost,50,0,5,0,0,28.0,Prospecção,750-1.000,A - Referência,900.0,Alta,351.0,410.0,87.0,66.0,São Carlos,SP,Censo Escolar 2019,Católica,Rede La Salle,0056g0000034OkkAAE,R$ 1.500 a R$ 2.000,2028,COC,20.0,1.0,3 - Não,1.0,Estudo de Geomarketing,3.0,2026-08-04,Análise de Impacto de Escola Associada | Satisfação com serviço do atual parceiro,0.0
006N400000iD6O4IAK,001N400000H2X6IIAV,Polígono,243794.0,2026-06-15,2026-07-17,2026-06-15 16:52:26,3,3,3,Validação pedagógica,open,32,0,2,0,0,0.0,Prospecção,0-250,B - Aceleração,675.0,Alta,75.0,90.0,24.0,31.0,Palmeira Dos Índios,AL,Censo Escolar 2021,Não segue orientação religiosa específica,,0056g0000034OkZAAU,R$ 100 a R$ 500,2026,Positivo,5.0,1.0,1 - Sim,1.0,Inbound Poliedro 2026,2.0,2026-07-17,,
006N400000iDU3rIAG,001N400000hew0CIAQ,Polígono,386147.28,2026-06-15,2026-07-03,2026-06-15 17:54:36,3,3,3,Validação pedagógica,open,18,0,2,0,0,0.0,Prospecção,0-250,D - Capilaridade,425.0,Não prioritária,0.0,152.0,50.0,0.0,Araçatuba,SP,Censo Escolar 2023,Não segue orientação religiosa específica,,005N400000OeNBQIA3,R$ 1.500 a R$ 2.000,2027,Positivo,4.0,1.0,2 - Agendado,,,2.0,2026-07-03,Análise de Impacto de Escola Associada,
006N400000iDvbpIAC,001N400000H2X6IIAV,Conviver,76805.0,2026-06-15,2026-07-17,2026-06-15 16:56:48,3,3,3,Validação pedagógica,open,32,0,2,0,0,0.0,Prospecção,0-250,B - Aceleração,675.0,Alta,75.0,90.0,24.0,31.0,Palmeira Dos Índios,AL,Censo Escolar 2021,Não segue orientação religiosa específica,,0056g0000034OkZAAU,R$ 100 a R$ 500,2026,Positivo,5.0,1.0,1 - Sim,1.0,Inbound Poliedro 2026,2.0,2026-07-17,,
006N400000iEqv6IAC,001N400000FdhEGIAZ,Polígono,139560.4,2026-06-15,2026-08-05,2026-06-15 18:51:18,4,4,4,Oportunidade perdida,lost,51,0,3,0,0,2.0,Prospecção,250-500,C - Estruturação,575.0,Alta,42.0,164.0,63.0,0.0,Juiz de Fora,MG,Censo Escolar 2021,,,005N400000OGlMvIAL,R$ 500 a R$ 1.000,2026,Pitágoras,1.0,1.0,3 - Não,1.0,Diálogos Juiz de Fora 2026-07-02,1.0,2026-08-05,,0.0
006N400000iFvaxIAC,001N400000hIZeaIAG,Polígono,63766.32,2026-06-15,2026-08-07,2026-06-15 20:24:56,3,3,3,Validação pedagógica,open,53,0,2,0,0,22.0,Prospecção,Acima de 1.000,B - Aceleração,775.0,Alta,345.0,349.0,126.0,227.0,Varginha,MG,Censo Escolar 2021,Evangélica,,005N40000035kTVIAY,R$ 1.000 a R$ 1.500,2026,SAS,7.0,1.0,1 - Sim,,,2.0,2026-08-07,,
006N400000iGGvVIAW,001N400000hIZeaIAG,Poliedro,1206087.13,2026-06-15,2026-07-30,2026-06-15 20:19:38,3,3,3,Validação pedagógica,open,45,0,2,0,0,14.0,Prospecção,Acima de 1.000,B - Aceleração,775.0,Alta,345.0,349.0,126.0,227.0,Varginha,MG,Censo Escolar 2021,Evangélica,,005N40000035kTVIAY,R$ 1.000 a R$ 1.500,2026,SAS,7.0,1.0,1 - Sim,,,2.0,2026-08-07,,
006N400000iOURqIAO,001N400000Gl7GAIAZ,Conviver,121027.6,2026-06-16,2026-07-17,2026-06-16 21:59:52,3,3,3,Validação pedagógica,open,31,0,2,0,0,0.0,Prospecção,500-750,B - Aceleração,750.0,Alta,178.0,253.0,53.0,62.0,Jaboatão dos Guararapes,PE,Censo Escolar 2021,Não segue orientação religiosa específica,,0056g0000034OkZAAU,R$ 2.000 a R$ 2.500,2025,PH,2.0,1.0,3 - Não,,,1.0,2026-07-17,,
006N400000iQCnPIAW,001N400000heiRkIAI,Polígono,73413.76,2026-06-17,2026-08-13,2026-06-17 13:04:52,2,2,2,Oportunidade perdida,lost,57,0,1,0,0,57.0,Prospecção,0-250,C - Estruturação,500.0,Não prioritária,0.0,95.0,52.0,0.0,Inhumas,GO,Censo Escolar 2023,,,0056g0000034OkWAAU,Sem informação,Sem Dados,Sem Dados,3.0,1.0,3 - Não,,,1.0,2026-08-13,Existe um contrato de longo prazo,0.0
006N400000iQFlHIAW,0014v00002rtOtWAAU,Polígono,81176.41,2026-06-17,2026-06-17,2026-06-17 12:30:27,4,4,4,Proposta tabela,open,0,0,3,0,0,0.0,Prospecção,0-250,C - Estruturação,625.0,Não prioritária,23.0,90.0,35.0,0.0,Rio de Janeiro,RJ,Censo Escolar/Fale conosco,Não segue orientação religiosa específica,,005N400000DAfNPIA1,R$ 500 a R$ 1.000,2026,Irium Educação,2.0,1.0,3 - Não,,,1.0,2026-06-17,,
006N400000iQys2IAC,001N400000E92vQIAR,Conviver,77086.6,2026-06-17,2026-07-22,2026-06-17 12:45:29,3,3,3,Validação pedagógica,open,35,0,2,0,0,0.0,Prospecção,250-500,B - Aceleração,675.0,Média,134.0,107.0,56.0,77.0,Rio Bonito,RJ,Censo Escolar 2021,Não segue orientação religiosa específica,Liverpool,005N400000Of55xIAB,R$ 1.000 a R$ 1.500,2028,Maxi,6.0,1.0,3 - Não,,,2.0,2026-07-22,Escola vendida para grupo educacional,
006N400000iR33iIAC,001N400000ntvPiIAI,Conviver,38871.16,2026-06-17,2026-07-22,2026-06-17 12:59:41,3,3,3,Validação pedagógica,open,35,0,2,0,0,0.0,Prospecção,Sem Dados,B - Aceleração,0.0,Alta,0.0,0.0,0.0,0.0,Itaperuna,RJ,SDR,Não segue orientação religiosa específica,Liverpool,005N400000Of55xIAB,R$ 1.500 a R$ 2.000,2027,Anglo,3.0,1.0,3 - Não,,,1.0,2026-07-22,,
006N400000iRcO2IAK,0014v00002KvpcmAAB,Poliedro,1218738.34,2026-06-17,2026-08-13,2026-06-17 13:16:07,3,3,3,Validação pedagógica,open,57,0,2,0,0,0.0,Prospecção,Acima de 1.000,A - Referência,950.0,Alta,297.0,512.0,196.0,134.0,Trindade,GO,Censo Escolar 2019,Católica,,0056g0000034OkWAAU,R$ 1.000 a R$ 1.500,2030,Bernoulli,2.0,,,,,1.0,2026-08-13,,
006N400000iU9iwIAC,001N400000OB1ghIAD,Polígono,106923.75,2026-06-17,2026-06-25,2026-06-17 18:22:22,5,5,5,Proposta personalizada,open,8,0,4,0,0,7.0,Prospecção,0-250,C - Estruturação,550.0,Não prioritária,100.0,23.0,0.0,0.0,Campo Grande,MS,Censo Escolar 2023,,,005N400000OGlrZIAT,Sem informação,Sem Dados,SAS,8.0,1.0,1 - Sim,,,2.0,2026-06-25,Satisfação com serviço do atual parceiro,
006N400000iUKJJIA4,0014v00002mxg8hAAA,Polígono,120734.8,2026-06-17,2026-07-16,2026-06-17 17:18:34,3,3,3,Validação pedagógica,open,29,0,2,0,0,0.0,Prospecção,250-500,C - Estruturação,525.0,Alta,119.0,191.0,0.0,37.0,Almirante Tamandaré,PR,Censo Escolar 2021,Evangélica,Instituto Reformista De Ensino Isaac Newton Paranaense,005N40000035kTVIAY,R$ 500 a R$ 1.000,2026,FTD,4.0,1.0,1 - Sim,,,1.0,2026-07-16,,
006N400000iUgq9IAC,001N400000hevvkIAA,Polígono,7814.5,2026-06-17,2026-06-17,2026-06-17 18:31:50,1,1,1,Solicitação de material,open,0,0,0,0,0,,Prospecção,0-250,D - Capilaridade,400.0,Baixa,0.0,0.0,15.0,0.0,Curitiba,PR,Censo Escolar 2023,Não segue orientação religiosa específica,,005N400000Q8sVmIAJ,R$ 500 a R$ 1.000,2026,Material Próprio,2.0,1.0,3 - Não,1.0,Inbound Poliedro 2026,1.0,2026-06-17,,
006N400000iVW5ZIAW,001N400000I3RR9IAN,Polígono,285735.2,2026-06-17,2026-07-17,2026-06-17 21:02:19,3,3,3,Validação pedagógica,open,30,0,2,0,0,0.0,Prospecção,250-500,C - Estruturação,550.0,Média,135.0,98.0,27.0,86.0,Recife,PE,Censo Escolar 2021,Não segue orientação religiosa específica,,0056g0000034OkZAAU,R$ 100 a R$ 500,2026,Amplia,4.0,1.0,3 - Não,,,2.0,2026-07-17,,
006N400000iWhgPIAS,001N400000JkLUrIAN,Polígono,202233.89,2026-06-17,2026-06-22,2026-06-17 22:44:10,5,5,5,Proposta personalizada,open,5,0,4,0,0,4.0,Prospecção,250-500,C - Estruturação,625.0,Média,194.0,86.0,0.0,134.0,Rio de Janeiro,RJ,Censo Escolar 2021,Não segue orientação religiosa específica,Grupo Freinet Ltda,005N400000DAfNPIA1,R$ 1.000 a R$ 1.500,2026,SAE Digital,9.0,1.0,3 - Não,2.0,Inbound Poliedro 2026 | Relatório Enem,1.0,2026-06-22,,
006N400000iWnVhIAK,001N400000NlLroIAF,Poliedro,110980.95,2026-06-17,2026-06-26,2026-06-17 23:18:42,6,6,6,Oportunidade perdida,lost,9,0,5,0,0,9.0,Prospecção,250-500,C - Estruturação,625.0,Média,117.0,144.0,26.0,35.0,São Bernardo do Campo,SP,Censo Escolar 2023,Não segue orientação religiosa específica,,005N400000OePRkIAN,R$ 500 a R$ 1.000,2027,Positivo,6.0,1.0,3 - Não,,,2.0,2026-06-26,,0.0
006N400000iWzAHIA0,001N400000OB1ghIAD,Poliedro,232887.69,2026-06-18,2026-06-25,2026-06-18 00:00:35,5,5,5,Oportunidade perdida,lost,7,0,4,0,0,7.0,Prospecção,0-250,C - Estruturação,550.0,Não prioritária,100.0,23.0,0.0,0.0,Campo Grande,MS,Censo Escolar 2023,,,005N400000OGlrZIAT,Sem informação,Sem Dados,SAS,8.0,1.0,1 - Sim,,,2.0,2026-06-25,Satisfação com serviço do atual parceiro,0.0
006N400000iXWarIAG,0014v00002gjUcMAAU,Polígono,259077.4,2026-06-18,2026-07-03,2026-06-18 04:33:57,3,3,3,Validação pedagógica,open,15,0,2,0,0,0.0,Prospecção,250-500,C - Estruturação,500.0,Média,130.0,214.0,54.0,0.0,Lages,SC,Censo Escolar 2021,Não segue orientação religiosa específica,,005N400000Q8sVmIAJ,R$ 1.000 a R$ 1.500,2040,Material Próprio,,1.0,3 - Não,2.0,Estudo de Geomarketing | Imersão 2026-07-01 Polígono,1.0,2026-07-03,,
006N400000iYs9ZIAS,001N400000hedGBIAY,Poliedro,60064.84,2026-06-18,2026-08-13,2026-06-18 13:47:10,5,5,5,Proposta personalizada,open,56,0,4,0,0,49.0,Prospecção,0-250,D - Capilaridade,450.0,Não prioritária,0.0,0.0,73.0,0.0,Campo Grande,MS,Censo Escolar 2023,Não segue orientação religiosa específica,Ajel Educacional Ltda,005N400000OGlrZIAT,R$ 1.000 a R$ 1.500,2028,Maxi,5.0,1.0,1 - Sim,,,2.0,2026-08-13,,
006N400000ibGR3IAM,001N400000deKPlIAM,Poliedro,0.0,2026-06-18,2026-06-18,2026-06-18 15:25:18,1,1,1,Solicitação de material,open,0,0,0,0,0,,Prospecção,500-750,C - Estruturação,575.0,Alta,157.0,368.0,151.0,49.0,Catalão,GO,Censo Escolar 2021,Católica,Rede Agostiniana,0056g0000034OkWAAU,R$ 500 a R$ 1.000,2027,Farias Brito,1.0,1.0,3 - Não,,,1.0,2026-06-18,,
006N400000ibaeNIAQ,001N400000NlDEVIA3,Polígono,498300.12,2026-06-18,2026-06-18,2026-06-18 16:53:35,1,1,1,Solicitação de material,open,0,0,0,0,0,,Prospecção,0-250,C - Estruturação,525.0,Não prioritária,61.0,100.0,33.0,0.0,Fortaleza,CE,Censo Escolar 2023,Não segue orientação religiosa específica,,005N400000P9zIoIAJ,R$ 0 a R$ 500,2026,Livros Didáticos,4.0,1.0,1 - Sim,1.0,Inbound Poliedro 2026,1.0,2026-06-18,,
006N400000icvvDIAQ,001N400000AqPHWIA3,Conviver,79396.34,2026-06-18,2026-07-20,2026-06-18 20:36:50,4,4,4,Oportunidade perdida,lost,32,0,3,0,0,0.0,Prospecção,500-750,C - Estruturação,625.0,Alta,242.0,170.0,37.0,120.0,Fortaleza,CE,Censo Escolar 2021,Não segue orientação religiosa específica,,005N400000P9zIoIAJ,R$ 1.000 a R$ 1.500,2026,SAS,5.0,1.0,3 - Não,1.0,Diálogos Fortaleza 2026-04-16,2.0,2026-07-20,Existe um contrato de longo prazo | Pacote agressivo de benefícios do concorrente,0.0
006N400000ie7skIAA,001N400000MiCYjIAN,Polígono,206182.68,2026-06-18,2026-06-18,2026-06-18 19:53:16,1,1,1,Solicitação de material,open,0,0,0,0,0,,Prospecção,250-500,D - Capilaridade,475.0,Média,108.0,156.0,53.0,0.0,Fortaleza,CE,Censo Escolar 2021,,,005N400000P9zIoIAJ,Sem informação,Sem Dados,Sem Dados,6.0,1.0,3 - Não,,,2.0,2026-06-18,Análise de Impacto de Escola Associada,
006N400000ieDrhIAE,001N400000NlLmNIAV,Polígono,404918.08,2026-06-18,2026-08-03,2026-06-18 19:40:22,4,4,4,Oportunidade perdida,lost,46,0,3,0,0,13.0,Prospecção,500-750,B - Aceleração,650.0,Alta,192.0,278.0,58.0,95.0,Guarulhos,SP,Censo Escolar 2023,Não segue orientação religiosa específica,,005N400000P4NcLIAV,R$ 1.500 a R$ 2.000,2027,SAS,5.0,1.0,3 - Não,,,1.0,2026-08-03,Satisfação com serviço do atual parceiro,0.0
006N400000ieIZgIAM,001N400000DPx3uIAD,Poliedro,655606.76,2026-06-18,2026-08-14,2026-06-18 20:09:58,4,4,4,Proposta tabela,open,57,0,3,0,0,0.0,Prospecção,750-1.000,B - Aceleração,775.0,Alta,410.0,395.0,93.0,0.0,Duque de Caxias,RJ,Censo Escolar 2021,Não segue orientação religiosa específica,,005N400000DAfNPIA1,R$ 500 a R$ 1.000,2027,FTD,12.0,1.0,3 - Não,,,2.0,2026-08-14,Satisfação com serviço do atual parceiro,
006N400000iePuUIAU,001N400000BL4qJIAT,Polígono,25974.96,2026-06-18,2026-07-06,2026-06-18 20:06:10,2,2,2,Material entregue,open,18,0,1,0,0,18.0,Prospecção,0-250,D - Capilaridade,375.0,Não prioritária,0.0,0.0,20.0,0.0,Sao paulo,SP,Censo Escolar/Fale conosco,Não segue orientação religiosa específica,,005N40000035sinIAA,R$ 500 a R$ 1.000,2026,FTD,1.0,1.0,3 - Não,1.0,Inbound Poliedro 2026,1.0,2026-07-06,,
006N400000ieiH8IAI,001N400000NlGJZIA3,Poliedro,127264.41,2026-06-18,2026-07-29,2026-06-18 19:58:21,4,4,4,Oportunidade perdida,lost,41,0,3,0,0,1.0,Prospecção,500-750,A - Referência,825.0,Alta,168.0,241.0,80.0,91.0,Parnaíba,PI,Censo Escolar 2023,Não segue orientação religiosa específica,,0054v00000DjxE1AAJ,R$ 500 a R$ 1.000,2026,Bernoulli,2.0,1.0,3 - Não,,,1.0,2026-07-29,Satisfação com serviço do atual parceiro,0.0
006N400000iepSIIAY,001N400000NlGCTIA3,Conviver,41503.63,2026-06-18,2026-07-03,2026-06-18 20:44:23,6,6,6,Negociação e ajuste financeiro,open,15,0,5,0,0,0.0,Prospecção,250-500,B - Aceleração,650.0,Alta,128.0,168.0,73.0,79.0,Guarulhos,SP,Censo Escolar 2023,Não segue orientação religiosa específica,,005N400000P4NcLIAV,R$ 2.000 a R$ 2.500,2026,Livros Didáticos,9.0,1.0,1 - Sim,1.0,Relatório Enem,2.0,2026-07-03,,
006N400000ieysBIAQ,001N400000B7dj9IAB,Polígono,238720.8,2026-06-18,2026-07-17,2026-06-18 20:56:53,3,3,3,Validação pedagógica,open,29,0,2,0,0,0.0,Prospecção,250-500,B - Aceleração,700.0,Alta,158.0,206.0,42.0,0.0,Camaragibe,PE,Censo Escolar 2021,Não segue orientação religiosa específica,,0056g0000034OkZAAU,R$ 0 a R$ 500,2026,SAS,1.0,1.0,3 - Não,,,1.0,2026-07-17,,
006N400000ifmfFIAQ,001N400000B9UVCIA3,Poliedro,511884.07,2026-06-19,2026-07-17,2026-06-19 00:02:46,2,2,2,Oportunidade perdida,lost,28,0,1,0,0,28.0,Prospecção,250-500,A - Referência,825.0,Alta,176.0,224.0,69.0,19.0,Catu,BA,Censo Escolar 2021,Não segue orientação religiosa específica,,005N400000Dew5pIAB,R$ 500 a R$ 1.000,2028,Farias Brito,1.0,1.0,3 - Não,,,1.0,2026-07-17,Escola parou de responder,0.0
006N400000iiO0VIAU,0014v00002cTRiDAAW,Polígono,373327.3,2026-06-19,2026-08-07,2026-06-19 14:01:30,2,2,2,Material entregue,open,49,0,1,0,0,49.0,Prospecção,500-750,B - Aceleração,650.0,Não prioritária,221.0,273.0,144.0,0.0,Caruaru,PE,Censo Escolar 2019,Não segue orientação religiosa específica,,005N400000DAk0TIAT,R$ 0 a R$ 500,2026,Conquista,3.0,1.0,1 - Sim,,,1.0,2026-08-07,,
006N400000ikNEnIAM,0016g00000FXjVoAAL,Conviver,59391.16,2026-06-19,2026-08-12,2026-06-19 16:41:13,7,7,7,Oportunidade perdida,lost,54,0,6,0,0,51.0,Prospecção,500-750,D - Capilaridade,475.0,Alta,178.0,207.0,66.0,104.0,Fortaleza,CE,Censo Escolar 2019,Não segue orientação religiosa específica,,005N400000DAk0TIAT,R$ 500 a R$ 1.000,2026,AZ - Conexia Educação,15.0,1.0,3 - Não,1.0,Imersão 2026-06-23,2.0,2026-08-12,,0.0
006N400000ilODeIAM,001N400000DqVMpIAN,Poliedro,224029.6,2026-06-19,2026-07-03,2026-06-19 18:38:05,6,6,6,Oportunidade perdida,lost,14,0,5,0,0,14.0,Prospecção,250-500,C - Estruturação,575.0,Alta,155.0,260.0,82.0,0.0,São Paulo,SP,Censo Escolar 2021,Não segue orientação religiosa específica,,005N40000035sinIAA,R$ 500 a R$ 1.000,2026,Uno Educação,21.0,1.0,1 - Sim,1.0,Imersão 2026-06-16,3.0,2026-07-03,Pacote agressivo de benefícios do concorrente,0.0
006N400000ilzwPIAQ,001N400000DqVMpIAN,Conviver,119999.45,2026-06-19,2026-07-03,2026-06-19 19:39:26,6,6,6,Oportunidade perdida,lost,14,0,5,0,0,8.0,Prospecção,250-500,C - Estruturação,575.0,Alta,155.0,260.0,82.0,0.0,São Paulo,SP,Censo Escolar 2021,Não segue orientação religiosa específica,,005N40000035sinIAA,R$ 500 a R$ 1.000,2026,Uno Educação,21.0,1.0,1 - Sim,1.0,Imersão 2026-06-16,3.0,2026-07-03,Pacote agressivo de benefícios do concorrente,0.0
006N400000im44rIAA,001N400000NlF6fIAF,Conviver,90313.43,2026-06-19,2026-06-29,2026-06-19 20:00:36,6,6,6,Negociação e ajuste financeiro,open,10,0,5,0,0,4.0,Prospecção,250-500,C - Estruturação,525.0,Média,102.0,144.0,42.0,0.0,São Paulo,SP,Censo Escolar 2023,,,005N40000035sinIAA,Sem informação,Sem Dados,Sem Dados,9.0,1.0,3 - Não,,,2.0,2026-08-07,,
006N400000imIxPIAU,001N400000w5T02IAE,Poliedro,90459.7,2026-06-22,2026-08-07,2026-06-22 10:53:18,5,5,5,Oportunidade perdida,lost,46,0,4,0,0,31.0,Prospecção,Sem Dados,Sem Clusterização Comercial em 2026,0.0,Não prioritária,0.0,0.0,0.0,0.0,Cuiabá,MT,Prospeccao_ativa,Não segue orientação religiosa específica,,005N400000PA8nVIAT,R$ 1.000 a R$ 1.500,2026,Material Próprio,5.0,1.0,1 - Sim,1.0,Relatório Enem,1.0,2026-08-07,Satisfação com preço do atual parceiro,0.0
006N400000isJkHIAU,0016g00000CJ5YjAAL,Poliedro,45818.4,2026-06-21,2026-08-06,2026-06-21 23:55:42,2,2,2,Material entregue,open,46,0,1,0,0,46.0,Prospecção,Acima de 1.000,A - Referência,850.0,Alta,735.0,0.0,0.0,577.0,Brasília,DF,Fale Conosco,Não segue orientação religiosa específica,,005N400000CUSPxIAP,R$ 1.000 a R$ 1.500,2026,SAS,3.0,1.0,3 - Não,,,1.0,2026-08-06,,
006N400000ixmaOIAQ,001N400000NlLzuIAF,Conviver,59044.8,2026-06-22,2026-06-23,2026-06-22 18:51:57,2,2,2,Oportunidade perdida,lost,1,0,1,0,0,1.0,Prospecção,0-250,D - Capilaridade,400.0,Não prioritária,0.0,64.0,37.0,0.0,Brasília,DF,Censo Escolar 2023,,,005N400000PA8nVIAT,Sem informação,Sem Dados,Sem Dados,1.0,1.0,3 - Não,,,2.0,2026-06-23,Alteração de CNPJ na conta (uso de operações comerciais),0.0
006N400000iyg6HIAQ,001N400000NlLzuIAF,Polígono,115493.2,2026-06-22,2026-06-23,2026-06-22 18:50:21,2,2,2,Oportunidade perdida,lost,1,0,1,0,0,1.0,Prospecção,0-250,D - Capilaridade,400.0,Não prioritária,0.0,64.0,37.0,0.0,Brasília,DF,Censo Escolar 2023,,,005N400000PA8nVIAT,Sem informação,Sem Dados,Sem Dados,1.0,1.0,3 - Não,,,2.0,2026-06-23,Alteração de CNPJ na conta (uso de operações comerciais),0.0
006N400000j2IQNIA2,0016g00000gzEbrAAE,Polígono,115493.2,2026-06-23,2026-06-23,2026-06-23 13:44:07,1,1,1,Solicitação de material,open,0,0,0,0,0,,Prospecção,0-250,D - Capilaridade,400.0,Não prioritária,0.0,140.0,94.0,0.0,Brasília,DF,Censo Escolar 2019,Não segue orientação religiosa específica,,005N400000PA8nVIAT,R$ 500 a R$ 1.000,2026,Geekie One,5.0,1.0,3 - Não,1.0,Inbound Poliedro 2026,2.0,2026-06-23,,
006N400000j3OQTIA2,0016g00000gzEbrAAE,Conviver,59044.8,2026-06-23,2026-06-23,2026-06-23 13:45:16,1,1,1,Solicitação de material,open,0,0,0,0,0,,Prospecção,0-250,D - Capilaridade,400.0,Não prioritária,0.0,140.0,94.0,0.0,Brasília,DF,Censo Escolar 2019,Não segue orientação religiosa específica,,005N400000PA8nVIAT,R$ 500 a R$ 1.000,2026,Geekie One,5.0,1.0,3 - Não,1.0,Inbound Poliedro 2026,2.0,2026-06-23,,
006N400000j5Sg5IAE,0014v00002m6n7bAAA,Polígono,115245.0,2026-06-23,2026-07-30,2026-06-23 17:06:45,3,3,3,Validação pedagógica,open,37,0,2,0,0,0.0,Prospecção,0-250,D - Capilaridade,250.0,Não prioritária,40.0,40.0,40.0,20.0,Foz do Iguaçu,PR,Fale Conosco,Católica,,005N40000035kTVIAY,R$ 500 a R$ 1.000,2028,Livros Didáticos,3.0,1.0,3 - Não,1.0,Inbound Poliedro 2026,1.0,2026-07-30,,
006N400000j8xkHIAQ,0014v00002IdswnAAB,Poliedro,234170.7,2026-06-24,2026-08-11,2026-06-24 12:59:06,5,5,5,Proposta personalizada,open,48,0,4,0,0,6.0,Prospecção,500-750,B - Aceleração,750.0,Alta,259.0,348.0,98.0,0.0,Fortaleza,CE,Censo Escolar 2019,Não segue orientação religiosa específica,,005N400000P9zIoIAJ,R$ 500 a R$ 1.000,2026,Livros Didáticos,8.0,1.0,1 - Sim,,,2.0,2026-08-11,Existe um contrato de longo prazo,
006N400000jARD7IAO,001N400000vw9BrIAI,Poliedro,637019.76,2026-06-24,2026-07-31,2026-06-24 13:04:59,2,2,2,Material entregue,open,37,0,1,0,0,37.0,Prospecção,Sem Dados,Sem Clusterização Comercial em 2026,0.0,Alta,0.0,0.0,0.0,0.0,Caxias,MA,Fale Conosco,Não segue orientação religiosa específica,Militar,005N400000CUSPxIAP,R$ 500 a R$ 1.000,2027,Livros Didáticos,4.0,1.0,1 - Sim,1.0,Inbound Poliedro 2026,1.0,2026-07-31,,
006N400000jB6t3IAC,001N400000hevczIAA,Conviver,62863.12,2026-06-24,2026-07-26,2026-06-24 14:49:11,6,6,6,Oportunidade perdida,lost,32,0,5,0,0,32.0,Prospecção,0-250,D - Capilaridade,450.0,Não prioritária,0.0,0.0,0.0,127.0,Osasco,SP,Censo Escolar 2023,Não segue orientação religiosa específica,,005N400000OePRkIAN,R$ 500 a R$ 1.000,2028,Ético,2.0,1.0,3 - Não,1.0,Relatório Enem,1.0,2026-07-26,Análise de Impacto de Escola Associada,0.0
006N400000jJAUnIAO,001N400000Gs9t8IAB,Polígono,110385.53,2026-06-25,2026-06-29,2026-06-25 14:34:05,9,9,9,Análise do Jurídico,open,4,0,8,0,0,0.0,Prospecção,0-250,B - Aceleração,650.0,Não prioritária,77.0,45.0,15.0,8.0,São Lourenço,MG,Censo Escolar 2021,,,005N400000Of3liIAB,R$ 500 a R$ 1.000,Sem Dados,COC,1.0,1.0,3 - Não,1.0,Imersão 2026-06-10,2.0,2026-06-29,,
006N400000jKt9mIAC,001N400000AthrNIAR,Conviver,0.0,2026-06-25,2026-07-07,2026-06-25 18:17:21,2,2,2,Oportunidade perdida,lost,12,0,1,0,0,12.0,,,,,,,,,,,,,,,,,,,,1.0,3 - Não,,,1.0,2026-07-07,Escola não adota sistema de ensino,0.0
006N400000jKusEIAS,001N400000HF5x5IAD,Polígono,0.0,2026-06-25,2026-08-07,2026-06-25 19:03:46,2,2,2,Material entregue,open,43,0,1,0,0,43.0,Prospecção,500-750,B - Aceleração,700.0,Alta,216.0,287.0,112.0,0.0,Serra Talhada,PE,Censo Escolar/Fale conosco,Não segue orientação religiosa específica,,005N400000DAk0TIAT,R$ 100 a R$ 500,2026,Editora Construir,1.0,1.0,3 - Não,,,1.0,2026-08-07,,
006N400000jM3S2IAK,001N400000NlGJcIAN,Poliedro,1204419.15,2026-06-25,2026-06-26,2026-06-25 19:38:25,3,3,3,Oportunidade perdida,lost,1,0,2,0,0,0.0,Prospecção,750-1.000,Sem Clusterização Comercial em 2026,0.0,Não prioritária,277.0,231.0,91.0,253.0,Aracaju,SE,Censo Escolar 2023,,Inspira Rede de Educadores,0056g0000034OkZAAU,R$ 1.000 a R$ 1.500,2026,Bernoulli,,1.0,3 - Não,,,1.0,2026-06-26,Perda automática por higienização,0.0
006N400000jNGVBIA4,001N400000wji0UIAQ,Poliedro,128091.75,2026-06-26,2026-07-27,2026-06-26 01:00:47,5,5,5,Oportunidade perdida,lost,31,0,4,0,0,0.0,Prospecção,Sem Dados,Sem Clusterização Comercial em 2026,0.0,Não prioritária,0.0,0.0,0.0,0.0,Porto Velho,RO,Prospeccao_ativa,Católica,,005N400000NsHxxIAF,Sem informação,Sem Dados,Sem Dados,5.0,1.0,1 - Sim,,,2.0,2026-07-28,Análise de Impacto de Escola Associada,0.0
006N400000jOSuAIAW,001N400000vvO4vIAE,Poliedro,90187.68,2026-06-26,2026-07-30,2026-06-26 11:43:54,12,12,12,Contrato assinado,won,34,1,10,0,0,1.0,Prospecção,Sem Dados,Sem Clusterização Comercial em 2026,0.0,Alta,0.0,0.0,0.0,0.0,Santo André,SP,SDR,Não segue orientação religiosa específica,,005N400000P4NcLIAV,R$ 2.500 a R$ 3.000,2027,Livros Didáticos,2.0,1.0,3 - Não,1.0,Seja uma Escola Associada 2026,2.0,2026-08-07,,1.0
006N400000jOn5lIAC,001N400000hevciIAA,Polígono,40635.4,2026-06-26,2026-07-27,2026-06-26 12:56:43,3,3,3,Validação pedagógica,open,31,0,2,0,0,0.0,Prospecção,0-250,D - Capilaridade,350.0,Não prioritária,0.0,0.0,32.0,0.0,Resende,RJ,Censo Escolar 2023,Não segue orientação religiosa específica,,0054v00000DvfXIAAZ,R$ 1.000 a R$ 1.500,2026,Positivo,2.0,1.0,3 - Não,,,1.0,2026-07-27,,
006N400000jOnc0IAC,001N400000I3RR9IAN,Conviver,89705.8,2026-06-26,2026-06-26,2026-06-26 13:35:54,3,3,3,Validação pedagógica,open,0,0,2,0,0,0.0,Prospecção,250-500,C - Estruturação,550.0,Média,135.0,98.0,27.0,86.0,Recife,PE,Censo Escolar 2021,Não segue orientação religiosa específica,,0056g0000034OkZAAU,R$ 100 a R$ 500,2026,Amplia,4.0,1.0,3 - Não,,,2.0,2026-07-17,,
006N400000jPFl8IAG,001N400000wtMWSIA2,Poliedro,1204419.15,2026-06-26,2026-07-28,2026-06-26 12:45:32,3,3,3,Validação pedagógica,open,32,0,2,0,0,0.0,,,,,,,,,,,,,,,,,,,,1.0,3 - Não,,,1.0,2026-07-28,,
006N400000jPmu0IAC,001N400000heWbMIAU,Polígono,167223.0,2026-06-26,2026-07-27,2026-06-26 13:10:23,3,3,3,Validação pedagógica,open,31,0,2,0,0,0.0,Prospecção,0-250,D - Capilaridade,425.0,Não prioritária,0.0,0.0,53.0,0.0,Serra,ES,Censo Escolar 2023,Não segue orientação religiosa específica,Centro Educacional Mundo Do Saber Ltda,0054v00000DvfXIAAZ,R$ 1.000 a R$ 1.500,2028,FTD,1.0,1.0,3 - Não,1.0,Inbound Poliedro 2026,1.0,2026-07-27,,
006N400000jRDTyIAO,001N400000wv7MkIAI,Poliedro,125104.1,2026-06-26,2026-07-17,2026-06-26 15:35:23,7,7,7,Oportunidade perdida,lost,21,0,6,0,0,3.0,,,,,,,,,,,,,,,,,,,,1.0,3 - Não,,,1.0,2026-07-17,Existe um contrato de longo prazo,0.0
006N400000jTQtFIAW,001N400000vt9TFIAY,Poliedro,196264.5,2026-06-26,2026-06-26,2026-06-26 18:37:39,1,1,1,Solicitação de material,open,0,0,0,0,0,,Prospecção,Sem Dados,Sem Clusterização Comercial em 2026,0.0,Não prioritária,0.0,0.0,0.0,0.0,São Paulo,SP,,Não segue orientação religiosa específica,,005N400000Dj7E2IAJ,R$ 0 a R$ 500,2026,Nenhum,5.0,1.0,3 - Não,1.0,Inbound Polígono 2026,1.0,2026-06-26,,
006N400000jTZoUIAW,0014v00002qkfLpAAI,Polígono,232868.64,2026-06-26,2026-07-14,2026-06-26 19:46:20,3,3,3,Validação pedagógica,open,18,0,2,0,0,0.0,Prospecção,500-750,B - Aceleração,650.0,Alta,169.0,164.0,54.0,115.0,Mogi Guaçu,SP,Censo Escolar 2021,Não segue orientação religiosa específica,,0054v00000EkXMDAA3,R$ 1.000 a R$ 1.500,2026,Mackenzie,,1.0,3 - Não,,,1.0,2026-07-14,,
006N400000jcG3SIAU,001N400000vY2t0IAC,Polígono,121096.02,2026-06-29,2026-08-10,2026-06-29 13:14:07,11,11,11,Enviado para a assinatura,open,42,1,9,0,0,0.0,Prospecção,Sem Dados,C - Estruturação,500.0,Média,0.0,0.0,0.0,0.0,Sorocaba,SP,SDR,Não segue orientação religiosa específica,,005N40000035sinIAA,R$ 500 a R$ 1.000,2026,FTD,3.0,1.0,3 - Não,,,1.0,2026-08-10,,
006N400000jdLdmIAE,0016g00000KMldQAAT,Poliedro,816197.44,2026-06-29,2026-08-07,2026-06-29 14:27:50,3,3,3,Validação pedagógica,open,39,0,2,0,0,0.0,Prospecção,500-750,A - Referência,850.0,Alta,255.0,283.0,81.0,118.0,Primavera do Leste,MT,Censo Escolar 2019,Católica,Irmãs Beneditinas Da Divina Providência,0056g0000034OkWAAU,R$ 1.000 a R$ 1.500,2027,SAS,4.0,,,,,1.0,2026-08-07,,
006N400000jdni5IAA,0014v00002mvAlwAAE,Poliedro,195408.56,2026-06-29,2026-06-29,2026-06-29 14:42:34,1,1,1,Solicitação de material,open,0,0,0,0,0,,Prospecção,250-500,A - Referência,950.0,Alta,160.0,162.0,58.0,119.0,Itapetinga,BA,Censo Escolar 2021,Católica,Rede Saviniana,0056g0000034OkWAAU,R$ 1.000 a R$ 1.500,2027,Bernoulli,2.0,1.0,3 - Não,,,1.0,2026-06-29,,
006N400000jhxvlIAA,0014v00002svBhBAAU,Polígono,460604.13,2026-06-30,2026-07-11,2026-06-30 12:37:56,5,5,5,Proposta personalizada,open,11,0,4,0,0,0.0,Prospecção,250-500,Sem Clusterização Comercial em 2026,0.0,Média,0.0,190.0,115.0,0.0,Dourados,MS,Fale Conosco,Espírita,Allan Kardec,0056g0000034OkWAAU,R$ 500 a R$ 1.000,2026,Anglo,6.0,1.0,1 - Sim,,,1.0,2026-07-11,,
006N400000jkkFfIAI,001N400000NlGIqIAN,Poliedro,612666.0,2026-06-30,2026-08-03,2026-06-30 17:23:19,2,2,2,Material entregue,open,34,0,1,0,0,34.0,Prospecção,750-1.000,C - Estruturação,525.0,Alta,294.0,184.0,200.0,220.0,Teresina,PI,Censo Escolar 2023,Católica,Rede Jesuíta,0056g00000468kkAAA,R$ 1.500 a R$ 2.000,2027,Geekie One,8.0,1.0,3 - Não,1.0,Relatório Enem,1.0,2026-08-03,,
006N400000jpI95IAE,0016g00000MAnLoAAL,Polígono,704848.26,2026-07-01,2026-08-12,2026-07-01 11:48:32,4,4,4,Proposta tabela,open,42,0,3,0,0,14.0,Prospecção,Acima de 1.000,A - Referência,925.0,Alta,457.0,502.0,131.0,257.0,Uberlândia,MG,Censo Escolar 2019,Não segue orientação religiosa específica,,0054v00000EkfjPAAR,R$ 1.500 a R$ 2.000,2026,COC,16.0,1.0,1 - Sim,,,2.0,2026-08-12,,
006N400000jsyOmIAI,001N400000hf2kRIAQ,Poliedro,224684.68,2026-07-01,2026-08-14,2026-07-01 18:19:50,3,3,3,Oportunidade perdida,lost,44,0,2,0,0,7.0,Prospecção,0-250,D - Capilaridade,475.0,Não prioritária,77.0,63.0,18.0,0.0,Casa Branca,SP,Censo Escolar 2023,Não segue orientação religiosa específica,,005N400000OeNBQIA3,R$ 500 a R$ 1.000,2028,FTD,1.0,1.0,3 - Não,1.0,Inbound Poliedro 2026,2.0,2026-08-14,,0.0
006N400000juG09IAE,001N400000hf2kRIAQ,Polígono,161722.48,2026-07-01,2026-08-14,2026-07-01 18:26:49,6,6,6,Negociação e ajuste financeiro,open,44,0,5,0,0,0.0,Prospecção,0-250,D - Capilaridade,475.0,Não prioritária,77.0,63.0,18.0,0.0,Casa Branca,SP,Censo Escolar 2023,Não segue orientação religiosa específica,,005N400000OeNBQIA3,R$ 500 a R$ 1.000,2028,FTD,1.0,1.0,3 - Não,1.0,Inbound Poliedro 2026,2.0,2026-08-14,,
006N400000jup2mIAA,001N400000xLADnIAO,Poliedro,101068.44,2026-07-01,2026-08-14,2026-07-01 19:28:52,6,6,6,Negociação e ajuste financeiro,open,44,0,5,0,0,0.0,Prospecção,Sem Dados,Sem Clusterização Comercial em 2026,0.0,Não prioritária,0.0,0.0,0.0,0.0,Curitiba,PR,SDR,Não segue orientação religiosa específica,,005N400000OeNBQIA3,R$ 500 a R$ 1.000,2028,Material Próprio,2.0,1.0,3 - Não,1.0,Inbound Poliedro 2026,1.0,2026-08-14,,
006N400000juwicIAA,001N400000heTzCIAU,Poliedro,166714.27,2026-07-01,2026-08-07,2026-07-01 20:58:05,11,11,11,Enviado para a assinatura,open,37,1,9,0,0,0.0,Prospecção,0-250,C - Estruturação,525.0,Não prioritária,0.0,57.0,44.0,0.0,Primavera do Leste,MT,Censo Escolar 2023,Não segue orientação religiosa específica,,005N400000PA8nVIAT,R$ 500 a R$ 1.000,2028,FTD,5.0,1.0,3 - Não,1.0,Inbound Poliedro 2026,1.0,2026-08-07,,
006N400000jvwTZIAY,0014v00002qgz73AAA,Poliedro,102143.12,2026-07-01,2026-07-30,2026-07-01 23:26:04,2,2,2,Material entregue,open,29,0,1,0,0,29.0,Prospecção,250-500,C - Estruturação,625.0,Alta,165.0,86.0,25.0,91.0,Fortaleza,CE,Censo Escolar 2021,Católica,AEVSLM - Associação de Educação Vicentina Santa Luíza de Marillac,0056g00000468kkAAA,R$ 500 a R$ 1.000,2025,SM - Educamos,3.0,1.0,3 - Não,1.0,Relatório Enem,1.0,2026-07-30,,
006N400000k5P0DIAU,001N400000NlBsoIAF,Polígono,93893.4,2026-07-02,2026-08-12,2026-07-02 23:29:32,2,2,2,Material entregue,open,41,0,1,0,0,41.0,Prospecção,0-250,B - Aceleração,675.0,Média,59.0,88.0,50.0,0.0,Piraí,RJ,Censo Escolar 2023,Não segue orientação religiosa específica,Centro Educacional Anita De Abreu S/C Ltda,005N400000DAfNPIA1,R$ 100 a R$ 500,2026,Editora Brasil,1.0,1.0,3 - Não,,,1.0,2026-08-12,,
006N400000k77IQIAY,001N400000HvfUTIAZ,Poliedro,226784.61,2026-07-03,2026-07-03,2026-07-03 12:43:00,1,1,1,Solicitação de material,open,0,0,0,0,0,,Prospecção,0-250,B - Aceleração,750.0,Alta,48.0,101.0,45.0,11.0,Flores da Cunha,RS,Censo Escolar 2021,Não segue orientação religiosa específica,"Escola Interativa Educacao Infantil,  Fundamental,  Medio E Cursos Livres Ltda",005N400000OGlrZIAT,R$ 500 a R$ 1.000,2027,AZ - Conexia Educação,4.0,1.0,3 - Não,,,1.0,2026-07-03,,
006N400000k7GqLIAU,001N400000AzMcDIAV,Polígono,123000.0,2026-07-03,2026-07-29,2026-07-03 11:22:29,4,4,4,Proposta tabela,open,26,0,3,0,0,0.0,Prospecção,0-250,B - Aceleração,675.0,Média,90.0,88.0,23.0,0.0,Juiz de Fora,MG,Censo Escolar 2021,Não segue orientação religiosa específica,,005N400000OGlMvIAL,R$ 1.500 a R$ 2.000,2026,Material Próprio,2.0,1.0,2 - Agendado,,,1.0,2026-07-29,,
006N400000k7cEEIAY,001N400000HllRWIAZ,Poliedro,183679.65,2026-07-03,2026-07-03,2026-07-03 12:46:06,1,1,1,Solicitação de material,open,0,0,0,0,0,,Prospecção,0-250,B - Aceleração,700.0,Alta,59.0,63.0,14.0,27.0,Antônio Prado,RS,Censo Escolar 2021,Não segue orientação religiosa específica,"Escola Interativa Educacao Infantil,  Fundamental,  Medio E Cursos Livres Ltda",005N400000OGlrZIAT,R$ 500 a R$ 1.000,2027,AZ - Conexia Educação,3.0,1.0,3 - Não,,,1.0,2026-07-03,,
006N400000k8Wt4IAE,001N400000hev6UIAQ,Poliedro,1274864.08,2026-07-03,2026-08-07,2026-07-03 13:33:13,2,2,2,Material entregue,open,35,0,1,0,0,35.0,Prospecção,Acima de 1.000,B - Aceleração,775.0,Alta,301.0,861.0,0.0,0.0,Teresina,PI,Censo Escolar 2023,Católica,Instituto Dom Barreto,0056g00000468kkAAA,R$ 1.500 a R$ 2.000,2027,Bernoulli,4.0,1.0,3 - Não,,,1.0,2026-08-07,,
006N400000k9eWoIAI,001N400000hevunIAA,Poliedro,674725.96,2026-07-03,2026-07-03,2026-07-03 14:56:29,1,1,1,Solicitação de material,open,0,0,0,0,0,,Prospecção,500-750,C - Estruturação,525.0,Alta,270.0,319.0,9.0,149.0,Santo André,SP,Censo Escolar 2023,,Vereda Educacao S.A.,005N400000P4NcLIAV,Sem informação,Sem Dados,Sem Dados,1.0,1.0,3 - Não,,,1.0,2026-07-03,,
006N400000k9egTIAQ,001N400000NmcNBIAZ,Polígono,511612.56,2026-07-03,2026-07-03,2026-07-03 14:30:07,1,1,1,Solicitação de material,open,0,0,0,0,0,,Prospecção,750-1.000,B - Aceleração,725.0,Alta,320.0,389.0,128.0,0.0,Santo André,SP,Censo Escolar 2023,,,005N400000P4NcLIAV,R$ 1.000 a R$ 1.500,2030,Positivo,1.0,1.0,3 - Não,,,2.0,2026-07-03,,
006N400000k9h4rIAA,001N400000NmcNBIAZ,Conviver,215515.54,2026-07-03,2026-07-03,2026-07-03 14:33:30,1,1,1,Solicitação de material,open,0,0,0,0,0,,Prospecção,750-1.000,B - Aceleração,725.0,Alta,320.0,389.0,128.0,0.0,Santo André,SP,Censo Escolar 2023,,,005N400000P4NcLIAV,R$ 1.000 a R$ 1.500,2030,Positivo,1.0,1.0,3 - Não,,,2.0,2026-07-03,,
006N400000kAS5RIAW,001N400000xnpnQIAQ,Polígono,190000.0,2026-07-03,2026-08-05,2026-07-03 16:32:18,4,4,4,Proposta tabela,open,33,0,3,0,0,2.0,,,,,,,,,,,,,,,,,,,,1.0,2 - Agendado,1.0,Diálogos Juiz de Fora 2026-07-02,1.0,2026-08-05,,
006N400000kBZ02IAG,001N400000hevtsIAA,Poliedro,261127.12,2026-07-03,2026-07-27,2026-07-03 18:17:41,3,3,3,Validação pedagógica,open,24,0,2,0,0,0.0,Prospecção,500-750,D - Capilaridade,450.0,Alta,152.0,68.0,0.0,351.0,Rio de Janeiro,RJ,Censo Escolar 2023,Não segue orientação religiosa específica,,0054v00000DvfXIAAZ,R$ 1.000 a R$ 1.500,2026,FTD,1.0,1.0,3 - Não,,,1.0,2026-07-27,,
006N400000kBaSLIA0,001N400000NlGCfIAN,Polígono,61536.34,2026-07-03,2026-08-12,2026-07-03 18:54:56,2,2,2,Material entregue,open,40,0,1,0,0,40.0,Prospecção,0-250,C - Estruturação,500.0,Não prioritária,68.0,66.0,10.0,0.0,Guarulhos,SP,Censo Escolar 2023,,,005N400000OePRkIAN,Sem informação,Sem Dados,Sem Dados,,1.0,3 - Não,,,1.0,2026-08-12,,
006N400000kD7xGIAS,001N400000hev5mIAA,Polígono,7814.5,2026-07-03,2026-07-21,2026-07-03 20:58:42,2,2,2,Oportunidade perdida,lost,18,0,1,0,0,18.0,Prospecção,Sem Dados,D - Capilaridade,200.0,Não prioritária,0.0,0.0,0.0,0.0,Manaus,AM,Censo Escolar 2023,,,005N400000NsHxxIAF,Sem informação,Sem Dados,Sem Dados,1.0,1.0,3 - Não,,,1.0,2026-07-21,Escola com pendência financeira,0.0
006N400000kE8pdIAC,001N400000xdzeRIAQ,Polígono,24781.79,2026-07-04,2026-07-06,2026-07-04 02:46:25,3,3,3,Validação pedagógica,open,2,0,2,0,0,0.0,Prospecção,Sem Dados,Sem Clusterização Comercial em 2026,0.0,Não prioritária,0.0,0.0,0.0,0.0,Campo Limpo Paulista,SP,Fale Conosco,Evangélica,,005N400000Dj7E2IAJ,R$ 1.000 a R$ 1.500,2026,Editora IBEP,2.0,1.0,3 - Não,1.0,Inbound Poliedro 2026,1.0,2026-07-06,,
006N400000kP2KHIA0,001N400000hedGGIAY,Conviver,27601.0,2026-07-06,2026-07-06,2026-07-06 19:33:20,1,1,1,Solicitação de material,open,0,0,0,0,0,,Prospecção,0-250,D - Capilaridade,475.0,Não prioritária,0.0,0.0,48.0,0.0,Juiz de Fora,MG,Censo Escolar 2023,,,005N400000OGlMvIAL,Sem informação,Sem Dados,Sem Dados,1.0,1.0,3 - Não,,,1.0,2026-07-06,,
006N400000kQ2uvIAC,001N4000009QcpJIAS,Polígono,267209.92,2026-07-06,2026-07-06,2026-07-06 21:57:07,1,1,1,Solicitação de material,open,0,0,0,0,0,,Prospecção,0-250,C - Estruturação,550.0,Não prioritária,94.0,69.0,0.0,64.0,Juiz de Fora,MG,Censo Escolar 2021,Não segue orientação religiosa específica,Escola Infantil Casinha Verde Ltda,005N400000OGlMvIAL,R$ 500 a R$ 1.000,2027,Conquista,2.0,1.0,3 - Não,1.0,Diálogos Juiz de Fora 2026-07-02,1.0,2026-07-06,,
006N400000kYVwaIAG,0014v00002uNU1rAAG,Polígono,123000.0,2026-07-07,2026-07-08,2026-07-07 21:39:29,4,4,4,Proposta tabela,open,1,0,3,0,0,0.0,Prospecção,0-250,C - Estruturação,550.0,Não prioritária,0.0,69.0,67.0,0.0,Sete Lagoas,MG,Censo Escolar/Fale conosco,Não segue orientação religiosa específica,,005N400000OGlMvIAL,R$ 500 a R$ 1.000,2026,Geekie One,2.0,1.0,3 - Não,,,1.0,2026-07-08,,
006N400000kYtcHIAS,0014v00002iQFzHAAW,Polígono,31258.0,2026-07-07,2026-08-05,2026-07-07 22:38:37,3,3,3,Validação pedagógica,open,29,0,2,0,0,0.0,Prospecção,250-500,B - Aceleração,750.0,Média,104.0,112.0,40.0,0.0,Juiz de Fora,MG,Censo Escolar 2021,Não segue orientação religiosa específica,Inova Sistema De Ensino Ltda,005N400000OGlMvIAL,R$ 500 a R$ 1.000,2027,Anglo,2.0,1.0,3 - Não,1.0,Diálogos Juiz de Fora 2026-07-02,1.0,2026-08-05,,
006N400000kaCjMIAU,001N400000Lr4MQIAZ,Polígono,0.0,2026-07-08,2026-07-08,2026-07-08 12:45:18,2,2,2,Oportunidade perdida,lost,0,0,1,0,0,0.0,Prospecção,0-250,C - Estruturação,600.0,Não prioritária,76.0,67.0,28.0,11.0,Magé,RJ,Censo Escolar 2021,,,005N400000DAfNPIA1,R$ 100 a R$ 500,Sem Dados,Material Próprio,1.0,1.0,3 - Não,,,1.0,2026-07-08,Escola encerrou suas atividades,0.0
006N400000kaMacIAE,001N400000CZwv4IAD,Polígono,58762.12,2026-07-08,2026-08-04,2026-07-08 11:31:16,2,2,2,Oportunidade perdida,lost,27,0,1,0,0,27.0,Prospecção,0-250,C - Estruturação,575.0,Baixa,0.0,80.0,34.0,0.0,Paraguaçu Paulista,SP,Censo Escolar 2021,Não segue orientação religiosa específica,,005N400000Dj7E2IAJ,R$ 100 a R$ 500,2028,Maxi,3.0,1.0,3 - Não,,,1.0,2026-08-04,Existe um contrato de longo prazo,0.0
006N400000kagJCIAY,001N400000hevvfIAA,Polígono,91426.0,2026-07-08,2026-07-08,2026-07-08 12:22:56,1,1,1,Solicitação de material,open,0,0,0,0,0,,Prospecção,0-250,C - Estruturação,600.0,Não prioritária,0.0,78.0,76.0,0.0,Juiz de Fora,MG,Censo Escolar 2023,Não segue orientação religiosa específica,,005N400000OGlMvIAL,R$ 500 a R$ 1.000,2026,Jean Piaget,1.0,1.0,3 - Não,1.0,Diálogos Juiz de Fora 2026-07-02,1.0,2026-07-08,,
006N400000ke4GwIAI,001N400000yPVXYIA4,Polígono,198594.12,2026-07-08,2026-07-23,2026-07-08 18:34:36,12,12,12,Contrato assinado,won,15,2,9,0,0,0.0,Prospecção,Sem Dados,Sem Clusterização Comercial em 2026,0.0,Não prioritária,0.0,0.0,0.0,0.0,Cuiabá,MT,Prospeccao_ativa,Não segue orientação religiosa específica,,005N400000PA8nVIAT,R$ 500 a R$ 1.000,2026,Geekie One,4.0,1.0,1 - Sim,,,1.0,2026-07-23,,1.0
006N400000kfIcqIAE,001N400000yPxTmIAK,Poliedro,658010.03,2026-07-08,2026-07-30,2026-07-08 18:33:36,12,12,12,Contrato assinado,won,22,1,10,0,0,1.0,Prospecção,Sem Dados,Sem Clusterização Comercial em 2026,0.0,Alta,0.0,0.0,0.0,0.0,Santo André,SP,Fale Conosco,Não segue orientação religiosa específica,,005N400000P4NcLIAV,R$ 2.500 a R$ 3.000,2026,Plurall,1.0,1.0,1 - Sim,2.0,Inbound Poliedro 2026 | Seja uma Escola Associada 2026,1.0,2026-07-30,,1.0
006N400000kfbE3IAI,001N400000yPD2rIAG,Poliedro,636649.6,2026-07-08,2026-07-30,2026-07-08 20:04:32,12,12,12,Contrato assinado,won,22,1,10,0,0,1.0,Prospecção,Sem Dados,Sem Clusterização Comercial em 2026,0.0,Não prioritária,0.0,0.0,0.0,0.0,Santo André,SP,Fale Conosco,Não segue orientação religiosa específica,,005N400000P4NcLIAV,R$ 2.500 a R$ 3.000,2026,Plurall,2.0,1.0,1 - Sim,2.0,Inbound Poliedro 2026 | Seja uma Escola Associada 2026,1.0,2026-07-30,,1.0
006N400000kjpIQIAY,001N400000MKDpJIAX,Poliedro,92558.07,2026-07-09,2026-07-22,2026-07-09 13:49:29,3,3,3,Validação pedagógica,open,13,0,2,0,0,0.0,Prospecção,0-250,C - Estruturação,575.0,Alta,126.0,0.0,0.0,115.0,Nova Iguaçu,RJ,Censo Escolar 2021,Não segue orientação religiosa específica,,005N400000Of55xIAB,R$ 500 a R$ 1.000,2026,Material Próprio,7.0,1.0,3 - Não,1.0,Inbound Poliedro 2026,1.0,2026-07-22,,
006N400000kslM1IAI,001N400000hegmKIAQ,Polígono,323301.0,2026-07-10,2026-07-10,2026-07-10 16:03:42,1,1,1,Solicitação de material,open,0,0,0,0,0,,Prospecção,Sem Dados,D - Capilaridade,450.0,Não prioritária,0.0,0.0,0.0,0.0,Varginha,MG,Censo Escolar 2023,Não segue orientação religiosa específica,,005N400000Of3liIAB,R$ 500 a R$ 1.000,2027,SAE Digital,2.0,1.0,3 - Não,,,1.0,2026-07-10,,
006N400000ku6HxIAI,001N400000hSptFIAS,Poliedro,347149.92,2026-07-10,2026-07-30,2026-07-10 17:45:25,5,5,5,Oportunidade perdida,lost,20,0,4,0,0,0.0,Prospecção,0-250,B - Aceleração,650.0,Não prioritária,25.0,130.0,0.0,0.0,Campo Grande,MS,Censo Escolar 2021,Não segue orientação religiosa específica,Ajel Educacional Ltda,005N400000OGlrZIAT,Sem informação,2031,SAS,4.0,1.0,1 - Sim,,,2.0,2026-08-14,Satisfação com serviço do atual parceiro,0.0
006N400000kuCNNIA2,001N400000hSptFIAS,Conviver,33949.23,2026-07-10,2026-08-14,2026-07-10 17:55:00,4,4,4,Oportunidade perdida,lost,35,0,3,0,0,35.0,Prospecção,0-250,B - Aceleração,650.0,Não prioritária,25.0,130.0,0.0,0.0,Campo Grande,MS,Censo Escolar 2021,Não segue orientação religiosa específica,Ajel Educacional Ltda,005N400000OGlrZIAT,Sem informação,2031,SAS,4.0,1.0,1 - Sim,,,2.0,2026-08-14,Satisfação com serviço do atual parceiro,0.0
006N400000kxj1pIAA,001N400000NlEybIAF,Conviver,42021.57,2026-07-11,2026-08-07,2026-07-11 16:04:55,6,6,6,Negociação e ajuste financeiro,open,27,0,5,0,0,27.0,Prospecção,0-250,D - Capilaridade,450.0,Baixa,52.0,79.0,12.0,55.0,Sorocaba,SP,Censo Escolar 2023,Não segue orientação religiosa específica,,005N40000035sinIAA,R$ 500 a R$ 1.000,2028,Material Próprio,6.0,1.0,3 - Não,1.0,Inbound Poliedro 2026,2.0,2026-08-07,,
006N400000l0g5tIAA,0014v00002ggkpdAAA,Conviver,0.0,2026-07-13,2026-07-13,2026-07-13 01:11:39,1,1,1,Solicitação de material,open,0,0,0,0,0,,Prospecção,500-750,A - Referência,875.0,Alta,150.0,280.0,152.0,71.0,Patrocínio,MG,Censo Escolar 2021,Católica,Rede Berlaar,0056g0000034OkWAAU,R$ 1.500 a R$ 2.000,2026,COC,2.0,1.0,3 - Não,,,1.0,2026-07-13,,
006N400000l0ggvIAA,0016g00000MC4cYAAT,Conviver,0.0,2026-07-13,2026-07-13,2026-07-13 01:00:48,1,1,1,Solicitação de material,open,0,0,0,0,0,,Prospecção,Acima de 1.000,A - Referência,875.0,Alta,509.0,558.0,141.0,100.0,Araxá,MG,Censo Escolar 2019,Católica,CNSD - Colégio Nossa Senhora das Dores,0056g0000034OkWAAU,R$ 1.500 a R$ 2.000,Sem Dados,Bernoulli,2.0,1.0,3 - Não,,,1.0,2026-07-13,,
006N400000l1MHxIAM,001N400000heQkRIAU,Poliedro,23000.0,2026-07-13,2026-08-05,2026-07-13 10:34:54,4,4,4,Proposta tabela,open,23,0,3,0,0,0.0,Prospecção,0-250,C - Estruturação,550.0,Não prioritária,56.0,84.0,38.0,8.0,Belo Horizonte,MG,Censo Escolar 2023,Não segue orientação religiosa específica,,005N400000OGlMvIAL,R$ 2.000 a R$ 2.500,2026,Santillana,1.0,1.0,2 - Agendado,,,1.0,2026-08-05,,
006N400000l2rEvIAI,001N400000GQ1vJIAT,Polígono,99396.0,2026-07-13,2026-07-13,2026-07-13 14:08:04,1,1,1,Solicitação de material,open,0,0,0,0,0,,Prospecção,500-750,B - Aceleração,700.0,Alta,136.0,350.0,193.0,0.0,Manaus,AM,Censo Escolar 2021,Não segue orientação religiosa específica,,005N400000NsHxxIAF,R$ 1.000 a R$ 1.500,2026,Livros Didáticos,3.0,1.0,3 - Não,,,1.0,2026-07-13,,
006N400000l32rvIAA,001N400000DM2IFIA1,Polígono,353385.0,2026-07-13,2026-08-14,2026-07-13 13:39:48,2,2,2,Oportunidade perdida,lost,32,0,1,0,0,32.0,Prospecção,750-1.000,B - Aceleração,675.0,Alta,258.0,332.0,108.0,170.0,Manaus,AM,Censo Escolar 2021,Não segue orientação religiosa específica,,005N400000NsHxxIAF,R$ 500 a R$ 1.000,2029,Positivo,3.0,1.0,3 - Não,,,1.0,2026-08-14,Existe um contrato de longo prazo,0.0
006N400000l3ERcIAM,001N400000hevvqIAA,Polígono,12503.2,2026-07-13,2026-07-13,2026-07-13 14:21:54,1,1,1,Solicitação de material,open,0,0,0,0,0,,Prospecção,0-250,C - Estruturação,525.0,Não prioritária,0.0,0.0,49.0,0.0,Manaus,AM,Censo Escolar 2023,Não segue orientação religiosa específica,,005N400000NsHxxIAF,R$ 500 a R$ 1.000,2026,Editora Brasil,2.0,1.0,3 - Não,,,1.0,2026-07-13,,
006N400000l3SfqIAE,001N400000GPOM9IAP,Polígono,76830.0,2026-07-13,2026-07-13,2026-07-13 13:56:05,1,1,1,Solicitação de material,open,0,0,0,0,0,,Prospecção,500-750,B - Aceleração,700.0,Alta,251.0,250.0,117.0,0.0,Manaus,AM,Censo Escolar 2021,Não segue orientação religiosa específica,,005N400000NsHxxIAF,R$ 500 a R$ 1.000,2028,FTD,3.0,1.0,3 - Não,,,1.0,2026-07-13,,
006N400000l3WZoIAM,001N400000DLqIiIAL,Polígono,82830.0,2026-07-13,2026-08-14,2026-07-13 15:32:21,2,2,2,Oportunidade perdida,lost,32,0,1,0,0,32.0,Prospecção,0-250,C - Estruturação,625.0,Média,83.0,118.0,47.0,0.0,Manaus,AM,Censo Escolar 2021,Não segue orientação religiosa específica,,005N400000NsHxxIAF,R$ 1.000 a R$ 1.500,Sem Dados,Livros Didáticos,2.0,1.0,3 - Não,,,1.0,2026-08-14,Existe um contrato de longo prazo,0.0
006N400000l3vMrIAI,001N400000BQ4g2IAD,Polígono,121510.0,2026-07-13,2026-07-13,2026-07-13 14:02:00,1,1,1,Solicitação de material,open,0,0,0,0,0,,Prospecção,500-750,B - Aceleração,650.0,Alta,0.0,456.0,161.0,0.0,Manaus,AM,Censo Escolar 2021,Não segue orientação religiosa específica,,005N400000NsHxxIAF,R$ 100 a R$ 500,2026,FTD,3.0,1.0,3 - Não,,,1.0,2026-07-13,,
006N400000l40RPIAY,001N400000DM4f0IAD,Polígono,82830.0,2026-07-13,2026-08-14,2026-07-13 15:36:29,2,2,2,Oportunidade perdida,lost,32,0,1,0,0,32.0,Prospecção,250-500,B - Aceleração,750.0,Alta,130.0,223.0,67.0,0.0,Manaus,AM,Censo Escolar 2021,Não segue orientação religiosa específica,,005N400000NsHxxIAF,R$ 500 a R$ 1.000,2028,SAS,3.0,1.0,3 - Não,,,1.0,2026-08-14,Existe um contrato de longo prazo,0.0
006N400000l4CsMIAU,001N400000Bsh6bIAB,Polígono,73140.8,2026-07-13,2026-07-13,2026-07-13 14:33:14,1,1,1,Solicitação de material,open,0,0,0,0,0,,Prospecção,250-500,C - Estruturação,625.0,Média,191.0,212.0,48.0,0.0,Manaus,AM,Censo Escolar 2021,,,005N400000NsHxxIAF,R$ 500 a R$ 1.000,Sem Dados,FTD,2.0,1.0,3 - Não,,,1.0,2026-07-13,,
006N400000l8WPRIA2,0016g00000OmX6OAAV,Poliedro,1607039.34,2026-07-13,2026-08-03,2026-07-13 23:31:01,4,4,4,Proposta tabela,open,21,0,3,0,0,0.0,Prospecção,Acima de 1.000,C - Estruturação,575.0,Alta,351.0,307.0,62.0,316.0,Santos,SP,Fale Conosco,Católica,Liceu  Santista,0056g0000034OkkAAE,R$ 1.000 a R$ 1.500,2027,Uno Educação,9.0,1.0,1 - Sim,,,1.0,2026-08-03,,
006N400000lDOWLIA4,0016g00000eT4GyAAK,Conviver,220639.77,2026-07-14,2026-07-14,2026-07-14 17:45:02,1,1,1,Solicitação de material,open,0,0,0,0,0,,Prospecção,Acima de 1.000,A - Referência,975.0,Alta,335.0,358.0,90.0,246.0,Crato,CE,Censo Escolar 2019,Não segue orientação religiosa específica,Fundacao Padre Ibiapina,005N400000P9zIoIAJ,R$ 1.000 a R$ 1.500,2026,SAS,3.0,1.0,3 - Não,,,2.0,2026-07-14,Existe um contrato de longo prazo,
006N400000lDfvBIAS,001N400000G9f4OIAR,Polígono,294243.8,2026-07-14,2026-08-13,2026-07-14 19:33:39,3,3,3,Validação pedagógica,open,30,0,2,0,0,0.0,Prospecção,250-500,C - Estruturação,525.0,Média,194.0,98.0,0.0,16.0,Macau,RN,Censo Escolar 2021,Católica,,0056g00000468kkAAA,R$ 100 a R$ 500,2027,Pitágoras,3.0,1.0,3 - Não,,,1.0,2026-08-13,,
006N400000lEyJ1IAK,001N4000009N1KnIAK,Polígono,644269.37,2026-07-14,2026-07-15,2026-07-14 19:04:06,4,4,4,Proposta tabela,open,1,0,3,0,0,0.0,Prospecção,500-750,A - Referência,900.0,Alta,176.0,305.0,28.0,79.0,Cachoeirinha,RS,Censo Escolar 2021,Não segue orientação religiosa específica,,005N400000OGlrZIAT,R$ 1.000 a R$ 1.500,2027,Anglo,2.0,1.0,3 - Não,1.0,Inbound Poliedro 2026,2.0,2026-07-15,,
006N400000lFnDRIA0,001N4000009N1KnIAK,Conviver,132514.67,2026-07-14,2026-07-15,2026-07-14 20:09:08,4,4,4,Proposta tabela,open,1,0,3,0,0,0.0,Prospecção,500-750,A - Referência,900.0,Alta,176.0,305.0,28.0,79.0,Cachoeirinha,RS,Censo Escolar 2021,Não segue orientação religiosa específica,,005N400000OGlrZIAT,R$ 1.000 a R$ 1.500,2027,Anglo,2.0,1.0,3 - Não,1.0,Inbound Poliedro 2026,2.0,2026-07-15,,
006N400000lJHOlIAO,001N400000NlEzYIAV,Poliedro,417013.97,2026-07-15,2026-08-11,2026-07-15 14:26:12,6,6,6,Negociação e ajuste financeiro,open,27,0,5,0,0,0.0,Prospecção,Acima de 1.000,C - Estruturação,625.0,Alta,625.0,538.0,98.0,0.0,Ribeirão Preto,SP,Censo Escolar 2023,Não segue orientação religiosa específica,,0054v00000EkXMDAA3,R$ 1.500 a R$ 2.000,2026,Livros Didáticos,6.0,1.0,1 - Sim,1.0,Inbound Poliedro 2026,1.0,2026-08-11,,
006N400000lKjIrIAK,001N400000EckGLIAZ,Polígono,100606.9,2026-07-15,2026-08-14,2026-07-15 15:03:56,5,5,5,Proposta personalizada,open,30,0,4,0,0,9.0,Prospecção,0-250,B - Aceleração,675.0,Baixa,82.0,66.0,0.0,0.0,Ribeirão das Neves,MG,Censo Escolar 2021,Não segue orientação religiosa específica,,005N400000OGlMvIAL,R$ 500 a R$ 1.000,2026,SAE Digital,3.0,1.0,1 - Sim,,,1.0,2026-08-14,,
006N400000lRR5tIAG,0016g00000BIRZKAA5,Polígono,0.0,2026-07-16,2026-07-16,2026-07-16 13:08:57,1,1,1,Solicitação de material,open,0,0,0,0,0,,,,,,,,,,,,,,,,,,,,,1.0,3 - Não,,,1.0,2026-07-16,,
006N400000lSo8TIAS,001N400000yvLgJIAU,Polígono,64090.75,2026-07-16,2026-08-03,2026-07-16 14:46:50,5,5,5,Proposta personalizada,open,18,0,4,0,0,0.0,Prospecção,Sem Dados,Sem Clusterização Comercial em 2026,0.0,Média,0.0,0.0,0.0,0.0,Natal,RN,Fale Conosco,Não segue orientação religiosa específica,,005N400000DevL3IAJ,R$ 1.000 a R$ 1.500,2026,Material Próprio,4.0,1.0,3 - Não,2.0,Diálogos Poliedro - Expoeduc | Inbound Poliedro 2026,2.0,2026-08-03,,
006N400000lT57iIAC,001N400000vvO4vIAE,Conviver,123010.0,2026-07-16,2026-08-07,2026-07-16 15:44:33,3,3,3,Validação pedagógica,open,22,0,2,0,0,0.0,Prospecção,Sem Dados,Sem Clusterização Comercial em 2026,0.0,Alta,0.0,0.0,0.0,0.0,Santo André,SP,SDR,Não segue orientação religiosa específica,,005N400000P4NcLIAV,R$ 2.500 a R$ 3.000,2027,Livros Didáticos,2.0,1.0,3 - Não,1.0,Seja uma Escola Associada 2026,2.0,2026-08-07,,
006N400000lVpCrIAK,001N400000hed2FIAQ,,0.0,2026-07-16,2026-07-16,2026-07-16 19:47:14,1,1,1,Solicitação de material,open,0,0,0,0,0,,Prospecção,0-250,C - Estruturação,525.0,Não prioritária,0.0,0.0,79.0,0.0,Fazenda Rio Grande,PR,Censo Escolar 2023,Não segue orientação religiosa específica,,005N400000Q8sVmIAJ,R$ 500 a R$ 1.000,2027,Nenhum,1.0,1.0,3 - Não,1.0,Inbound Poliedro 2026,1.0,2026-07-16,,
006N400000lVtzeIAC,0014v00002Ujw4LAAR,Polígono,229838.22,2026-07-16,2026-07-16,2026-07-16 20:25:27,6,6,6,Negociação e ajuste financeiro,open,0,0,5,0,0,0.0,Prospecção,250-500,B - Aceleração,700.0,Média,86.0,117.0,13.0,83.0,Balneário Camboriú,SC,Censo Escolar 2019,Não segue orientação religiosa específica,,005N400000PJiOjIAL,R$ 1.000 a R$ 1.500,2027,Positivo,7.0,1.0,1 - Sim,1.0,Inbound Poliedro 2026,3.0,2026-07-16,,
006N400000lWBN3IAO,0014v00002Ujw4LAAR,Conviver,112296.27,2026-07-16,2026-07-16,2026-07-16 20:26:46,6,6,6,Negociação e ajuste financeiro,open,0,0,5,0,0,0.0,Prospecção,250-500,B - Aceleração,700.0,Média,86.0,117.0,13.0,83.0,Balneário Camboriú,SC,Censo Escolar 2019,Não segue orientação religiosa específica,,005N400000PJiOjIAL,R$ 1.000 a R$ 1.500,2027,Positivo,7.0,1.0,1 - Sim,1.0,Inbound Poliedro 2026,3.0,2026-07-16,,
006N400000lZgirIAC,0014v00002gg06dAAA,Polígono,302168.44,2026-07-17,2026-07-17,2026-07-17 13:32:42,1,1,1,Solicitação de material,open,0,0,0,0,0,,Prospecção,250-500,C - Estruturação,625.0,Média,135.0,208.0,42.0,59.0,Macaé,RJ,Censo Escolar 2021,Não segue orientação religiosa específica,,005N400000Of55xIAB,R$ 1.000 a R$ 1.500,2027,Positivo,3.0,1.0,3 - Não,1.0,Relatório Enem,1.0,2026-07-17,,
006N400000laIwDIAU,001N400000heKy9IAE,Polígono,128543.0,2026-07-17,2026-07-17,2026-07-17 14:16:11,1,1,1,Solicitação de material,open,0,0,0,0,0,,Prospecção,0-250,D - Capilaridade,450.0,Não prioritária,17.0,91.0,0.0,0.0,Jaboticabal,SP,Censo Escolar 2023,Não segue orientação religiosa específica,,005N400000Of3liIAB,R$ 500 a R$ 1.000,2026,FTD,1.0,1.0,3 - Não,,,1.0,2026-07-17,,
006N400000ldLccIAE,001N400000hf3JBIAY,Polígono,10940.3,2026-07-17,2026-07-29,2026-07-17 20:11:55,4,4,4,Proposta tabela,open,12,0,3,0,0,0.0,Prospecção,0-250,D - Capilaridade,350.0,Não prioritária,0.0,0.0,12.0,0.0,Limeira,SP,Censo Escolar 2023,Não segue orientação religiosa específica,,005N400000OeNBQIA3,R$ 500 a R$ 1.000,2027,FTD,3.0,1.0,3 - Não,1.0,Inbound Poliedro 2026,1.0,2026-07-29,,
006N400000lduqTIAQ,001N400000heaHOIAY,Polígono,13440.94,2026-07-17,2026-07-29,2026-07-17 20:23:04,2,2,2,Material entregue,open,12,0,1,0,0,12.0,Prospecção,0-250,D - Capilaridade,450.0,Não prioritária,0.0,0.0,18.0,0.0,Indaiatuba,SP,Censo Escolar 2023,,,005N400000OeNBQIA3,Sem informação,Sem Dados,Sem Dados,2.0,1.0,3 - Não,,,1.0,2026-07-29,,
006N400000lnQhUIAU,001N400000he9hFIAQ,Polígono,99161.2,2026-07-20,2026-07-20,2026-07-20 17:36:45,1,1,1,Solicitação de material,open,0,0,0,0,0,,Prospecção,0-250,C - Estruturação,625.0,Não prioritária,49.0,71.0,21.0,0.0,Brasília,DF,Censo Escolar 2023,Não segue orientação religiosa específica,,005N400000Q8sVmIAJ,R$ 500 a R$ 1.000,2027,Somos,1.0,1.0,3 - Não,,,1.0,2026-07-20,,
006N400000lpK4uIAE,001N400000yEmrsIAC,Polígono,17236.55,2026-07-20,2026-07-24,2026-07-20 20:07:23,12,12,12,Contrato assinado,won,4,1,10,0,0,3.0,Prospecção,Sem Dados,Sem Clusterização Comercial em 2026,0.0,Não prioritária,0.0,0.0,0.0,0.0,Sinop,MT,Fale Conosco,Não segue orientação religiosa específica,,005N400000NsHxxIAF,R$ 500 a R$ 1.000,2026,Fibonacci,3.0,1.0,3 - Não,2.0,Inbound Polígono 2026 | Seja uma Escola Associada 2026,1.0,2026-07-24,,1.0
006N400000lviMGIAY,001N40000104YllIAE,Poliedro,36926.4,2026-07-21,2026-07-21,2026-07-21 18:03:58,5,5,5,Proposta personalizada,open,0,0,4,0,0,0.0,,,,,,,,,,,,,,,,,,,,1.0,3 - Não,,,1.0,2026-07-21,,
006N400000lwtInIAI,001N400000A257XIAR,Polígono,154854.45,2026-07-21,2026-07-21,2026-07-21 18:20:07,5,5,5,Proposta personalizada,open,0,0,4,0,0,0.0,,,,,,,,,,,,,,,,,,,,1.0,3 - Não,,,2.0,2026-08-05,,
006N400000m1GQVIA2,001N400000hei9cIAA,Polígono,330028.3,2026-07-22,2026-08-14,2026-07-22 13:59:59,3,3,3,Validação pedagógica,open,23,0,2,0,0,0.0,Prospecção,250-500,D - Capilaridade,475.0,Média,39.0,307.0,100.0,0.0,Goiânia,GO,Censo Escolar 2023,Não segue orientação religiosa específica,,005N400000PA8nVIAT,R$ 1.500 a R$ 2.000,2026,FTD,7.0,1.0,3 - Não,,,2.0,2026-08-14,Análise de Impacto de Escola Associada,
006N400000m2Wt1IAE,001N400000ztwpvIAA,Polígono,81813.8,2026-07-22,2026-08-07,2026-07-22 14:31:00,4,4,4,Oportunidade perdida,lost,16,0,3,0,0,9.0,,,,,,,,,,,,,,,,,,,,1.0,3 - Não,1.0,Inbound Polígono 2026,1.0,2026-08-07,Escola não adota sistema de ensino,0.0
006N400000m4UDZIA2,001N400000HQOPtIAP,Polígono,53889.6,2026-07-22,2026-08-12,2026-07-22 17:51:18,5,5,5,Proposta personalizada,open,21,0,4,0,0,0.0,Prospecção,0-250,C - Estruturação,525.0,Não prioritária,0.0,27.0,63.0,0.0,Araguari,MG,Censo Escolar/Fale conosco,,,0054v00000EkfjPAAR,R$ 1.000 a R$ 1.500,Sem Dados,Material Próprio,7.0,1.0,3 - Não,,,2.0,2026-08-12,Análise de Impacto de Escola Associada,
006N400000m8GYeIAM,001N400000Ep3qQIAR,Poliedro,34593.68,2026-07-23,2026-07-23,2026-07-23 12:38:42,3,3,3,Validação pedagógica,open,0,0,2,0,0,0.0,Prospecção,0-250,B - Aceleração,675.0,Baixa,0.0,0.0,76.0,0.0,Caxias do Sul,RS,Censo Escolar 2021,Não segue orientação religiosa específica,,005N400000OGlrZIAT,R$ 1.000 a R$ 1.500,Sem Dados,Livros Didáticos,3.0,1.0,3 - Não,,,2.0,2026-08-14,,
006N400000m8nUbIAI,001N400000NlGLFIA3,Conviver,62242.04,2026-07-23,2026-07-23,2026-07-23 13:56:38,1,1,1,Solicitação de material,open,0,0,0,0,0,,Prospecção,250-500,A - Referência,825.0,Alta,82.0,110.0,51.0,50.0,Ribeirão Pires,SP,Censo Escolar 2023,,,005N400000P4NcLIAV,R$ 1.000 a R$ 1.500,2026,Positivo,1.0,1.0,3 - Não,,,2.0,2026-07-23,,
006N400000m8qiaIAA,001N400000NlGLFIA3,Polígono,188218.26,2026-07-23,2026-07-23,2026-07-23 13:56:13,1,1,1,Solicitação de material,open,0,0,0,0,0,,Prospecção,250-500,A - Referência,825.0,Alta,82.0,110.0,51.0,50.0,Ribeirão Pires,SP,Censo Escolar 2023,,,005N400000P4NcLIAV,R$ 1.000 a R$ 1.500,2026,Positivo,1.0,1.0,3 - Não,,,2.0,2026-07-23,,
006N400000m90RmIAI,001N400000Ep3qQIAR,Conviver,18697.52,2026-07-23,2026-08-14,2026-07-23 12:42:22,3,3,3,Validação pedagógica,open,22,0,2,0,0,0.0,Prospecção,0-250,B - Aceleração,675.0,Baixa,0.0,0.0,76.0,0.0,Caxias do Sul,RS,Censo Escolar 2021,Não segue orientação religiosa específica,,005N400000OGlrZIAT,R$ 1.000 a R$ 1.500,Sem Dados,Livros Didáticos,3.0,1.0,3 - Não,,,2.0,2026-08-14,,
006N400000mC6veIAC,001N400000NlAd3IAF,Polígono,99223.64,2026-07-23,2026-07-23,2026-07-23 18:14:36,1,1,1,Solicitação de material,open,0,0,0,0,0,,Prospecção,0-250,C - Estruturação,525.0,Média,46.0,73.0,19.0,0.0,Paulo Afonso,BA,Censo Escolar 2023,Não segue orientação religiosa específica,,005N400000Dew5pIAB,R$ 100 a R$ 500,2026,Geekie One,4.0,1.0,3 - Não,1.0,Inbound Poliedro 2026,1.0,2026-07-23,,
006N400000mJAeLIAW,001N400000heLCpIAM,Polígono,12503.2,2026-07-24,2026-07-24,2026-07-24 17:01:34,1,1,1,Solicitação de material,open,0,0,0,0,0,,Prospecção,0-250,D - Capilaridade,375.0,Não prioritária,0.0,0.0,37.0,0.0,São Paulo,SP,Censo Escolar 2023,,,005N400000OePRkIAN,Sem informação,Sem Dados,Sem Dados,1.0,1.0,3 - Não,,,1.0,2026-07-24,,
006N400000mL0MLIA0,001N400000hf3MZIAY,Poliedro,46609.89,2026-07-24,2026-07-29,2026-07-24 19:58:46,4,4,4,Proposta tabela,open,5,0,3,0,0,5.0,Prospecção,0-250,D - Capilaridade,450.0,Não prioritária,0.0,0.0,37.0,0.0,Leme,SP,Censo Escolar 2023,Não segue orientação religiosa específica,,0054v00000EkXMDAA3,R$ 500 a R$ 1.000,2026,Jean Piaget,4.0,1.0,1 - Sim,,,1.0,2026-07-29,,
006N400000mSZtmIAG,001N400000HvzPyIAJ,Poliedro,399699.02,2026-07-27,2026-08-14,2026-07-27 16:44:55,5,5,5,Oportunidade perdida,lost,18,0,4,0,0,7.0,Prospecção,0-250,C - Estruturação,575.0,Alta,63.0,137.0,31.0,0.0,Gravataí,RS,Censo Escolar 2021,Não segue orientação religiosa específica,,005N400000OGlrZIAT,R$ 500 a R$ 1.000,2027,FTD,2.0,1.0,3 - Não,1.0,Inbound Polígono 2026,2.0,2026-08-07,Satisfação com serviço do atual parceiro,0.0
006N400000mWWihIAG,001N400000wji0UIAQ,Polígono,104291.52,2026-07-27,2026-07-28,2026-07-27 20:25:26,2,2,2,Oportunidade perdida,lost,1,0,1,0,0,1.0,Prospecção,Sem Dados,Sem Clusterização Comercial em 2026,0.0,Não prioritária,0.0,0.0,0.0,0.0,Porto Velho,RO,Prospeccao_ativa,Católica,,005N400000NsHxxIAF,Sem informação,Sem Dados,Sem Dados,5.0,1.0,1 - Sim,,,2.0,2026-07-28,Análise de Impacto de Escola Associada,0.0
006N400000meOrDIAU,0014v00002m7AqgAAE,Poliedro,751445.22,2026-07-28,2026-08-14,2026-07-28 21:55:17,2,2,2,Material entregue,open,17,0,1,0,0,17.0,Prospecção,500-750,B - Aceleração,725.0,Alta,220.0,281.0,91.0,84.0,Fortaleza,CE,Censo Escolar 2021,Não segue orientação religiosa específica,,005N400000P9zIoIAJ,R$ 100 a R$ 500,2026,FTD,1.0,1.0,3 - Não,1.0,Diálogos Fortaleza 2026-04-16,1.0,2026-08-14,,
006N400000miQpZIAU,001N40000112Qi5IAE,Polígono,71380.63,2026-07-29,2026-08-07,2026-07-29 13:41:43,11,11,11,Contrato assinado,won,9,1,9,0,0,2.0,Prospecção,Sem Dados,Sem Clusterização Comercial em 2026,0.0,Não prioritária,0.0,0.0,0.0,0.0,Jataí,GO,Prospeccao_ativa,Não segue orientação religiosa específica,,005N400000PA8nVIAT,R$ 1.000 a R$ 1.500,2026,Pitágoras,3.0,1.0,1 - Sim,,,1.0,2026-08-07,,1.0
006N400000midGjIAI,001N40000111CHSIA2,Polígono,111050.8,2026-07-29,2026-08-04,2026-07-29 14:30:39,3,3,3,Validação pedagógica,open,6,0,2,0,0,0.0,Prospecção,Sem Dados,Sem Clusterização Comercial em 2026,0.0,Média,0.0,0.0,0.0,0.0,Duque de Caxias,RJ,SDR,Não segue orientação religiosa específica,,005N400000Of55xIAB,R$ 1.000 a R$ 1.500,2026,Material Próprio,1.0,1.0,3 - Não,,,2.0,2026-08-04,,
006N400000mjrxNIAQ,001N40000111CHSIA2,Poliedro,111880.8,2026-07-29,2026-08-04,2026-07-29 15:39:13,3,3,3,Validação pedagógica,open,6,0,2,0,0,0.0,Prospecção,Sem Dados,Sem Clusterização Comercial em 2026,0.0,Média,0.0,0.0,0.0,0.0,Duque de Caxias,RJ,SDR,Não segue orientação religiosa específica,,005N400000Of55xIAB,R$ 1.000 a R$ 1.500,2026,Material Próprio,1.0,1.0,3 - Não,,,2.0,2026-08-04,,
006N400000mjsTkIAI,0014v00002muALYAA2,Polígono,341891.9,2026-07-29,2026-08-04,2026-07-29 17:18:41,2,2,2,Material entregue,open,6,0,1,0,0,6.0,Prospecção,250-500,B - Aceleração,650.0,Alta,148.0,259.0,60.0,0.0,Natal,RN,Censo Escolar 2021,Não segue orientação religiosa específica,,005N400000DAk0TIAT,R$ 100 a R$ 500,2026,FTD,5.0,1.0,3 - Não,1.0,Diálogos Poliedro - Expoeduc,1.0,2026-08-04,,
006N400000mkH0cIAE,0014v00002hwkyQAAQ,Polígono,0.0,2026-07-29,2026-07-29,2026-07-29 17:21:44,1,1,1,Solicitação de material,open,0,0,0,0,0,,Prospecção,250-500,C - Estruturação,625.0,Alta,104.0,164.0,61.0,0.0,Natal,RN,Censo Escolar 2021,,,005N400000DAk0TIAT,R$ 100 a R$ 500,2026,FTD,2.0,1.0,3 - Não,1.0,Diálogos Poliedro - Expoeduc,1.0,2026-07-29,,
006N400000mlXYDIA2,001N400000Awl42IAB,Poliedro,50069.8,2026-07-29,2026-07-29,2026-07-29 19:51:31,1,1,1,Solicitação de material,open,0,0,0,0,0,,Prospecção,250-500,C - Estruturação,500.0,Média,40.0,251.0,54.0,0.0,Recife,PE,Censo Escolar 2021,Não segue orientação religiosa específica,,0056g0000034OkZAAU,R$ 500 a R$ 1.000,2026,Etapa,1.0,1.0,3 - Não,,,1.0,2026-07-29,,
006N400000mm9DRIAY,0014v00002ZitaVAAR,Poliedro,268017.98,2026-07-29,2026-08-06,2026-07-29 19:04:59,11,11,11,Enviado para a assinatura,open,8,1,9,0,0,0.0,Prospecção,Sem Dados,D - Capilaridade,350.0,Alta,0.0,0.0,0.0,0.0,João Pessoa,PB,Prospeccao_ativa,Não segue orientação religiosa específica,,005N400000DevL3IAJ,R$ 1.500 a R$ 2.000,2026,PH,4.0,1.0,3 - Não,,,2.0,2026-08-06,Preço de venda abaixo do perfil do sistema de ensino,
006N400000mmCxmIAE,001N40000110w9PIAQ,Polígono,25006.4,2026-07-29,2026-08-14,2026-07-29 19:46:08,4,4,4,Oportunidade perdida,lost,16,0,3,0,0,4.0,,,,,,,,,,,,,,,,,,,,1.0,1 - Sim,,,2.0,2026-08-14,Perda automática por higienização,0.0
006N400000mmPdDIAU,0016g00000PRTibAAH,Poliedro,366547.2,2026-07-29,2026-07-29,2026-07-29 20:30:20,3,3,3,Validação pedagógica,open,0,0,2,0,0,0.0,,,,,,,,,,,,,,,,,,,,1.0,3 - Não,,,1.0,2026-07-29,,
006N400000mpWLZIA2,0014v00002KvXUnAAN,Poliedro,637593.94,2026-07-30,2026-07-30,2026-07-30 12:12:11,1,1,1,Solicitação de material,open,0,0,0,0,0,,Prospecção,500-750,A - Referência,875.0,Alta,197.0,286.0,87.0,10.0,Volta Redonda,RJ,Censo Escolar 2019,Não segue orientação religiosa específica,,0054v00000DvfXIAAZ,R$ 1.000 a R$ 1.500,2027,Pitágoras,,1.0,3 - Não,,,1.0,2026-07-30,,
006N400000msii2IAA,001N400000HliOrIAJ,Polígono,128050.0,2026-07-30,2026-07-30,2026-07-30 17:45:44,1,1,1,Solicitação de material,open,0,0,0,0,0,,Prospecção,0-250,C - Estruturação,625.0,Baixa,51.0,54.0,21.0,37.0,Machado,MG,Censo Escolar 2021,,,005N400000Of3liIAB,R$ 500 a R$ 1.000,Sem Dados,Pitágoras,2.0,1.0,3 - Não,,,1.0,2026-07-30,,
006N400000mx1yvIAA,0016g00000YfpVwAAJ,Polígono,358440.98,2026-07-31,2026-07-31,2026-07-31 11:23:44,1,1,1,Solicitação de material,open,0,0,0,0,0,,Prospecção,500-750,B - Aceleração,650.0,Alta,175.0,258.0,58.0,61.0,São Bernardo do Campo,SP,Censo Escolar 2019,Não segue orientação religiosa específica,,005N400000P4NcLIAV,R$ 1.000 a R$ 1.500,2027,Anglo,2.0,1.0,3 - Não,,,3.0,2026-07-31,,
006N400000mx2OjIAI,0016g00000YfpVwAAJ,Poliedro,599834.13,2026-07-31,2026-07-31,2026-07-31 11:24:15,1,1,1,Solicitação de material,open,0,0,0,0,0,,Prospecção,500-750,B - Aceleração,650.0,Alta,175.0,258.0,58.0,61.0,São Bernardo do Campo,SP,Censo Escolar 2019,Não segue orientação religiosa específica,,005N400000P4NcLIAV,R$ 1.000 a R$ 1.500,2027,Anglo,2.0,1.0,3 - Não,,,3.0,2026-07-31,,
006N400000mx2oXIAQ,0016g00000YfpVwAAJ,Conviver,0.0,2026-07-31,2026-07-31,2026-07-31 11:24:42,1,1,1,Solicitação de material,open,0,0,0,0,0,,Prospecção,500-750,B - Aceleração,650.0,Alta,175.0,258.0,58.0,61.0,São Bernardo do Campo,SP,Censo Escolar 2019,Não segue orientação religiosa específica,,005N400000P4NcLIAV,R$ 1.000 a R$ 1.500,2027,Anglo,2.0,1.0,3 - Não,,,3.0,2026-07-31,,
006N400000n2JAQIA2,001N400000McUYMIA3,Polígono,165660.0,2026-07-31,2026-07-31,2026-07-31 19:08:57,1,1,1,Solicitação de material,open,0,0,0,0,0,,Prospecção,Acima de 1.000,B - Aceleração,725.0,Não prioritária,294.0,570.0,170.0,0.0,Pouso Alegre,MG,Censo Escolar 2021,Não segue orientação religiosa específica,,005N400000Of3liIAB,R$ 500 a R$ 1.000,2026,Editora Brasil,2.0,1.0,3 - Não,,,1.0,2026-07-31,,
006N400000nD30jIAC,001N400000heBDVIA2,Polígono,18664.0,2026-08-03,2026-08-03,2026-08-03 16:35:40,4,4,4,Proposta tabela,open,0,0,3,0,0,0.0,Prospecção,0-250,D - Capilaridade,475.0,Média,0.0,0.0,34.0,0.0,Osasco,SP,Censo Escolar 2023,Não segue orientação religiosa específica,,005N400000OePRkIAN,R$ 500 a R$ 1.000,2026,COC,4.0,1.0,1 - Sim,1.0,Inbound Poliedro 2026,2.0,2026-08-03,,
006N400000nDyBuIAK,001N400000heBDVIA2,Conviver,14290.8,2026-08-03,2026-08-03,2026-08-03 16:40:36,4,4,4,Proposta tabela,open,0,0,3,0,0,0.0,Prospecção,0-250,D - Capilaridade,475.0,Média,0.0,0.0,34.0,0.0,Osasco,SP,Censo Escolar 2023,Não segue orientação religiosa específica,,005N400000OePRkIAN,R$ 500 a R$ 1.000,2026,COC,4.0,1.0,1 - Sim,1.0,Inbound Poliedro 2026,2.0,2026-08-03,,
006N400000nHsnlIAC,0014v00002gg2eoAAA,Poliedro,461186.28,2026-08-04,2026-08-04,2026-08-04 00:57:48,1,1,1,Solicitação de material,open,0,0,0,0,0,,Prospecção,250-500,B - Aceleração,775.0,Alta,147.0,177.0,64.0,37.0,Jandaia do Sul,PR,Censo Escolar 2021,Católica,Rede Passionista De Educação,005N40000035kTVIAY,R$ 1.000 a R$ 1.500,2027,Positivo,2.0,1.0,3 - Não,2.0,Estudo de Geomarketing | Relatório Enem,1.0,2026-08-04,,
006N400000nJqoJIAS,001N400000NlLjLIAV,Conviver,81125.6,2026-08-04,2026-08-04,2026-08-04 12:38:24,1,1,1,Solicitação de material,open,0,0,0,0,0,,Prospecção,0-250,C - Estruturação,600.0,Alta,80.0,149.0,0.0,0.0,Avaré,SP,Censo Escolar 2023,Não segue orientação religiosa específica,,0054v00000EkXMDAA3,R$ 1.000 a R$ 1.500,2029,Positivo,6.0,1.0,1 - Sim,,,2.0,2026-08-04,,
006N400000nLPf7IAG,001N4000011itMPIAY,Polígono,23434.7,2026-08-04,2026-08-04,2026-08-04 14:18:26,1,1,1,Solicitação de material,open,0,0,0,0,0,,Prospecção,0-250,Sem Clusterização Comercial em 2026,0.0,Não prioritária,0.0,20.0,23.0,0.0,Rio Verde,GO,Fale Conosco,Não segue orientação religiosa específica,,005N400000PA8nVIAT,R$ 500 a R$ 1.000,2026,Material Próprio,2.0,1.0,3 - Não,1.0,Inbound Polígono 2026,1.0,2026-08-04,,
006N400000nMCKuIAO,001N400000NlDJlIAN,Conviver,72548.52,2026-08-04,2026-08-04,2026-08-04 16:36:00,6,6,6,Negociação e ajuste financeiro,open,0,0,5,0,0,0.0,Prospecção,500-750,B - Aceleração,650.0,Alta,183.0,243.0,43.0,94.0,Guarulhos,SP,Censo Escolar 2023,,,005N400000P4NcLIAV,R$ 1.500 a R$ 2.000,2026,Geekie One,10.0,1.0,1 - Sim,2.0,Diálogos Bett Brasil 2026-05-07 | Relatório Enem,2.0,2026-08-04,,
006N400000nMJChIAO,001N400000Nl9Y2IAJ,Polígono,123946.08,2026-08-04,2026-08-04,2026-08-04 17:10:54,1,1,1,Solicitação de material,open,0,0,0,0,0,,Prospecção,0-250,C - Estruturação,525.0,Média,0.0,154.0,63.0,0.0,Petrópolis,RJ,Censo Escolar 2023,Não segue orientação religiosa específica,,005N400000DAfNPIA1,R$ 2.000 a R$ 2.500,2026,AZ - Conexia Educação,1.0,1.0,3 - Não,1.0,Inbound Poliedro 2026,2.0,2026-08-04,,
006N400000nNAdZIAW,001N400000Nl9Y2IAJ,Conviver,50680.12,2026-08-04,2026-08-04,2026-08-04 17:22:56,1,1,1,Solicitação de material,open,0,0,0,0,0,,Prospecção,0-250,C - Estruturação,525.0,Média,0.0,154.0,63.0,0.0,Petrópolis,RJ,Censo Escolar 2023,Não segue orientação religiosa específica,,005N400000DAfNPIA1,R$ 2.000 a R$ 2.500,2026,AZ - Conexia Educação,1.0,1.0,3 - Não,1.0,Inbound Poliedro 2026,2.0,2026-08-04,,
006N400000nNKczIAG,001N400000hf3MHIAY,Polígono,18754.8,2026-08-04,2026-08-04,2026-08-04 18:57:08,1,1,1,Solicitação de material,open,0,0,0,0,0,,Prospecção,0-250,D - Capilaridade,450.0,Não prioritária,0.0,0.0,25.0,0.0,Orlândia,SP,Censo Escolar 2023,Não segue orientação religiosa específica,,005N400000Of3liIAB,R$ 500 a R$ 1.000,2026,Material Próprio,1.0,1.0,3 - Não,,,1.0,2026-08-04,,
006N400000nOALQIA4,001N400000NlF2qIAF,Polígono,182555.63,2026-08-04,2026-08-11,2026-08-04 19:34:47,4,4,4,Proposta tabela,open,7,0,3,0,0,0.0,Prospecção,0-250,C - Estruturação,575.0,Não prioritária,82.0,87.0,36.0,0.0,Teresina,PI,Censo Escolar 2023,,,0054v00000DjxE1AAJ,Sem informação,Sem Dados,Sem Dados,3.0,1.0,3 - Não,,,1.0,2026-08-11,,
006N400000nOoU9IAK,001N400000FBjCXIA1,Polígono,176334.34,2026-08-04,2026-08-04,2026-08-04 22:14:34,2,2,2,Material entregue,open,0,0,1,0,0,0.0,Prospecção,250-500,C - Estruturação,625.0,Alta,81.0,141.0,45.0,0.0,Natal,RN,Censo Escolar 2021,Não segue orientação religiosa específica,,005N400000DAk0TIAT,R$ 100 a R$ 500,2026,FTD,2.0,1.0,3 - Não,,,1.0,2026-08-04,,
006N400000nPE1yIAG,001N400000B4jEnIAJ,Poliedro,125865.9,2026-08-04,2026-08-04,2026-08-04 20:39:01,1,1,1,Solicitação de material,open,0,0,0,0,0,,Prospecção,250-500,B - Aceleração,675.0,Alta,154.0,207.0,18.0,93.0,Rio de Janeiro,RJ,Censo Escolar 2019,Não segue orientação religiosa específica,,005N400000Of55xIAB,R$ 500 a R$ 1.000,2026,Livros Didáticos,3.0,1.0,3 - Não,1.0,Inbound Poliedro 2026,1.0,2026-08-04,,
006N400000nPEd3IAG,0014v00002hvYO4AAM,Poliedro,209776.5,2026-08-04,2026-08-04,2026-08-04 20:39:57,1,1,1,Solicitação de material,open,0,0,0,0,0,,Prospecção,250-500,B - Aceleração,700.0,Alta,133.0,157.0,9.0,52.0,Rio de Janeiro,RJ,Censo Escolar 2021,Não segue orientação religiosa específica,,005N400000Of55xIAB,R$ 500 a R$ 1.000,2026,SAE Digital,1.0,1.0,3 - Não,,,1.0,2026-08-04,,
006N400000nPFE9IAO,001N400000zsgwzIAA,Polígono,90847.56,2026-08-04,2026-08-04,2026-08-04 20:41:16,1,1,1,Solicitação de material,open,0,0,0,0,0,,Prospecção,Sem Dados,Sem Clusterização Comercial em 2026,0.0,Não prioritária,0.0,0.0,0.0,0.0,Rio de Janeiro,RJ,SDR,Não segue orientação religiosa específica,,005N400000Of55xIAB,R$ 1.500 a R$ 2.000,2026,Mackenzie,2.0,1.0,3 - Não,,,1.0,2026-08-04,,
006N400000nRJDfIAO,001N400000A257XIAR,Poliedro,205108.96,2026-08-05,2026-08-05,2026-08-05 11:39:54,1,1,1,Solicitação de material,open,0,0,0,0,0,,,,,,,,,,,,,,,,,,,,,1.0,3 - Não,,,2.0,2026-08-05,,
006N400000nSRSTIA4,0014v00002sx9M9AAI,Polígono,0.0,2026-08-05,2026-08-05,2026-08-05 13:04:04,1,1,1,Solicitação de material,open,0,0,0,0,0,,Prospecção,Sem Dados,D - Capilaridade,200.0,Não prioritária,0.0,0.0,0.0,0.0,Caruaru,PE,Fale Conosco,Não segue orientação religiosa específica,,005N400000DAk0TIAT,R$ 500 a R$ 1.000,2026,Conquista,,1.0,3 - Não,,,1.0,2026-08-05,,
006N400000nVCQWIA4,001N400000hhqnUIAQ,Poliedro,88106.13,2026-08-05,2026-08-05,2026-08-05 17:47:32,2,2,2,Material entregue,open,0,0,1,0,0,0.0,Prospecção,0-250,D - Capilaridade,450.0,Não prioritária,0.0,0.0,0.0,63.0,Avaré,SP,Censo Escolar 2021,,,005N400000OeNBQIA3,Sem informação,Sem Dados,Sem Dados,1.0,1.0,3 - Não,,,2.0,2026-08-05,,
006N400000nVbzyIAC,001N400000hhqnUIAQ,Polígono,56977.2,2026-08-05,2026-08-05,2026-08-05 17:46:48,2,2,2,Material entregue,open,0,0,1,0,0,0.0,Prospecção,0-250,D - Capilaridade,450.0,Não prioritária,0.0,0.0,0.0,63.0,Avaré,SP,Censo Escolar 2021,,,005N400000OeNBQIA3,Sem informação,Sem Dados,Sem Dados,1.0,1.0,3 - Não,,,2.0,2026-08-05,,
006N400000nW5RnIAK,001N400000Nl9ZGIAZ,Polígono,82048.6,2026-08-05,2026-08-05,2026-08-05 18:51:38,1,1,1,Solicitação de material,open,0,0,0,0,0,,Prospecção,0-250,D - Capilaridade,475.0,Não prioritária,0.0,93.0,46.0,0.0,Natal,RN,Censo Escolar 2023,Não segue orientação religiosa específica,,005N400000DAk0TIAT,R$ 100 a R$ 500,2029,FTD,,1.0,3 - Não,,,1.0,2026-08-05,,
006N400000nWCjNIAW,0014v00002htmhGAAQ,Poliedro,250466.67,2026-08-05,2026-08-07,2026-08-05 18:36:10,3,3,3,Validação pedagógica,open,2,0,2,0,0,0.0,Prospecção,0-250,B - Aceleração,700.0,Baixa,96.0,62.0,15.0,50.0,Bragança Paulista,SP,Censo Escolar 2021,Não segue orientação religiosa específica,,005N40000035sinIAA,R$ 500 a R$ 1.000,2028,SAE Digital,,1.0,3 - Não,,,1.0,2026-08-07,,
006N400000nXFfCIAW,001N4000011yArTIAU,Poliedro,541568.14,2026-08-05,2026-08-13,2026-08-05 20:34:43,3,3,3,Validação pedagógica,open,8,0,2,0,0,3.0,,,,,,,,,,,,,,,,,,,,1.0,3 - Não,,,1.0,2026-08-13,,
006N400000nY2bCIAS,001N4000010uHx3IAE,Polígono,45713.0,2026-08-06,2026-08-06,2026-08-06 03:39:00,1,1,1,Solicitação de material,open,0,0,0,0,0,,Prospecção,Sem Dados,C - Estruturação,0.0,Média,0.0,0.0,0.0,0.0,Rio de Janeiro,RJ,Fale Conosco,Não segue orientação religiosa específica,,0054v00000DvfXIAAZ,R$ 500 a R$ 1.000,2027,Positivo,1.0,1.0,3 - Não,1.0,Inbound Polígono 2026,1.0,2026-08-06,,
006N400000naFfRIAU,0014v00002m7B6BAAU,Polígono,0.0,2026-08-06,2026-08-06,2026-08-06 13:02:28,1,1,1,Solicitação de material,open,0,0,0,0,0,,Prospecção,250-500,D - Capilaridade,475.0,Média,156.0,179.0,86.0,61.0,Fortaleza,CE,Censo Escolar 2021,Não segue orientação religiosa específica,,005N400000P9zIoIAJ,R$ 500 a R$ 1.000,2027,FTD,1.0,1.0,3 - Não,,,1.0,2026-08-06,,
006N400000nb2ZmIAI,0014v00002NCRYmAAP,Poliedro,10690.96,2026-08-06,2026-08-06,2026-08-06 15:09:35,1,1,1,Solicitação de material,open,0,0,0,0,0,,Prospecção,0-250,C - Estruturação,550.0,Média,0.0,0.0,0.0,40.0,Caxias do Sul,RS,Prospeccao_ativa,Não segue orientação religiosa específica,Instituto Tecbrasil De Educacao E Tecnologia,005N400000OGlrZIAT,R$ 3.000 ou mais,2028,Bernoulli,1.0,1.0,3 - Não,,,1.0,2026-08-06,,
006N400000ndruhIAA,001N400000AHso6IAD,Polígono,344848.2,2026-08-06,2026-08-06,2026-08-06 19:40:10,1,1,1,Solicitação de material,open,0,0,0,0,0,,Prospecção,250-500,C - Estruturação,525.0,Alta,174.0,192.0,0.0,69.0,São Miguel dos Campos,AL,Censo Escolar 2021,Não segue orientação religiosa específica,,0056g0000034OkZAAU,R$ 100 a R$ 500,2026,Pitágoras,1.0,1.0,3 - Não,1.0,Inbound Polígono 2026,1.0,2026-08-06,,
006N400000nfY9ZIAU,001N400000JMa9xIAD,Conviver,52441.9,2026-08-06,2026-08-06,2026-08-06 23:56:39,1,1,1,Solicitação de material,open,0,0,0,0,0,,Prospecção,500-750,B - Aceleração,675.0,Alta,220.0,341.0,84.0,75.0,São Gonçalo,RJ,Censo Escolar 2021,Não segue orientação religiosa específica,,005N400000DAfNPIA1,R$ 500 a R$ 1.000,2026,Editora Brasil,5.0,1.0,3 - Não,1.0,Relatório Enem,2.0,2026-08-06,,
006N400000niO42IAE,001N40000125p0MIAQ,Polígono,66889.2,2026-08-07,2026-08-07,2026-08-07 13:08:25,1,1,1,Solicitação de material,open,0,0,0,0,0,,Prospecção,Sem Dados,Sem Clusterização Comercial em 2026,0.0,Média,0.0,0.0,0.0,0.0,Augusto Pestana,RS,Prospeccao_ativa,Não segue orientação religiosa específica,,005N400000CUSPxIAP,R$ 1.000 a R$ 1.500,2027,Livros Didáticos,3.0,1.0,1 - Sim,,,2.0,2026-08-07,,
006N400000nj4JPIAY,001N400000NlDDgIAN,Polígono,321826.96,2026-08-07,2026-08-07,2026-08-07 14:04:33,1,1,1,Solicitação de material,open,0,0,0,0,0,,Prospecção,250-500,A - Referência,800.0,Alta,158.0,203.0,90.0,26.0,Guarulhos,SP,Censo Escolar 2023,Não segue orientação religiosa específica,,005N400000P4NcLIAV,R$ 1.000 a R$ 1.500,2027,Bernoulli,5.0,1.0,3 - Não,,,2.0,2026-08-07,,
006N400000nj4RUIAY,001N400000NlDDgIAN,Conviver,115693.44,2026-08-07,2026-08-07,2026-08-07 14:08:41,1,1,1,Solicitação de material,open,0,0,0,0,0,,Prospecção,250-500,A - Referência,800.0,Alta,158.0,203.0,90.0,26.0,Guarulhos,SP,Censo Escolar 2023,Não segue orientação religiosa específica,,005N400000P4NcLIAV,R$ 1.000 a R$ 1.500,2027,Bernoulli,5.0,1.0,3 - Não,,,2.0,2026-08-07,,
006N400000njGdtIAE,001N400000OsqX3IAJ,Conviver,96640.61,2026-08-07,2026-08-07,2026-08-07 13:50:20,1,1,1,Solicitação de material,open,0,0,0,0,0,,Prospecção,250-500,B - Aceleração,550.0,Média,210.0,0.0,0.0,95.0,Toledo,PR,Fale Conosco,Não segue orientação religiosa específica,,005N400000Q8sVmIAJ,R$ 500 a R$ 1.000,2026,FTD,1.0,1.0,3 - Não,1.0,Inbound Poliedro 2025,2.0,2026-08-07,,
006N400000njIcTIAU,001N400000OsqX3IAJ,Polígono,432989.94,2026-08-07,2026-08-07,2026-08-07 13:51:56,1,1,1,Solicitação de material,open,0,0,0,0,0,,Prospecção,250-500,B - Aceleração,550.0,Média,210.0,0.0,0.0,95.0,Toledo,PR,Fale Conosco,Não segue orientação religiosa específica,,005N400000Q8sVmIAJ,R$ 500 a R$ 1.000,2026,FTD,1.0,1.0,3 - Não,1.0,Inbound Poliedro 2025,2.0,2026-08-07,,
006N400000njVeXIAU,0014v00002sdBKSAA2,Poliedro,329499.38,2026-08-07,2026-08-07,2026-08-07 14:04:14,1,1,1,Solicitação de material,open,0,0,0,0,0,,Prospecção,0-250,B - Aceleração,650.0,Média,111.0,116.0,12.0,0.0,Belo Horizonte,MG,Censo Escolar/Fale conosco,Não segue orientação religiosa específica,,0054v00000EkfjPAAR,R$ 1.000 a R$ 1.500,Sem Dados,SAS,1.0,1.0,3 - Não,,,1.0,2026-08-07,,
006N400000nlfQAIAY,001N400000HvzPyIAJ,Polígono,156594.4,2026-08-07,2026-08-07,2026-08-07 18:19:19,1,1,1,Solicitação de material,open,0,0,0,0,0,,Prospecção,0-250,C - Estruturação,575.0,Alta,63.0,137.0,31.0,0.0,Gravataí,RS,Censo Escolar 2021,Não segue orientação religiosa específica,,005N400000OGlrZIAT,R$ 500 a R$ 1.000,2027,FTD,2.0,1.0,3 - Não,1.0,Inbound Polígono 2026,2.0,2026-08-07,Satisfação com serviço do atual parceiro,
006N400000nlicTIAQ,0014v00002KvrGdAAJ,Poliedro,887145.64,2026-08-07,2026-08-07,2026-08-07 17:33:16,1,1,1,Solicitação de material,open,0,0,0,0,0,,Prospecção,750-1.000,B - Aceleração,675.0,Alta,253.0,265.0,75.0,168.0,Russas,CE,Censo Escolar 2019,Católica,Rede Cordimariana,0056g00000468kkAAA,R$ 1.000 a R$ 1.500,2028,Bernoulli,2.0,1.0,3 - Não,,,1.0,2026-08-07,,
006N400000nms3ZIAQ,0014v00002mtoFBAAY,Conviver,0.0,2026-08-07,2026-08-07,2026-08-07 20:29:23,1,1,1,Solicitação de material,open,0,0,0,0,0,,Prospecção,250-500,C - Estruturação,600.0,Alta,125.0,217.0,0.0,0.0,São Paulo,SP,Censo Escolar 2021,Não segue orientação religiosa específica,,005N400000Dj7E2IAJ,R$ 2.500 a R$ 3.000,2026,Livros Didáticos,9.0,1.0,1 - Sim,1.0,Estudo de Geomarketing,2.0,2026-08-07,,
006N400000noPv4IAE,001N4000011KXDIIA4,Polígono,75460.94,2026-08-08,2026-08-08,2026-08-08 01:55:12,1,1,1,Solicitação de material,open,0,0,0,0,0,,Prospecção,Sem Dados,D - Capilaridade,0.0,Média,0.0,0.0,0.0,0.0,Cabo Frio,RJ,Prospeccao_ativa,Não segue orientação religiosa específica,,0054v00000DvfXIAAZ,R$ 500 a R$ 1.000,2026,Aude,1.0,1.0,3 - Não,,,1.0,2026-08-08,,
006N400000nrlnlIAA,001N400000heaF3IAI,Polígono,28132.2,2026-08-09,2026-08-09,2026-08-09 23:40:07,1,1,1,Solicitação de material,open,0,0,0,0,0,,Prospecção,0-250,D - Capilaridade,475.0,Não prioritária,0.0,0.0,58.0,0.0,Osasco,SP,Censo Escolar 2023,,,005N400000OePRkIAN,Sem informação,Sem Dados,Sem Dados,1.0,1.0,3 - Não,,,1.0,2026-08-09,,
006N400000nv1XpIAI,001N400000yvLgJIAU,Poliedro,51154.0,2026-08-10,2026-08-10,2026-08-10 13:52:24,5,5,5,Proposta personalizada,open,0,0,4,0,0,0.0,Prospecção,Sem Dados,Sem Clusterização Comercial em 2026,0.0,Média,0.0,0.0,0.0,0.0,Natal,RN,Fale Conosco,Não segue orientação religiosa específica,,005N400000DevL3IAJ,R$ 1.000 a R$ 1.500,2026,Material Próprio,4.0,1.0,3 - Não,2.0,Diálogos Poliedro - Expoeduc | Inbound Poliedro 2026,2.0,2026-08-03,,
006N400000nydX9IAI,001N40000125p0MIAQ,Poliedro,185844.8,2026-08-10,2026-08-10,2026-08-10 19:42:31,1,1,1,Solicitação de material,open,0,0,0,0,0,,Prospecção,Sem Dados,Sem Clusterização Comercial em 2026,0.0,Média,0.0,0.0,0.0,0.0,Augusto Pestana,RS,Prospeccao_ativa,Não segue orientação religiosa específica,,005N400000CUSPxIAP,R$ 1.000 a R$ 1.500,2027,Livros Didáticos,3.0,1.0,1 - Sim,,,2.0,2026-08-07,,
006N400000nzy6HIAQ,001N400000NlGCFIA3,Poliedro,137517.6,2026-08-10,2026-08-10,2026-08-10 20:53:29,1,1,1,Solicitação de material,open,0,0,0,0,0,,Prospecção,0-250,C - Estruturação,525.0,Média,0.0,132.0,79.0,0.0,Itaperuna,RJ,Censo Escolar 2023,Não segue orientação religiosa específica,,005N400000Of55xIAB,R$ 500 a R$ 1.000,2027,Moderna Compartilha,1.0,1.0,3 - Não,,,1.0,2026-08-10,,
006N400000o3l8xIAA,001N4000011xTpoIAE,Polígono,49698.0,2026-08-11,2026-08-11,2026-08-11 15:30:39,1,1,1,Solicitação de material,open,0,0,0,0,0,,Prospecção,Sem Dados,Sem Clusterização Comercial em 2026,0.0,Não prioritária,0.0,0.0,0.0,0.0,Sorriso,MT,Fale Conosco,Católica,,005N400000NsHxxIAF,R$ 1.000 a R$ 1.500,2026,Livros Didáticos,,1.0,3 - Não,1.0,Inbound Poliedro 2026,2.0,2026-08-11,,
006N400000o4bqbIAA,001N4000011xTpoIAE,Poliedro,82489.8,2026-08-11,2026-08-11,2026-08-11 15:29:59,1,1,1,Solicitação de material,open,0,0,0,0,0,,Prospecção,Sem Dados,Sem Clusterização Comercial em 2026,0.0,Não prioritária,0.0,0.0,0.0,0.0,Sorriso,MT,Fale Conosco,Católica,,005N400000NsHxxIAF,R$ 1.000 a R$ 1.500,2026,Livros Didáticos,,1.0,3 - Não,1.0,Inbound Poliedro 2026,2.0,2026-08-11,,
006N400000o725EIAQ,001N4000012grs8IAA,Polígono,371415.58,2026-08-11,2026-08-13,2026-08-11 21:04:16,8,8,8,Análise do Jurídico,open,2,0,7,0,0,1.0,Prospecção,Sem Dados,D - Capilaridade,0.0,Média,0.0,0.0,0.0,0.0,Fortaleza,CE,Prospeccao_ativa,Não segue orientação religiosa específica,,005N400000DAk0TIAT,R$ 500 a R$ 1.000,2026,AZ - Conexia Educação,2.0,1.0,3 - Não,,,2.0,2026-08-13,,
006N400000o7bkUIAQ,0014v00002KvoR9AAJ,Polígono,333576.14,2026-08-11,2026-08-11,2026-08-11 21:01:26,1,1,1,Solicitação de material,open,0,0,0,0,0,,Prospecção,250-500,C - Estruturação,575.0,Média,140.0,191.0,83.0,47.0,Fortaleza,CE,Censo Escolar 2019,Não segue orientação religiosa específica,,005N400000P9zIoIAJ,R$ 1.000 a R$ 1.500,2026,Livros Didáticos,3.0,1.0,3 - Não,,,1.0,2026-08-11,,
006N400000o7cgWIAQ,001N400000K5XflIAF,Polígono,257630.12,2026-08-11,2026-08-12,2026-08-11 20:52:32,4,4,4,Proposta tabela,open,1,0,3,0,0,0.0,Prospecção,500-750,B - Aceleração,675.0,Alta,156.0,311.0,106.0,0.0,Ituiutaba,MG,Censo Escolar 2021,Não segue orientação religiosa específica,,0054v00000EkfjPAAR,R$ 500 a R$ 1.000,2027,Farias Brito,2.0,1.0,3 - Não,,,1.0,2026-08-12,,
006N400000oB6QKIA0,001N400000LR2uhIAD,Poliedro,89504.64,2026-08-12,2026-08-12,2026-08-12 14:07:26,1,1,1,Solicitação de material,open,0,0,0,0,0,,Prospecção,0-250,D - Capilaridade,425.0,Alta,0.0,0.0,0.0,64.0,Santa Maria,RS,Censo Escolar 2021,Não segue orientação religiosa específica,,005N400000OGlrZIAT,R$ 1.500 a R$ 2.000,2027,Anglo,3.0,1.0,2 - Agendado,1.0,Relatório Enem,1.0,2026-08-12,,
006N400000oC3RxIAK,001N400000JDlcWIAT,Poliedro,68526.99,2026-08-12,2026-08-12,2026-08-12 14:11:31,1,1,1,Solicitação de material,open,0,0,0,0,0,,Prospecção,750-1.000,A - Referência,875.0,Alta,364.0,453.0,96.0,49.0,Santa Maria,RS,Censo Escolar 2021,Não segue orientação religiosa específica,,005N400000OGlrZIAT,R$ 2.500 a R$ 3.000,2027,Anglo,3.0,1.0,2 - Agendado,1.0,Relatório Enem,1.0,2026-08-12,,
006N400000oCyJnIAK,001N4000012grs8IAA,Conviver,56146.59,2026-08-12,2026-08-13,2026-08-12 15:25:45,9,9,9,Análise do Jurídico,open,1,0,8,0,0,1.0,Prospecção,Sem Dados,D - Capilaridade,0.0,Média,0.0,0.0,0.0,0.0,Fortaleza,CE,Prospeccao_ativa,Não segue orientação religiosa específica,,005N400000DAk0TIAT,R$ 500 a R$ 1.000,2026,AZ - Conexia Educação,2.0,1.0,3 - Não,,,2.0,2026-08-13,,
006N400000oFqj5IAC,0014v00002tZIroAAG,Conviver,32125.43,2026-08-12,2026-08-12,2026-08-12 20:31:21,1,1,1,Solicitação de material,open,0,0,0,0,0,,Prospecção,0-250,B - Aceleração,700.0,Alta,112.0,95.0,24.0,0.0,Arujá,SP,Censo Escolar 2021,,,005N400000P4NcLIAV,R$ 1.500 a R$ 2.000,2029,Objetivo,3.0,1.0,3 - Não,,,1.0,2026-08-12,,
006N400000oGFWBIA4,0014v00002mwjYuAAI,Poliedro,310199.26,2026-08-12,2026-08-12,2026-08-12 21:11:54,1,1,1,Solicitação de material,open,0,0,0,0,0,,Prospecção,250-500,B - Aceleração,675.0,Média,89.0,157.0,50.0,0.0,Loanda,PR,Censo Escolar 2021,Católica,Rede De Ensino Monte Calvário,005N40000035kTVIAY,R$ 500 a R$ 1.000,2027,Positivo,1.0,1.0,3 - Não,,,1.0,2026-08-12,,
006N400000oGeJFIA0,001N400000JcUiDIAV,Poliedro,82963.4,2026-08-12,2026-08-12,2026-08-12 22:45:45,1,1,1,Solicitação de material,open,0,0,0,0,0,,Prospecção,0-250,B - Aceleração,675.0,Não prioritária,74.0,55.0,0.0,0.0,Manaus,AM,Censo Escolar 2021,,,005N400000NsHxxIAF,Sem informação,Sem Dados,Livros Didáticos,,1.0,3 - Não,,,1.0,2026-08-12,,
006N400000oIJIlIAO,001N400000m4PHBIA2,Poliedro,0.0,2026-08-13,2026-08-13,2026-08-13 12:28:41,1,1,1,Solicitação de material,open,0,0,0,0,0,,,,,,,,,,,,,,,,,,,,,1.0,3 - Não,,,2.0,2026-08-13,,
006N400000oIk4QIAS,001N400000NlDJnIAN,Poliedro,48840.5,2026-08-13,2026-08-13,2026-08-13 12:26:25,1,1,1,Solicitação de material,open,0,0,0,0,0,,Prospecção,250-500,C - Estruturação,575.0,Média,135.0,101.0,33.0,102.0,Maceió,AL,Censo Escolar 2023,Não segue orientação religiosa específica,,0056g0000034OkZAAU,R$ 500 a R$ 1.000,2027,Bernoulli,2.0,1.0,2 - Agendado,1.0,Inbound Poliedro 2026,1.0,2026-08-13,,
006N400000oJVgBIAW,001N400000AphZzIAJ,Polígono,118067.97,2026-08-13,2026-08-13,2026-08-13 13:42:44,5,5,5,Proposta personalizada,open,0,0,4,0,0,0.0,Prospecção,0-250,C - Estruturação,525.0,Baixa,0.0,0.0,0.0,148.0,Mamanguape,PB,Censo Escolar 2021,Não segue orientação religiosa específica,,005N400000DevL3IAJ,R$ 500 a R$ 1.000,2026,SAE Digital,1.0,1.0,3 - Não,,,1.0,2026-08-13,,
006N400000oJaHVIA0,001N4000012xCzcIAE,Polígono,170305.95,2026-08-13,2026-08-14,2026-08-13 15:29:11,6,6,6,Documentação enviada,open,1,0,5,0,0,0.0,,,,,,,,,,,,,,,,,,,,1.0,3 - Não,,,1.0,2026-08-14,,
006N400000oMhBCIA0,001N400000CM4vmIAD,Polígono,342011.59,2026-08-13,2026-08-13,2026-08-13 18:21:27,4,4,4,Proposta tabela,open,0,0,3,0,0,0.0,Prospecção,250-500,B - Aceleração,675.0,Média,134.0,161.0,25.0,46.0,Osasco,SP,Censo Escolar/Fale conosco,Não segue orientação religiosa específica,,005N400000Dj7E2IAJ,R$ 500 a R$ 1.000,2028,Pitágoras,1.0,1.0,3 - Não,,,1.0,2026-08-13,,
006N400000oMwerIAC,001N400000BEp9BIAT,Conviver,0.0,2026-08-13,2026-08-13,2026-08-13 17:39:51,1,1,1,Solicitação de material,open,0,0,0,0,0,,Prospecção,0-250,C - Estruturação,600.0,Alta,0.0,164.0,43.0,0.0,Aparecida de Goiânia,GO,Censo Escolar 2021,Católica,Ursulinas,0056g0000034OkWAAU,R$ 1.000 a R$ 1.500,2026,Trilhas,1.0,1.0,3 - Não,,,1.0,2026-08-13,,
006N400000oSL4oIAG,001N400000heakMIAQ,Polígono,0.0,2026-08-14,2026-08-14,2026-08-14 15:39:16,1,1,1,Solicitação de material,open,0,0,0,0,0,,,,,,,,,,,,,,,,,,,,,1.0,3 - Não,,,1.0,2026-08-14,,
006N400000oUy5BIAS,001N40000110w9PIAQ,Poliedro,67047.7,2026-08-14,2026-08-14,2026-08-14 17:35:20,1,1,1,Solicitação de material,open,0,0,0,0,0,,,,,,,,,,,,,,,,,,,,,1.0,1 - Sim,,,2.0,2026-08-14,Perda automática por higienização,
